account_id,customer_id,account_type,balance
ACC0000001,CUST002527,checking,3109.24
ACC0000002,CUST003262,savings,4168.24
ACC0000003,CUST002007,checking,323.39
ACC0000004,CUST000219,credit_card,19305.61
ACC0000005,CUST002886,savings,792.07
ACC0000006,CUST000101,savings,28426.4
ACC0000007,CUST001383,savings,4528.06
ACC0000008,CUST004197,checking,9048.71
ACC0000009,CUST002323,savings,1239.44
ACC0000010,CUST002936,checking,1640.86
ACC0000011,CUST004824,checking,3020.74
ACC0000012,CUST001124,checking,3025.3
ACC0000013,CUST004233,checking,5116.52
ACC0000014,CUST003759,checking,6401.98
ACC0000015,CUST001900,savings,3973.99
ACC0000016,CUST001319,credit_card,13973.49
ACC0000017,CUST001370,checking,3319.07
ACC0000018,CUST002100,checking,524.42
ACC0000019,CUST003197,checking,5122.61
ACC0000020,CUST002256,checking,429.23
ACC0000021,CUST000737,checking,7324.47
ACC0000022,CUST004777,checking,877.51
ACC0000023,CUST001945,checking,2624.54
ACC0000024,CUST004460,savings,1722.0
ACC0000025,CUST000947,checking,3921.58
ACC0000026,CUST001394,checking,5504.32
ACC0000027,CUST003884,savings,4453.55
ACC0000028,CUST001393,checking,28961.94
ACC0000029,CUST004475,checking,4969.64
ACC0000030,CUST002110,credit_card,4990.64
ACC0000031,CUST002285,checking,4644.77
ACC0000032,CUST000021,checking,474.45
ACC0000033,CUST002113,credit_card,688.45
ACC0000034,CUST001545,checking,1086.5
ACC0000035,CUST002740,checking,858.07
ACC0000036,CUST004759,checking,11155.24
ACC0000037,CUST000071,checking,1597.37
ACC0000038,CUST004192,savings,4279.19
ACC0000039,CUST001999,checking,2620.19
ACC0000040,CUST002676,checking,7286.84
ACC0000041,CUST002351,checking,10098.6
ACC0000042,CUST002428,checking,4797.07
ACC0000043,CUST004124,credit_card,497.35
ACC0000044,CUST004726,credit_card,1141.01
ACC0000045,CUST004950,checking,9009.92
ACC0000046,CUST002966,checking,2137.36
ACC0000047,CUST003502,savings,3643.3
ACC0000048,CUST004715,savings,2502.39
ACC0000049,CUST004664,checking,10226.05
ACC0000050,CUST004990,credit_card,24376.79
ACC0000051,CUST000234,checking,1259.39
ACC0000052,CUST000169,checking,3703.35
ACC0000053,CUST002904,checking,8553.4
ACC0000054,CUST000593,savings,11286.95
ACC0000055,CUST004319,savings,5202.85
ACC0000056,CUST003806,savings,870.76
ACC0000057,CUST000633,checking,846.42
ACC0000058,CUST000631,savings,7342.6
ACC0000059,CUST000528,credit_card,989.7
ACC0000060,CUST001710,savings,2812.77
ACC0000061,CUST004225,credit_card,8438.34
ACC0000062,CUST001501,checking,5161.43
ACC0000063,CUST003522,credit_card,8293.57
ACC0000064,CUST002756,checking,4576.55
ACC0000065,CUST003016,checking,1735.89
ACC0000066,CUST000254,checking,11349.13
ACC0000067,CUST003383,savings,1300.32
ACC0000068,CUST002255,credit_card,6308.02
ACC0000069,CUST000699,credit_card,3179.17
ACC0000070,CUST002778,savings,1183.15
ACC0000071,CUST003048,savings,8575.19
ACC0000072,CUST000596,checking,7135.67
ACC0000073,CUST002502,savings,9166.33
ACC0000074,CUST001708,savings,478.75
ACC0000075,CUST003762,checking,2470.98
ACC0000076,CUST002523,checking,4871.37
ACC0000077,CUST000168,checking,954.23
ACC0000078,CUST001520,checking,2205.4
ACC0000079,CUST002816,savings,5123.27
ACC0000080,CUST002090,savings,14447.6
ACC0000081,CUST001336,credit_card,478.41
ACC0000082,CUST002073,checking,671.41
ACC0000083,CUST001639,checking,3234.81
ACC0000084,CUST000467,savings,16218.66
ACC0000085,CUST003485,checking,1514.89
ACC0000086,CUST002940,savings,5258.64
ACC0000087,CUST002653,credit_card,2217.98
ACC0000088,CUST000371,credit_card,948.61
ACC0000089,CUST003350,checking,2845.93
ACC0000090,CUST002903,checking,6926.84
ACC0000091,CUST004031,savings,6165.57
ACC0000092,CUST000415,savings,21736.68
ACC0000093,CUST001622,credit_card,677.65
ACC0000094,CUST002696,credit_card,4650.52
ACC0000095,CUST000660,savings,17508.64
ACC0000096,CUST004254,savings,14107.3
ACC0000097,CUST001228,credit_card,4066.46
ACC0000098,CUST001444,credit_card,2004.49
ACC0000099,CUST001946,savings,204.69
ACC0000100,CUST000414,checking,2631.93
ACC0000101,CUST000874,savings,1053.03
ACC0000102,CUST001603,checking,8468.82
ACC0000103,CUST001034,savings,3413.11
ACC0000104,CUST002123,checking,6699.78
ACC0000105,CUST003203,savings,27265.71
ACC0000106,CUST003061,checking,3462.32
ACC0000107,CUST004349,checking,374.45
ACC0000108,CUST000758,credit_card,2970.19
ACC0000109,CUST003203,savings,1708.01
ACC0000110,CUST000020,checking,2946.23
ACC0000111,CUST000021,checking,1455.78
ACC0000112,CUST004216,credit_card,1661.45
ACC0000113,CUST001879,credit_card,2823.95
ACC0000114,CUST002276,savings,1042.39
ACC0000115,CUST004359,checking,12099.49
ACC0000116,CUST002869,savings,13817.14
ACC0000117,CUST003457,checking,1122.29
ACC0000118,CUST004007,savings,2443.78
ACC0000119,CUST003288,savings,3843.25
ACC0000120,CUST003817,savings,3175.42
ACC0000121,CUST000636,savings,19672.77
ACC0000122,CUST004310,checking,5159.6
ACC0000123,CUST002070,checking,2805.27
ACC0000124,CUST001610,checking,386.62
ACC0000125,CUST000825,checking,1353.36
ACC0000126,CUST000969,checking,907.09
ACC0000127,CUST000770,checking,11738.41
ACC0000128,CUST000064,savings,1399.31
ACC0000129,CUST001392,checking,5772.92
ACC0000130,CUST001981,savings,5332.49
ACC0000131,CUST004729,checking,3980.89
ACC0000132,CUST003033,checking,881.8
ACC0000133,CUST003801,credit_card,7455.6
ACC0000134,CUST002833,checking,3157.4
ACC0000135,CUST004004,savings,885.6
ACC0000136,CUST004395,checking,1511.61
ACC0000137,CUST004493,savings,1883.77
ACC0000138,CUST004139,checking,3182.22
ACC0000139,CUST003472,checking,1710.59
ACC0000140,CUST002483,checking,1554.3
ACC0000141,CUST000855,checking,2906.12
ACC0000142,CUST000614,checking,6939.13
ACC0000143,CUST004694,savings,1152.47
ACC0000144,CUST002503,credit_card,1979.01
ACC0000145,CUST004051,checking,4202.88
ACC0000146,CUST004598,checking,1918.62
ACC0000147,CUST000381,savings,24155.19
ACC0000148,CUST004405,credit_card,3751.2
ACC0000149,CUST001414,credit_card,2399.02
ACC0000150,CUST003371,savings,2093.57
ACC0000151,CUST002295,savings,5963.15
ACC0000152,CUST003295,savings,3341.81
ACC0000153,CUST002447,checking,4550.51
ACC0000154,CUST004146,credit_card,967.84
ACC0000155,CUST004720,savings,5083.09
ACC0000156,CUST003436,checking,2367.13
ACC0000157,CUST002066,checking,1294.38
ACC0000158,CUST003121,credit_card,145.13
ACC0000159,CUST000829,savings,571.65
ACC0000160,CUST002009,credit_card,2903.0
ACC0000161,CUST003718,checking,13302.71
ACC0000162,CUST001998,credit_card,1655.72
ACC0000163,CUST004984,checking,4838.67
ACC0000164,CUST002432,checking,2173.35
ACC0000165,CUST004406,checking,5438.77
ACC0000166,CUST004409,credit_card,876.35
ACC0000167,CUST001165,checking,512.17
ACC0000168,CUST003208,checking,682.76
ACC0000169,CUST004750,checking,2061.95
ACC0000170,CUST004128,credit_card,363.81
ACC0000171,CUST002438,credit_card,684.02
ACC0000172,CUST002514,checking,21661.22
ACC0000173,CUST003976,savings,7137.75
ACC0000174,CUST002683,savings,2327.76
ACC0000175,CUST002711,credit_card,1355.35
ACC0000176,CUST003494,checking,3895.46
ACC0000177,CUST004938,checking,6569.38
ACC0000178,CUST003473,savings,1490.0
ACC0000179,CUST002519,credit_card,436.45
ACC0000180,CUST001098,checking,2221.99
ACC0000181,CUST001450,savings,3622.83
ACC0000182,CUST004635,checking,2592.93
ACC0000183,CUST004194,checking,8252.95
ACC0000184,CUST001124,checking,6971.59
ACC0000185,CUST001790,checking,9210.16
ACC0000186,CUST003291,checking,5443.13
ACC0000187,CUST003192,credit_card,3574.71
ACC0000188,CUST001812,savings,4530.25
ACC0000189,CUST003523,savings,899.59
ACC0000190,CUST001408,checking,2679.21
ACC0000191,CUST004484,savings,924.3
ACC0000192,CUST004967,credit_card,1022.55
ACC0000193,CUST001356,checking,6504.54
ACC0000194,CUST003398,checking,1876.5
ACC0000195,CUST002777,credit_card,2303.03
ACC0000196,CUST001417,credit_card,5167.91
ACC0000197,CUST003152,savings,862.93
ACC0000198,CUST003636,savings,3001.0
ACC0000199,CUST002542,savings,4115.95
ACC0000200,CUST003764,credit_card,31522.45
ACC0000201,CUST004748,checking,705.38
ACC0000202,CUST001815,checking,249.32
ACC0000203,CUST001807,savings,5984.75
ACC0000204,CUST004666,checking,7517.88
ACC0000205,CUST003965,checking,1122.81
ACC0000206,CUST004848,savings,6368.18
ACC0000207,CUST003812,savings,3087.63
ACC0000208,CUST001328,credit_card,778.2
ACC0000209,CUST002848,checking,6471.48
ACC0000210,CUST003654,checking,5245.38
ACC0000211,CUST001839,credit_card,1901.04
ACC0000212,CUST001010,credit_card,2840.68
ACC0000213,CUST003667,credit_card,6900.35
ACC0000214,CUST001093,checking,10006.58
ACC0000215,CUST004837,savings,1164.06
ACC0000216,CUST003864,savings,5156.41
ACC0000217,CUST004011,checking,3111.32
ACC0000218,CUST004727,checking,1857.5
ACC0000219,CUST004597,checking,3440.33
ACC0000220,CUST002480,credit_card,3002.69
ACC0000221,CUST001835,savings,9380.06
ACC0000222,CUST001571,checking,3019.1
ACC0000223,CUST003626,credit_card,3705.14
ACC0000224,CUST001412,checking,819.75
ACC0000225,CUST003511,savings,1457.18
ACC0000226,CUST002269,savings,1479.58
ACC0000227,CUST001153,checking,628.26
ACC0000228,CUST003202,credit_card,3396.23
ACC0000229,CUST000753,credit_card,5972.5
ACC0000230,CUST004595,checking,3584.32
ACC0000231,CUST001425,checking,2223.05
ACC0000232,CUST003738,savings,3403.27
ACC0000233,CUST002808,savings,869.26
ACC0000234,CUST004398,savings,528.92
ACC0000235,CUST003732,checking,1271.05
ACC0000236,CUST003795,checking,2656.15
ACC0000237,CUST002682,checking,881.75
ACC0000238,CUST002152,savings,2132.99
ACC0000239,CUST000484,savings,2351.94
ACC0000240,CUST004768,checking,3984.42
ACC0000241,CUST002761,checking,2542.43
ACC0000242,CUST003036,checking,5136.22
ACC0000243,CUST004516,checking,1770.34
ACC0000244,CUST002267,savings,5170.0
ACC0000245,CUST000210,checking,1283.55
ACC0000246,CUST003393,savings,10751.54
ACC0000247,CUST000866,credit_card,6950.85
ACC0000248,CUST003768,checking,10121.63
ACC0000249,CUST003397,checking,5079.28
ACC0000250,CUST002857,credit_card,1875.99
ACC0000251,CUST002089,checking,7602.0
ACC0000252,CUST002417,credit_card,2536.82
ACC0000253,CUST000936,savings,473.67
ACC0000254,CUST004570,savings,2249.91
ACC0000255,CUST001336,credit_card,8636.6
ACC0000256,CUST002540,checking,1713.31
ACC0000257,CUST000440,savings,849.91
ACC0000258,CUST002691,savings,9247.05
ACC0000259,CUST004573,checking,2273.55
ACC0000260,CUST004684,credit_card,1592.31
ACC0000261,CUST002882,checking,1190.24
ACC0000262,CUST004806,checking,11564.2
ACC0000263,CUST000319,checking,1937.55
ACC0000264,CUST003260,savings,22270.63
ACC0000265,CUST003957,checking,1170.0
ACC0000266,CUST002142,savings,29445.61
ACC0000267,CUST002502,savings,3421.97
ACC0000268,CUST000724,checking,2839.38
ACC0000269,CUST002392,checking,6149.25
ACC0000270,CUST000498,savings,14177.52
ACC0000271,CUST004307,savings,1219.24
ACC0000272,CUST001522,savings,740.81
ACC0000273,CUST001335,checking,5022.08
ACC0000274,CUST000050,checking,2793.54
ACC0000275,CUST000190,checking,6725.16
ACC0000276,CUST004241,checking,1629.98
ACC0000277,CUST001856,checking,4954.36
ACC0000278,CUST001119,checking,415.85
ACC0000279,CUST004920,savings,2573.93
ACC0000280,CUST000798,savings,1692.15
ACC0000281,CUST000502,checking,25428.7
ACC0000282,CUST002461,checking,4607.73
ACC0000283,CUST000102,checking,5054.75
ACC0000284,CUST003197,savings,3882.95
ACC0000285,CUST000755,checking,4863.39
ACC0000286,CUST000202,savings,5499.56
ACC0000287,CUST004493,savings,5519.2
ACC0000288,CUST000637,savings,807.88
ACC0000289,CUST002416,savings,1654.55
ACC0000290,CUST004800,checking,1393.71
ACC0000291,CUST004853,savings,5422.18
ACC0000292,CUST003051,savings,26424.37
ACC0000293,CUST004285,credit_card,4462.95
ACC0000294,CUST004665,checking,762.01
ACC0000295,CUST003336,savings,1167.02
ACC0000296,CUST001055,checking,8286.59
ACC0000297,CUST001516,checking,5296.84
ACC0000298,CUST004002,credit_card,868.78
ACC0000299,CUST004795,checking,11037.65
ACC0000300,CUST000732,credit_card,1695.28
ACC0000301,CUST004377,checking,2169.33
ACC0000302,CUST003105,checking,2068.38
ACC0000303,CUST001422,savings,374.03
ACC0000304,CUST004022,checking,11756.24
ACC0000305,CUST000258,savings,1987.09
ACC0000306,CUST000841,checking,4509.15
ACC0000307,CUST003560,credit_card,765.37
ACC0000308,CUST000456,checking,8314.17
ACC0000309,CUST003959,credit_card,38014.2
ACC0000310,CUST003233,savings,297.74
ACC0000311,CUST002980,checking,487.56
ACC0000312,CUST002396,credit_card,2929.2
ACC0000313,CUST001795,savings,1106.06
ACC0000314,CUST002691,checking,12388.08
ACC0000315,CUST004972,checking,563.4
ACC0000316,CUST003470,checking,10661.73
ACC0000317,CUST003893,checking,6072.12
ACC0000318,CUST004236,checking,843.48
ACC0000319,CUST003963,checking,1845.51
ACC0000320,CUST003186,savings,2987.9
ACC0000321,CUST004331,credit_card,14104.92
ACC0000322,CUST004156,checking,8754.59
ACC0000323,CUST001730,checking,2736.18
ACC0000324,CUST004869,checking,3290.87
ACC0000325,CUST000916,checking,2092.72
ACC0000326,CUST004945,savings,6619.8
ACC0000327,CUST000052,savings,22806.75
ACC0000328,CUST001964,savings,2504.7
ACC0000329,CUST003654,checking,1092.11
ACC0000330,CUST001209,checking,1690.64
ACC0000331,CUST001094,checking,4146.22
ACC0000332,CUST004314,checking,1113.13
ACC0000333,CUST004581,savings,1589.39
ACC0000334,CUST001652,savings,36654.19
ACC0000335,CUST001420,checking,966.75
ACC0000336,CUST004032,savings,12347.55
ACC0000337,CUST003540,checking,2818.57
ACC0000338,CUST001009,checking,3727.54
ACC0000339,CUST000836,savings,4995.08
ACC0000340,CUST000875,savings,5319.55
ACC0000341,CUST000445,checking,2653.61
ACC0000342,CUST002170,checking,2132.14
ACC0000343,CUST004588,checking,3831.72
ACC0000344,CUST001959,checking,3408.07
ACC0000345,CUST001095,checking,1214.74
ACC0000346,CUST000408,credit_card,5520.49
ACC0000347,CUST003885,savings,1975.45
ACC0000348,CUST004793,checking,1650.81
ACC0000349,CUST000823,savings,986.5
ACC0000350,CUST001621,checking,403.81
ACC0000351,CUST001575,checking,182.38
ACC0000352,CUST000579,checking,515.02
ACC0000353,CUST001068,checking,4118.1
ACC0000354,CUST001235,checking,3907.91
ACC0000355,CUST002059,checking,6383.03
ACC0000356,CUST000366,savings,665.09
ACC0000357,CUST004082,checking,3930.88
ACC0000358,CUST002806,checking,5700.89
ACC0000359,CUST003476,checking,745.44
ACC0000360,CUST003970,checking,1821.18
ACC0000361,CUST000097,credit_card,6995.54
ACC0000362,CUST003351,checking,793.51
ACC0000363,CUST000852,checking,1935.69
ACC0000364,CUST001997,checking,762.38
ACC0000365,CUST004736,credit_card,665.04
ACC0000366,CUST003924,checking,1586.21
ACC0000367,CUST004979,savings,226.94
ACC0000368,CUST002100,savings,1268.95
ACC0000369,CUST003020,checking,950.26
ACC0000370,CUST000035,savings,6525.55
ACC0000371,CUST001986,checking,3663.93
ACC0000372,CUST002038,savings,170.43
ACC0000373,CUST004439,savings,5724.44
ACC0000374,CUST000580,checking,7166.06
ACC0000375,CUST001036,savings,564.69
ACC0000376,CUST000738,checking,3895.57
ACC0000377,CUST002093,savings,655.46
ACC0000378,CUST000710,savings,10215.02
ACC0000379,CUST002700,checking,4169.27
ACC0000380,CUST001497,checking,2585.61
ACC0000381,CUST002575,checking,2296.6
ACC0000382,CUST001651,checking,852.27
ACC0000383,CUST004655,savings,1103.49
ACC0000384,CUST002904,checking,2888.58
ACC0000385,CUST001924,savings,435.09
ACC0000386,CUST004671,credit_card,1285.84
ACC0000387,CUST001841,credit_card,4546.27
ACC0000388,CUST002939,savings,1616.19
ACC0000389,CUST003913,savings,1163.9
ACC0000390,CUST004218,checking,1331.97
ACC0000391,CUST004239,checking,3879.95
ACC0000392,CUST004893,credit_card,2256.96
ACC0000393,CUST000737,checking,7778.13
ACC0000394,CUST002635,checking,9354.0
ACC0000395,CUST003994,checking,862.45
ACC0000396,CUST000512,checking,1625.1
ACC0000397,CUST003649,checking,1428.11
ACC0000398,CUST000245,savings,1444.97
ACC0000399,CUST003963,credit_card,4705.63
ACC0000400,CUST004216,checking,1238.44
ACC0000401,CUST003670,checking,358.15
ACC0000402,CUST003166,checking,1080.28
ACC0000403,CUST001740,credit_card,29017.33
ACC0000404,CUST002470,credit_card,8632.61
ACC0000405,CUST003473,checking,468.75
ACC0000406,CUST003650,checking,20573.34
ACC0000407,CUST000523,credit_card,9150.66
ACC0000408,CUST000016,credit_card,1396.77
ACC0000409,CUST004456,savings,2160.96
ACC0000410,CUST004272,checking,21307.44
ACC0000411,CUST001998,checking,2500.89
ACC0000412,CUST003605,savings,3587.19
ACC0000413,CUST001404,checking,2993.71
ACC0000414,CUST002700,checking,3760.66
ACC0000415,CUST002235,savings,398.98
ACC0000416,CUST003408,checking,6491.22
ACC0000417,CUST003002,checking,4857.47
ACC0000418,CUST002968,savings,827.54
ACC0000419,CUST003790,credit_card,4245.74
ACC0000420,CUST002230,savings,18798.55
ACC0000421,CUST000351,checking,1107.01
ACC0000422,CUST002495,checking,2550.04
ACC0000423,CUST000751,checking,4834.25
ACC0000424,CUST000033,checking,3968.29
ACC0000425,CUST000794,credit_card,248.02
ACC0000426,CUST003277,savings,7392.76
ACC0000427,CUST003594,checking,19907.19
ACC0000428,CUST004916,checking,880.77
ACC0000429,CUST001339,savings,5360.39
ACC0000430,CUST002176,checking,8871.38
ACC0000431,CUST001251,credit_card,7049.98
ACC0000432,CUST000635,checking,1707.04
ACC0000433,CUST000378,credit_card,1336.4
ACC0000434,CUST003185,credit_card,1074.39
ACC0000435,CUST003259,savings,4486.54
ACC0000436,CUST002215,checking,7994.37
ACC0000437,CUST001292,checking,3364.4
ACC0000438,CUST000826,checking,13856.63
ACC0000439,CUST004292,savings,1308.43
ACC0000440,CUST002350,checking,11005.44
ACC0000441,CUST003507,savings,3285.69
ACC0000442,CUST000729,checking,3566.01
ACC0000443,CUST004358,savings,4535.23
ACC0000444,CUST004097,credit_card,1742.72
ACC0000445,CUST000159,savings,1247.55
ACC0000446,CUST002418,savings,2037.27
ACC0000447,CUST001789,checking,28257.12
ACC0000448,CUST003764,savings,7866.07
ACC0000449,CUST004471,credit_card,3076.09
ACC0000450,CUST000596,checking,1427.39
ACC0000451,CUST000045,checking,6915.3
ACC0000452,CUST000421,savings,11363.4
ACC0000453,CUST001105,savings,390.24
ACC0000454,CUST004248,checking,3315.99
ACC0000455,CUST001761,credit_card,1199.14
ACC0000456,CUST002176,credit_card,1795.28
ACC0000457,CUST001487,checking,10028.01
ACC0000458,CUST003878,checking,7083.0
ACC0000459,CUST004626,checking,7910.72
ACC0000460,CUST000495,checking,1849.02
ACC0000461,CUST001529,checking,1532.77
ACC0000462,CUST001184,savings,2808.51
ACC0000463,CUST001646,savings,2179.12
ACC0000464,CUST004553,checking,13459.37
ACC0000465,CUST001821,savings,8578.61
ACC0000466,CUST000582,checking,18459.04
ACC0000467,CUST002027,checking,4916.83
ACC0000468,CUST002689,savings,2130.75
ACC0000469,CUST001316,savings,1685.42
ACC0000470,CUST001389,checking,1587.11
ACC0000471,CUST001691,checking,3716.29
ACC0000472,CUST001505,savings,1724.77
ACC0000473,CUST001734,checking,2029.8
ACC0000474,CUST000249,checking,3499.75
ACC0000475,CUST004471,checking,24599.68
ACC0000476,CUST003401,checking,6166.55
ACC0000477,CUST004942,checking,2806.18
ACC0000478,CUST000241,savings,3664.41
ACC0000479,CUST000050,credit_card,1079.62
ACC0000480,CUST001680,checking,821.51
ACC0000481,CUST002384,checking,863.42
ACC0000482,CUST002675,credit_card,7739.85
ACC0000483,CUST002825,credit_card,1153.8
ACC0000484,CUST004863,savings,4218.54
ACC0000485,CUST004750,checking,1464.42
ACC0000486,CUST004262,checking,7438.75
ACC0000487,CUST002598,checking,5181.09
ACC0000488,CUST002434,savings,1112.28
ACC0000489,CUST004162,checking,1485.88
ACC0000490,CUST004070,savings,3818.75
ACC0000491,CUST004477,credit_card,1514.68
ACC0000492,CUST001741,checking,1492.31
ACC0000493,CUST004348,checking,1010.71
ACC0000494,CUST000167,savings,13557.01
ACC0000495,CUST003835,checking,383.41
ACC0000496,CUST001035,credit_card,2744.93
ACC0000497,CUST000098,checking,800.81
ACC0000498,CUST000283,checking,1607.0
ACC0000499,CUST000381,checking,673.63
ACC0000500,CUST001610,savings,6138.31
ACC0000501,CUST003111,savings,8962.14
ACC0000502,CUST002661,savings,2745.35
ACC0000503,CUST000347,checking,4731.18
ACC0000504,CUST001723,savings,2710.42
ACC0000505,CUST001655,savings,1107.61
ACC0000506,CUST002637,checking,2938.49
ACC0000507,CUST001973,savings,5050.13
ACC0000508,CUST002537,checking,697.76
ACC0000509,CUST001974,credit_card,286.11
ACC0000510,CUST001307,savings,4026.63
ACC0000511,CUST001003,checking,7411.78
ACC0000512,CUST004262,checking,1495.46
ACC0000513,CUST002978,savings,274.03
ACC0000514,CUST002046,credit_card,2258.84
ACC0000515,CUST001147,checking,246.04
ACC0000516,CUST001019,checking,3078.09
ACC0000517,CUST003277,credit_card,1269.27
ACC0000518,CUST002785,checking,2065.36
ACC0000519,CUST001424,checking,36362.57
ACC0000520,CUST002943,checking,564.53
ACC0000521,CUST002115,savings,1966.23
ACC0000522,CUST003003,credit_card,301.96
ACC0000523,CUST002968,savings,1350.86
ACC0000524,CUST003605,checking,553.21
ACC0000525,CUST004210,checking,4678.09
ACC0000526,CUST002092,savings,277.24
ACC0000527,CUST004374,checking,2077.18
ACC0000528,CUST000894,credit_card,2214.64
ACC0000529,CUST002204,savings,26358.47
ACC0000530,CUST004662,checking,1713.92
ACC0000531,CUST004171,savings,1049.25
ACC0000532,CUST003241,checking,2218.05
ACC0000533,CUST003720,savings,12136.98
ACC0000534,CUST000657,savings,645.13
ACC0000535,CUST004108,savings,3127.73
ACC0000536,CUST001019,savings,4577.93
ACC0000537,CUST000674,checking,4065.1
ACC0000538,CUST002032,checking,2019.47
ACC0000539,CUST004601,checking,1295.71
ACC0000540,CUST003023,checking,607.96
ACC0000541,CUST001465,checking,1134.43
ACC0000542,CUST004938,checking,7154.18
ACC0000543,CUST004689,checking,15494.11
ACC0000544,CUST001198,checking,5050.45
ACC0000545,CUST003433,savings,1673.89
ACC0000546,CUST003548,savings,2082.82
ACC0000547,CUST003557,credit_card,7709.0
ACC0000548,CUST004649,savings,3853.92
ACC0000549,CUST002186,checking,3390.89
ACC0000550,CUST001926,checking,3186.06
ACC0000551,CUST000723,checking,1290.11
ACC0000552,CUST003534,checking,263.62
ACC0000553,CUST003364,savings,3164.65
ACC0000554,CUST000794,savings,1657.46
ACC0000555,CUST004553,credit_card,15796.94
ACC0000556,CUST002096,checking,3567.68
ACC0000557,CUST000633,checking,2819.75
ACC0000558,CUST001478,checking,2141.73
ACC0000559,CUST001496,checking,2962.24
ACC0000560,CUST001886,savings,1006.63
ACC0000561,CUST001963,checking,2139.13
ACC0000562,CUST001435,savings,3462.4
ACC0000563,CUST003885,credit_card,4361.36
ACC0000564,CUST003900,credit_card,12273.75
ACC0000565,CUST002530,savings,5333.14
ACC0000566,CUST002819,checking,2409.15
ACC0000567,CUST003158,checking,8942.53
ACC0000568,CUST003987,savings,2108.35
ACC0000569,CUST000454,checking,2190.81
ACC0000570,CUST001845,checking,4130.4
ACC0000571,CUST000466,checking,1358.12
ACC0000572,CUST001656,savings,8634.12
ACC0000573,CUST003204,checking,1549.2
ACC0000574,CUST001625,checking,2976.91
ACC0000575,CUST003049,credit_card,1972.61
ACC0000576,CUST001222,checking,9787.76
ACC0000577,CUST000568,checking,3574.82
ACC0000578,CUST003528,checking,2781.58
ACC0000579,CUST004675,checking,20654.33
ACC0000580,CUST004427,checking,8505.64
ACC0000581,CUST000161,savings,1627.24
ACC0000582,CUST000902,checking,4424.76
ACC0000583,CUST002891,checking,1006.49
ACC0000584,CUST000185,savings,1970.16
ACC0000585,CUST002561,credit_card,895.92
ACC0000586,CUST000289,checking,1522.82
ACC0000587,CUST004354,checking,990.66
ACC0000588,CUST000214,savings,2733.85
ACC0000589,CUST003346,credit_card,7404.46
ACC0000590,CUST002447,savings,1847.39
ACC0000591,CUST002696,credit_card,4230.8
ACC0000592,CUST003840,savings,2240.02
ACC0000593,CUST002186,credit_card,6708.85
ACC0000594,CUST001708,savings,2840.21
ACC0000595,CUST001756,credit_card,11480.74
ACC0000596,CUST002020,savings,872.62
ACC0000597,CUST001408,checking,6302.38
ACC0000598,CUST004464,savings,2162.77
ACC0000599,CUST003392,credit_card,2902.54
ACC0000600,CUST004586,checking,1544.93
ACC0000601,CUST001157,checking,1147.74
ACC0000602,CUST000425,checking,3509.02
ACC0000603,CUST004866,credit_card,9503.93
ACC0000604,CUST001263,credit_card,5909.28
ACC0000605,CUST002265,savings,1856.24
ACC0000606,CUST004922,credit_card,2684.76
ACC0000607,CUST003929,checking,1169.86
ACC0000608,CUST003981,savings,1644.68
ACC0000609,CUST003283,checking,2625.03
ACC0000610,CUST004544,checking,5004.65
ACC0000611,CUST001042,savings,2316.76
ACC0000612,CUST004019,checking,1371.87
ACC0000613,CUST003102,credit_card,4381.94
ACC0000614,CUST002089,savings,4561.07
ACC0000615,CUST000928,checking,1501.7
ACC0000616,CUST002628,checking,1320.57
ACC0000617,CUST000544,checking,7946.52
ACC0000618,CUST003517,checking,2268.98
ACC0000619,CUST003435,savings,3118.5
ACC0000620,CUST003510,savings,2113.18
ACC0000621,CUST000037,savings,1591.39
ACC0000622,CUST002805,savings,4522.22
ACC0000623,CUST004650,checking,2763.85
ACC0000624,CUST000038,savings,4835.71
ACC0000625,CUST004290,checking,827.02
ACC0000626,CUST004846,savings,571.31
ACC0000627,CUST001679,checking,2639.73
ACC0000628,CUST001728,savings,9907.9
ACC0000629,CUST004911,checking,2572.97
ACC0000630,CUST000266,checking,2300.88
ACC0000631,CUST003345,checking,1683.15
ACC0000632,CUST003191,checking,2095.17
ACC0000633,CUST003987,savings,7382.03
ACC0000634,CUST002765,checking,1886.8
ACC0000635,CUST001202,checking,4697.13
ACC0000636,CUST003034,savings,1415.9
ACC0000637,CUST002858,checking,1600.1
ACC0000638,CUST003943,checking,4236.63
ACC0000639,CUST000812,savings,1782.39
ACC0000640,CUST000508,checking,2971.49
ACC0000641,CUST000825,checking,1653.04
ACC0000642,CUST004552,savings,1455.64
ACC0000643,CUST004257,checking,1736.38
ACC0000644,CUST003717,checking,967.64
ACC0000645,CUST000670,savings,1333.34
ACC0000646,CUST001209,checking,1236.97
ACC0000647,CUST000833,checking,1800.64
ACC0000648,CUST002885,checking,1748.18
ACC0000649,CUST000707,checking,1103.86
ACC0000650,CUST004565,checking,1228.18
ACC0000651,CUST002145,checking,9640.57
ACC0000652,CUST002139,savings,2510.24
ACC0000653,CUST001817,checking,3125.01
ACC0000654,CUST003484,checking,4025.47
ACC0000655,CUST004582,checking,782.71
ACC0000656,CUST003679,savings,2358.88
ACC0000657,CUST000367,checking,44367.04
ACC0000658,CUST004132,savings,766.87
ACC0000659,CUST000599,credit_card,840.37
ACC0000660,CUST002425,checking,1757.75
ACC0000661,CUST000065,savings,7515.07
ACC0000662,CUST003140,savings,2545.16
ACC0000663,CUST002568,checking,4782.19
ACC0000664,CUST002746,checking,8324.17
ACC0000665,CUST001145,checking,638.1
ACC0000666,CUST002282,savings,18637.61
ACC0000667,CUST000501,checking,3276.82
ACC0000668,CUST001014,checking,164.02
ACC0000669,CUST001563,savings,4319.51
ACC0000670,CUST002204,checking,2915.94
ACC0000671,CUST001249,credit_card,8559.22
ACC0000672,CUST002033,checking,2738.88
ACC0000673,CUST001248,checking,720.61
ACC0000674,CUST001061,checking,2487.49
ACC0000675,CUST000019,savings,1861.98
ACC0000676,CUST000160,savings,3961.13
ACC0000677,CUST001737,savings,3437.82
ACC0000678,CUST002508,savings,681.54
ACC0000679,CUST004932,checking,8822.18
ACC0000680,CUST002956,checking,3820.38
ACC0000681,CUST003011,checking,5769.34
ACC0000682,CUST004612,credit_card,1441.36
ACC0000683,CUST001258,savings,985.13
ACC0000684,CUST002815,savings,4610.64
ACC0000685,CUST004274,checking,1234.51
ACC0000686,CUST001938,savings,1421.02
ACC0000687,CUST001357,checking,627.93
ACC0000688,CUST000012,savings,16461.39
ACC0000689,CUST002961,checking,17919.51
ACC0000690,CUST000439,checking,1251.89
ACC0000691,CUST004059,checking,3922.17
ACC0000692,CUST001256,savings,2075.32
ACC0000693,CUST003852,checking,3628.31
ACC0000694,CUST002160,credit_card,865.87
ACC0000695,CUST003083,savings,7463.41
ACC0000696,CUST000855,savings,3653.63
ACC0000697,CUST003379,savings,3178.36
ACC0000698,CUST004331,savings,4531.76
ACC0000699,CUST004734,savings,1113.15
ACC0000700,CUST000121,checking,4169.4
ACC0000701,CUST003312,checking,1338.76
ACC0000702,CUST002953,checking,2623.33
ACC0000703,CUST002237,checking,2671.63
ACC0000704,CUST003473,checking,6170.55
ACC0000705,CUST002242,checking,15132.91
ACC0000706,CUST001553,checking,1861.69
ACC0000707,CUST001322,savings,2744.59
ACC0000708,CUST002824,checking,7278.39
ACC0000709,CUST003529,checking,13007.81
ACC0000710,CUST003836,savings,3842.42
ACC0000711,CUST004125,checking,6161.9
ACC0000712,CUST003921,savings,10615.81
ACC0000713,CUST001147,checking,2553.95
ACC0000714,CUST000895,checking,851.53
ACC0000715,CUST001881,savings,2682.46
ACC0000716,CUST003641,savings,1137.66
ACC0000717,CUST002028,checking,4438.39
ACC0000718,CUST004562,checking,4764.8
ACC0000719,CUST001004,checking,1631.58
ACC0000720,CUST000469,checking,2037.31
ACC0000721,CUST003548,savings,10931.45
ACC0000722,CUST001728,checking,1943.25
ACC0000723,CUST003355,checking,307.09
ACC0000724,CUST004395,checking,9627.18
ACC0000725,CUST000216,checking,1755.72
ACC0000726,CUST001131,savings,927.14
ACC0000727,CUST003890,savings,1020.24
ACC0000728,CUST000950,checking,1888.59
ACC0000729,CUST004760,checking,5140.74
ACC0000730,CUST004564,credit_card,7616.91
ACC0000731,CUST004226,savings,6268.16
ACC0000732,CUST003487,checking,4121.64
ACC0000733,CUST002301,checking,2234.4
ACC0000734,CUST001860,savings,15600.41
ACC0000735,CUST000584,credit_card,1213.66
ACC0000736,CUST004710,savings,2092.45
ACC0000737,CUST000008,savings,1215.85
ACC0000738,CUST004182,checking,1434.18
ACC0000739,CUST003199,checking,679.49
ACC0000740,CUST002826,checking,2555.64
ACC0000741,CUST003752,savings,3098.5
ACC0000742,CUST004078,credit_card,1120.41
ACC0000743,CUST003618,savings,4264.14
ACC0000744,CUST002959,savings,2331.93
ACC0000745,CUST001482,savings,4857.91
ACC0000746,CUST002881,checking,7200.88
ACC0000747,CUST000328,checking,7585.1
ACC0000748,CUST001480,savings,3975.52
ACC0000749,CUST003662,checking,3349.22
ACC0000750,CUST003033,savings,8151.96
ACC0000751,CUST001416,savings,2661.06
ACC0000752,CUST000086,checking,916.83
ACC0000753,CUST001315,savings,2030.62
ACC0000754,CUST003694,checking,603.45
ACC0000755,CUST000374,savings,1483.75
ACC0000756,CUST004024,credit_card,2429.75
ACC0000757,CUST003943,savings,2341.15
ACC0000758,CUST000914,checking,427.02
ACC0000759,CUST003258,checking,2260.09
ACC0000760,CUST001512,credit_card,2431.59
ACC0000761,CUST000749,credit_card,2775.27
ACC0000762,CUST001104,savings,7269.99
ACC0000763,CUST003666,checking,6548.73
ACC0000764,CUST000150,checking,1699.59
ACC0000765,CUST000551,savings,2803.14
ACC0000766,CUST001704,savings,3852.8
ACC0000767,CUST003911,savings,32769.05
ACC0000768,CUST002141,checking,3715.19
ACC0000769,CUST004514,checking,10542.72
ACC0000770,CUST003967,savings,5236.87
ACC0000771,CUST004101,checking,5196.79
ACC0000772,CUST004014,checking,8671.26
ACC0000773,CUST004805,checking,1267.62
ACC0000774,CUST002871,credit_card,10751.7
ACC0000775,CUST003059,checking,6175.1
ACC0000776,CUST001160,credit_card,5072.53
ACC0000777,CUST004372,checking,1404.34
ACC0000778,CUST003734,checking,14621.56
ACC0000779,CUST000733,checking,10497.79
ACC0000780,CUST000362,savings,18449.01
ACC0000781,CUST003069,checking,3761.87
ACC0000782,CUST003821,savings,3454.81
ACC0000783,CUST004647,checking,66303.12
ACC0000784,CUST001535,checking,305.33
ACC0000785,CUST001111,savings,6134.59
ACC0000786,CUST004921,checking,297.56
ACC0000787,CUST004356,checking,11121.36
ACC0000788,CUST001406,credit_card,5083.16
ACC0000789,CUST004721,checking,4579.84
ACC0000790,CUST001522,savings,6157.73
ACC0000791,CUST004825,savings,4698.9
ACC0000792,CUST004373,checking,411.53
ACC0000793,CUST003186,savings,935.17
ACC0000794,CUST001314,checking,6644.56
ACC0000795,CUST003254,checking,3127.18
ACC0000796,CUST004486,credit_card,2089.24
ACC0000797,CUST004761,checking,7828.9
ACC0000798,CUST000107,savings,1760.69
ACC0000799,CUST004813,credit_card,1532.17
ACC0000800,CUST004884,checking,8204.61
ACC0000801,CUST001854,savings,2778.39
ACC0000802,CUST004210,checking,185.58
ACC0000803,CUST003773,savings,31596.03
ACC0000804,CUST002045,checking,1766.41
ACC0000805,CUST004515,savings,619.35
ACC0000806,CUST004136,checking,12311.92
ACC0000807,CUST000951,checking,7732.61
ACC0000808,CUST004517,checking,1946.18
ACC0000809,CUST003262,checking,5170.85
ACC0000810,CUST004313,credit_card,3003.17
ACC0000811,CUST004753,savings,871.69
ACC0000812,CUST000981,savings,10527.89
ACC0000813,CUST004215,savings,1737.43
ACC0000814,CUST000158,checking,4319.56
ACC0000815,CUST001526,checking,2595.19
ACC0000816,CUST002232,credit_card,30185.91
ACC0000817,CUST003044,checking,2051.27
ACC0000818,CUST004897,checking,6487.25
ACC0000819,CUST004639,savings,774.14
ACC0000820,CUST002367,savings,16405.73
ACC0000821,CUST003224,credit_card,3393.3
ACC0000822,CUST002078,checking,1185.36
ACC0000823,CUST000151,savings,13217.94
ACC0000824,CUST001889,checking,2415.32
ACC0000825,CUST000638,credit_card,708.03
ACC0000826,CUST003039,checking,2187.93
ACC0000827,CUST004707,savings,3190.76
ACC0000828,CUST004384,checking,1390.37
ACC0000829,CUST001517,credit_card,2042.51
ACC0000830,CUST004205,checking,16029.34
ACC0000831,CUST000090,savings,16461.76
ACC0000832,CUST000071,checking,1372.76
ACC0000833,CUST003997,savings,3854.68
ACC0000834,CUST001953,checking,3266.46
ACC0000835,CUST001480,checking,2270.84
ACC0000836,CUST000206,savings,1959.71
ACC0000837,CUST000298,checking,2843.48
ACC0000838,CUST001753,savings,7835.34
ACC0000839,CUST003928,savings,5753.4
ACC0000840,CUST000623,checking,3533.06
ACC0000841,CUST004419,checking,1737.98
ACC0000842,CUST000660,savings,2825.03
ACC0000843,CUST004403,savings,9574.4
ACC0000844,CUST003513,checking,2355.51
ACC0000845,CUST002621,savings,1035.26
ACC0000846,CUST001476,savings,2679.26
ACC0000847,CUST004657,savings,2517.9
ACC0000848,CUST001502,savings,3449.56
ACC0000849,CUST000748,credit_card,495.79
ACC0000850,CUST003032,checking,6032.72
ACC0000851,CUST004602,credit_card,248.77
ACC0000852,CUST002291,checking,7025.88
ACC0000853,CUST003165,checking,13929.37
ACC0000854,CUST001086,savings,1343.22
ACC0000855,CUST004046,checking,3252.92
ACC0000856,CUST000729,checking,694.62
ACC0000857,CUST003456,checking,9115.05
ACC0000858,CUST000265,checking,34226.38
ACC0000859,CUST001024,credit_card,5539.56
ACC0000860,CUST004814,checking,6250.6
ACC0000861,CUST004149,checking,1511.17
ACC0000862,CUST002470,savings,18610.59
ACC0000863,CUST002112,savings,1040.66
ACC0000864,CUST002524,savings,6772.68
ACC0000865,CUST002360,checking,861.21
ACC0000866,CUST002588,checking,454.19
ACC0000867,CUST002596,checking,2074.19
ACC0000868,CUST003617,checking,7843.82
ACC0000869,CUST002349,credit_card,28308.63
ACC0000870,CUST004840,credit_card,207.01
ACC0000871,CUST004035,checking,2587.56
ACC0000872,CUST001246,savings,4637.73
ACC0000873,CUST004997,checking,1397.2
ACC0000874,CUST000036,checking,2967.94
ACC0000875,CUST004971,checking,3293.6
ACC0000876,CUST002666,credit_card,3321.95
ACC0000877,CUST001649,checking,3209.02
ACC0000878,CUST003539,savings,690.53
ACC0000879,CUST001717,checking,3334.75
ACC0000880,CUST002159,checking,642.09
ACC0000881,CUST003310,savings,7241.26
ACC0000882,CUST001276,credit_card,603.9
ACC0000883,CUST000759,savings,929.97
ACC0000884,CUST002635,credit_card,1722.23
ACC0000885,CUST003539,savings,1011.3
ACC0000886,CUST003721,checking,1653.26
ACC0000887,CUST000907,savings,33092.81
ACC0000888,CUST002261,checking,2942.56
ACC0000889,CUST004289,savings,2617.85
ACC0000890,CUST004839,credit_card,3124.77
ACC0000891,CUST003970,credit_card,3683.46
ACC0000892,CUST002994,checking,879.97
ACC0000893,CUST001231,checking,408.42
ACC0000894,CUST002581,credit_card,2184.7
ACC0000895,CUST003706,savings,1807.53
ACC0000896,CUST000436,checking,11759.23
ACC0000897,CUST000559,checking,1181.25
ACC0000898,CUST002740,savings,2973.04
ACC0000899,CUST004585,checking,1111.85
ACC0000900,CUST000466,checking,8342.04
ACC0000901,CUST000750,checking,1636.62
ACC0000902,CUST000344,savings,1406.21
ACC0000903,CUST001231,checking,5635.25
ACC0000904,CUST004067,credit_card,660.73
ACC0000905,CUST001945,credit_card,1573.09
ACC0000906,CUST004326,checking,6463.39
ACC0000907,CUST000437,credit_card,18051.39
ACC0000908,CUST002485,checking,686.41
ACC0000909,CUST001360,checking,1430.91
ACC0000910,CUST001308,credit_card,3179.2
ACC0000911,CUST001037,savings,10490.51
ACC0000912,CUST001211,checking,2593.76
ACC0000913,CUST004221,checking,3147.33
ACC0000914,CUST003601,checking,10871.02
ACC0000915,CUST002294,checking,4733.89
ACC0000916,CUST000044,savings,2768.17
ACC0000917,CUST003140,savings,1529.41
ACC0000918,CUST003148,checking,3192.5
ACC0000919,CUST001597,savings,6111.51
ACC0000920,CUST002242,credit_card,1868.98
ACC0000921,CUST001502,savings,5643.66
ACC0000922,CUST004630,checking,1929.38
ACC0000923,CUST004379,credit_card,3131.16
ACC0000924,CUST003772,credit_card,1407.04
ACC0000925,CUST001373,credit_card,20824.63
ACC0000926,CUST001894,checking,906.86
ACC0000927,CUST001818,checking,7220.92
ACC0000928,CUST003262,credit_card,989.2
ACC0000929,CUST000982,checking,70037.31
ACC0000930,CUST000617,checking,4464.36
ACC0000931,CUST000354,checking,1567.06
ACC0000932,CUST000320,credit_card,3450.55
ACC0000933,CUST004395,savings,7504.7
ACC0000934,CUST003791,checking,3052.32
ACC0000935,CUST001559,credit_card,1717.53
ACC0000936,CUST003052,checking,748.57
ACC0000937,CUST004789,checking,5481.66
ACC0000938,CUST001667,checking,7944.09
ACC0000939,CUST002179,checking,2325.11
ACC0000940,CUST003458,savings,1865.09
ACC0000941,CUST000836,checking,5341.08
ACC0000942,CUST004405,savings,1408.74
ACC0000943,CUST001716,savings,1906.52
ACC0000944,CUST001001,checking,1023.95
ACC0000945,CUST000070,checking,1906.88
ACC0000946,CUST002474,credit_card,6468.94
ACC0000947,CUST001787,savings,5672.93
ACC0000948,CUST000529,savings,1837.84
ACC0000949,CUST002640,credit_card,2058.88
ACC0000950,CUST001476,checking,5960.48
ACC0000951,CUST004684,savings,4317.94
ACC0000952,CUST001362,credit_card,2593.18
ACC0000953,CUST000600,checking,90471.81
ACC0000954,CUST002757,checking,934.35
ACC0000955,CUST001594,savings,5641.37
ACC0000956,CUST004116,checking,1322.66
ACC0000957,CUST000131,savings,5958.35
ACC0000958,CUST000328,savings,933.35
ACC0000959,CUST002067,savings,1153.24
ACC0000960,CUST001572,savings,6689.75
ACC0000961,CUST004968,savings,1691.8
ACC0000962,CUST000500,credit_card,2454.88
ACC0000963,CUST003833,checking,619.78
ACC0000964,CUST000406,checking,5602.41
ACC0000965,CUST002082,savings,1795.85
ACC0000966,CUST002048,checking,4317.04
ACC0000967,CUST004955,checking,5965.08
ACC0000968,CUST001271,savings,28451.81
ACC0000969,CUST003248,checking,4839.75
ACC0000970,CUST004310,savings,3854.52
ACC0000971,CUST002848,credit_card,7275.68
ACC0000972,CUST002420,checking,629.84
ACC0000973,CUST001074,savings,4802.28
ACC0000974,CUST001487,savings,1414.14
ACC0000975,CUST003328,credit_card,316.17
ACC0000976,CUST002543,checking,2816.76
ACC0000977,CUST000895,checking,1244.84
ACC0000978,CUST001543,checking,2083.1
ACC0000979,CUST000840,checking,1848.95
ACC0000980,CUST004004,checking,3017.27
ACC0000981,CUST000039,credit_card,7775.53
ACC0000982,CUST000179,credit_card,287.31
ACC0000983,CUST003247,checking,3683.74
ACC0000984,CUST003088,checking,506.78
ACC0000985,CUST003676,savings,2660.62
ACC0000986,CUST000107,savings,2836.71
ACC0000987,CUST002104,checking,2367.76
ACC0000988,CUST002088,checking,4697.61
ACC0000989,CUST002883,checking,2381.15
ACC0000990,CUST002596,checking,1298.7
ACC0000991,CUST004484,savings,8678.33
ACC0000992,CUST000571,credit_card,865.44
ACC0000993,CUST003219,savings,3741.14
ACC0000994,CUST003973,checking,8052.27
ACC0000995,CUST000953,credit_card,563.87
ACC0000996,CUST002225,checking,16566.51
ACC0000997,CUST002799,checking,341.55
ACC0000998,CUST003898,savings,3568.12
ACC0000999,CUST001935,checking,23124.31
ACC0001000,CUST001402,savings,2938.86
ACC0001001,CUST002711,savings,2030.14
ACC0001002,CUST002390,savings,994.49
ACC0001003,CUST003596,savings,5361.54
ACC0001004,CUST000714,checking,2973.94
ACC0001005,CUST002277,checking,3808.27
ACC0001006,CUST003328,checking,485.97
ACC0001007,CUST000727,savings,23124.29
ACC0001008,CUST000773,checking,12175.03
ACC0001009,CUST002896,credit_card,16299.94
ACC0001010,CUST002844,savings,1776.58
ACC0001011,CUST002294,checking,7212.05
ACC0001012,CUST003267,credit_card,643.81
ACC0001013,CUST001046,savings,6483.23
ACC0001014,CUST002103,checking,1471.51
ACC0001015,CUST003384,savings,3483.02
ACC0001016,CUST004137,checking,856.15
ACC0001017,CUST003986,checking,2856.66
ACC0001018,CUST004955,checking,4789.86
ACC0001019,CUST004949,checking,826.93
ACC0001020,CUST003820,credit_card,2574.53
ACC0001021,CUST004969,savings,5162.05
ACC0001022,CUST000800,savings,2948.61
ACC0001023,CUST001207,credit_card,7654.88
ACC0001024,CUST000740,savings,40365.07
ACC0001025,CUST003259,savings,3344.24
ACC0001026,CUST001202,savings,7059.64
ACC0001027,CUST001900,checking,1006.48
ACC0001028,CUST001813,savings,6755.37
ACC0001029,CUST001285,checking,2149.22
ACC0001030,CUST003382,savings,291.64
ACC0001031,CUST004048,credit_card,1056.07
ACC0001032,CUST004600,checking,3890.35
ACC0001033,CUST001549,checking,720.71
ACC0001034,CUST003146,checking,2662.02
ACC0001035,CUST003372,credit_card,20861.04
ACC0001036,CUST004978,checking,1230.48
ACC0001037,CUST001057,credit_card,5993.92
ACC0001038,CUST003862,savings,6206.71
ACC0001039,CUST003883,savings,12766.56
ACC0001040,CUST002122,checking,13091.24
ACC0001041,CUST003729,checking,4142.78
ACC0001042,CUST000113,credit_card,2643.62
ACC0001043,CUST001710,checking,377.43
ACC0001044,CUST004498,savings,1413.71
ACC0001045,CUST004209,checking,5567.88
ACC0001046,CUST003638,checking,2146.05
ACC0001047,CUST003652,checking,1713.13
ACC0001048,CUST000937,checking,5369.35
ACC0001049,CUST002126,savings,3079.62
ACC0001050,CUST000923,checking,1877.73
ACC0001051,CUST003739,checking,4662.85
ACC0001052,CUST002026,checking,484.86
ACC0001053,CUST002846,savings,7158.81
ACC0001054,CUST001513,checking,2016.84
ACC0001055,CUST001328,savings,6022.32
ACC0001056,CUST002314,savings,1886.02
ACC0001057,CUST004110,savings,6229.25
ACC0001058,CUST003780,checking,1633.29
ACC0001059,CUST000240,checking,2260.11
ACC0001060,CUST001866,checking,1871.42
ACC0001061,CUST002477,checking,16018.61
ACC0001062,CUST001411,savings,2329.86
ACC0001063,CUST004755,savings,18138.64
ACC0001064,CUST000637,checking,4312.29
ACC0001065,CUST004582,checking,6489.11
ACC0001066,CUST002656,checking,3821.92
ACC0001067,CUST001314,credit_card,4098.28
ACC0001068,CUST001402,checking,1275.23
ACC0001069,CUST001714,savings,1357.82
ACC0001070,CUST000644,savings,717.38
ACC0001071,CUST000875,credit_card,14291.51
ACC0001072,CUST001337,checking,8796.89
ACC0001073,CUST004946,credit_card,765.25
ACC0001074,CUST000930,savings,10007.71
ACC0001075,CUST000844,savings,1120.67
ACC0001076,CUST003438,checking,2376.75
ACC0001077,CUST000065,savings,1073.47
ACC0001078,CUST002342,checking,6522.05
ACC0001079,CUST001842,savings,9765.79
ACC0001080,CUST001124,checking,7611.92
ACC0001081,CUST004400,checking,19271.12
ACC0001082,CUST004837,savings,792.43
ACC0001083,CUST002008,checking,18471.8
ACC0001084,CUST004166,checking,1471.94
ACC0001085,CUST001246,checking,1713.94
ACC0001086,CUST002705,checking,14808.15
ACC0001087,CUST001211,savings,1621.95
ACC0001088,CUST003919,checking,1355.57
ACC0001089,CUST000419,checking,12061.04
ACC0001090,CUST004212,checking,1127.97
ACC0001091,CUST001304,checking,2538.17
ACC0001092,CUST001114,checking,2652.07
ACC0001093,CUST003515,savings,805.36
ACC0001094,CUST003949,savings,829.28
ACC0001095,CUST001800,checking,1813.0
ACC0001096,CUST002930,checking,2842.89
ACC0001097,CUST002976,savings,3298.5
ACC0001098,CUST000409,checking,4756.53
ACC0001099,CUST000314,savings,6820.4
ACC0001100,CUST000384,savings,3816.78
ACC0001101,CUST000496,checking,9168.73
ACC0001102,CUST003774,savings,4174.62
ACC0001103,CUST001002,credit_card,1246.33
ACC0001104,CUST001538,savings,2453.92
ACC0001105,CUST004987,checking,1069.93
ACC0001106,CUST004297,savings,1978.5
ACC0001107,CUST001573,checking,15976.45
ACC0001108,CUST003456,checking,10315.52
ACC0001109,CUST003189,checking,3948.32
ACC0001110,CUST004600,checking,852.11
ACC0001111,CUST003093,checking,11340.57
ACC0001112,CUST002732,savings,1297.32
ACC0001113,CUST004395,savings,5318.39
ACC0001114,CUST004753,checking,8603.37
ACC0001115,CUST000804,savings,7968.25
ACC0001116,CUST000073,savings,811.08
ACC0001117,CUST000896,checking,2583.21
ACC0001118,CUST003441,checking,413.67
ACC0001119,CUST002722,checking,5933.26
ACC0001120,CUST001789,savings,1202.28
ACC0001121,CUST004518,savings,1031.92
ACC0001122,CUST002415,savings,1191.84
ACC0001123,CUST003335,savings,4861.3
ACC0001124,CUST002749,checking,5322.64
ACC0001125,CUST004093,checking,2098.2
ACC0001126,CUST003250,checking,1131.55
ACC0001127,CUST001420,checking,3996.13
ACC0001128,CUST000783,checking,7033.3
ACC0001129,CUST003349,credit_card,4291.04
ACC0001130,CUST002490,checking,42491.97
ACC0001131,CUST001451,checking,3958.54
ACC0001132,CUST003526,checking,2529.83
ACC0001133,CUST000925,savings,5506.93
ACC0001134,CUST000851,savings,2587.22
ACC0001135,CUST001261,checking,2685.19
ACC0001136,CUST000304,savings,5980.37
ACC0001137,CUST004523,checking,1268.61
ACC0001138,CUST004126,checking,7019.6
ACC0001139,CUST002603,savings,1124.1
ACC0001140,CUST001616,checking,5423.18
ACC0001141,CUST004762,credit_card,5479.36
ACC0001142,CUST001202,credit_card,2144.05
ACC0001143,CUST004186,checking,5347.8
ACC0001144,CUST001381,credit_card,3927.82
ACC0001145,CUST000617,checking,330.01
ACC0001146,CUST004659,checking,519.21
ACC0001147,CUST001415,checking,1488.26
ACC0001148,CUST003187,checking,15723.72
ACC0001149,CUST002974,savings,23541.19
ACC0001150,CUST004656,checking,7701.65
ACC0001151,CUST002081,savings,2311.22
ACC0001152,CUST003987,checking,609.28
ACC0001153,CUST000779,checking,1553.63
ACC0001154,CUST004353,credit_card,2000.57
ACC0001155,CUST002169,savings,6972.38
ACC0001156,CUST000443,savings,1799.93
ACC0001157,CUST000088,checking,5619.91
ACC0001158,CUST000561,checking,1319.98
ACC0001159,CUST002183,checking,3759.68
ACC0001160,CUST004504,checking,1782.54
ACC0001161,CUST002471,checking,8467.6
ACC0001162,CUST003584,credit_card,6264.74
ACC0001163,CUST002162,credit_card,1875.72
ACC0001164,CUST003882,checking,4118.96
ACC0001165,CUST000711,checking,1534.23
ACC0001166,CUST002646,savings,1118.63
ACC0001167,CUST002260,checking,10839.54
ACC0001168,CUST001374,credit_card,2002.05
ACC0001169,CUST002690,checking,13310.9
ACC0001170,CUST002216,checking,954.9
ACC0001171,CUST004579,checking,7529.2
ACC0001172,CUST004793,savings,2048.13
ACC0001173,CUST003176,savings,4522.99
ACC0001174,CUST004219,checking,1739.58
ACC0001175,CUST003805,credit_card,16153.54
ACC0001176,CUST001786,savings,1656.95
ACC0001177,CUST002924,checking,2705.27
ACC0001178,CUST002550,credit_card,2604.51
ACC0001179,CUST000797,savings,4670.1
ACC0001180,CUST003129,savings,1616.16
ACC0001181,CUST003094,savings,3420.94
ACC0001182,CUST002573,savings,4431.65
ACC0001183,CUST000450,checking,830.99
ACC0001184,CUST001864,checking,399.34
ACC0001185,CUST001646,savings,934.37
ACC0001186,CUST002839,checking,3899.77
ACC0001187,CUST003374,savings,1962.6
ACC0001188,CUST002922,checking,979.84
ACC0001189,CUST003718,credit_card,2928.71
ACC0001190,CUST002138,checking,2442.45
ACC0001191,CUST000319,savings,2761.96
ACC0001192,CUST000512,checking,1044.18
ACC0001193,CUST002821,checking,1032.03
ACC0001194,CUST003314,checking,3073.08
ACC0001195,CUST002418,checking,26105.08
ACC0001196,CUST004243,checking,13334.7
ACC0001197,CUST001113,checking,1891.54
ACC0001198,CUST000865,checking,5599.13
ACC0001199,CUST001108,credit_card,4817.46
ACC0001200,CUST003159,savings,4342.83
ACC0001201,CUST003880,checking,5763.24
ACC0001202,CUST001954,savings,5671.57
ACC0001203,CUST003183,credit_card,963.46
ACC0001204,CUST002460,checking,4760.74
ACC0001205,CUST004724,savings,5155.82
ACC0001206,CUST003189,credit_card,926.75
ACC0001207,CUST004768,savings,946.19
ACC0001208,CUST001103,checking,7611.46
ACC0001209,CUST003507,checking,2153.85
ACC0001210,CUST001661,checking,469.98
ACC0001211,CUST001380,credit_card,20127.75
ACC0001212,CUST002785,checking,2438.81
ACC0001213,CUST004210,checking,5651.4
ACC0001214,CUST003715,checking,647.37
ACC0001215,CUST003785,savings,1577.59
ACC0001216,CUST001410,checking,3367.36
ACC0001217,CUST002271,checking,3127.47
ACC0001218,CUST002153,savings,3268.61
ACC0001219,CUST004049,credit_card,2135.47
ACC0001220,CUST001231,checking,8794.16
ACC0001221,CUST000661,checking,6799.9
ACC0001222,CUST001579,savings,497.52
ACC0001223,CUST003756,checking,13163.35
ACC0001224,CUST001827,savings,642.86
ACC0001225,CUST004272,checking,1861.6
ACC0001226,CUST002334,checking,4740.83
ACC0001227,CUST001756,credit_card,3233.19
ACC0001228,CUST000206,checking,3120.6
ACC0001229,CUST003618,checking,3344.5
ACC0001230,CUST001784,credit_card,32154.44
ACC0001231,CUST004017,checking,629.27
ACC0001232,CUST003895,checking,5724.26
ACC0001233,CUST004823,checking,2880.52
ACC0001234,CUST001542,savings,1044.5
ACC0001235,CUST003555,savings,9007.0
ACC0001236,CUST004206,savings,9157.74
ACC0001237,CUST001695,credit_card,10376.93
ACC0001238,CUST001611,credit_card,13450.33
ACC0001239,CUST003673,checking,16254.14
ACC0001240,CUST003625,credit_card,1533.68
ACC0001241,CUST001381,checking,3326.88
ACC0001242,CUST004164,savings,4407.88
ACC0001243,CUST004737,checking,5560.35
ACC0001244,CUST003890,checking,2756.57
ACC0001245,CUST004848,credit_card,2516.05
ACC0001246,CUST004832,savings,793.38
ACC0001247,CUST004755,savings,3652.11
ACC0001248,CUST003569,credit_card,28616.17
ACC0001249,CUST000917,checking,1628.63
ACC0001250,CUST004426,checking,19034.93
ACC0001251,CUST003440,checking,1566.03
ACC0001252,CUST000995,savings,2016.7
ACC0001253,CUST004686,credit_card,1246.36
ACC0001254,CUST004990,checking,2365.06
ACC0001255,CUST003622,checking,1739.45
ACC0001256,CUST004419,savings,216022.89
ACC0001257,CUST004777,checking,9767.28
ACC0001258,CUST000696,credit_card,953.92
ACC0001259,CUST002977,credit_card,12413.72
ACC0001260,CUST002489,checking,2684.36
ACC0001261,CUST000794,savings,5722.82
ACC0001262,CUST003279,checking,2471.17
ACC0001263,CUST004480,checking,1485.83
ACC0001264,CUST003487,checking,4771.82
ACC0001265,CUST004324,checking,8846.69
ACC0001266,CUST000312,checking,8689.53
ACC0001267,CUST001236,checking,4626.83
ACC0001268,CUST002821,checking,1139.22
ACC0001269,CUST001960,savings,1377.26
ACC0001270,CUST002074,savings,3861.71
ACC0001271,CUST001922,savings,3329.08
ACC0001272,CUST000247,checking,8500.92
ACC0001273,CUST003357,savings,12006.93
ACC0001274,CUST002103,checking,748.37
ACC0001275,CUST003951,checking,3895.99
ACC0001276,CUST003931,savings,667.06
ACC0001277,CUST004545,checking,4703.63
ACC0001278,CUST004169,checking,2597.21
ACC0001279,CUST002066,credit_card,3080.27
ACC0001280,CUST004931,checking,907.28
ACC0001281,CUST001429,credit_card,3479.94
ACC0001282,CUST001542,savings,2958.24
ACC0001283,CUST004403,checking,1220.15
ACC0001284,CUST000183,checking,2165.5
ACC0001285,CUST004347,checking,3377.77
ACC0001286,CUST003385,savings,2910.9
ACC0001287,CUST001664,savings,1184.81
ACC0001288,CUST003043,savings,17796.49
ACC0001289,CUST004016,savings,2836.22
ACC0001290,CUST000745,checking,4704.06
ACC0001291,CUST000356,checking,1837.57
ACC0001292,CUST003272,checking,18258.34
ACC0001293,CUST000271,checking,3406.76
ACC0001294,CUST002764,savings,745.73
ACC0001295,CUST004051,savings,2636.71
ACC0001296,CUST002227,checking,5314.14
ACC0001297,CUST002424,checking,1702.0
ACC0001298,CUST001568,savings,1246.69
ACC0001299,CUST000942,checking,22695.7
ACC0001300,CUST003116,checking,10591.61
ACC0001301,CUST001900,checking,785.36
ACC0001302,CUST001691,savings,4399.26
ACC0001303,CUST004802,checking,2130.71
ACC0001304,CUST000503,checking,4225.16
ACC0001305,CUST003814,checking,3775.02
ACC0001306,CUST004100,savings,916.48
ACC0001307,CUST002275,checking,3624.87
ACC0001308,CUST000332,checking,1012.09
ACC0001309,CUST004410,savings,7126.88
ACC0001310,CUST004506,savings,9175.6
ACC0001311,CUST003062,checking,47934.16
ACC0001312,CUST001319,credit_card,3446.67
ACC0001313,CUST001661,checking,2983.72
ACC0001314,CUST003731,checking,5956.35
ACC0001315,CUST002586,checking,1658.12
ACC0001316,CUST003174,checking,3435.87
ACC0001317,CUST004581,savings,4134.07
ACC0001318,CUST000298,savings,2400.78
ACC0001319,CUST001270,checking,711.62
ACC0001320,CUST001974,credit_card,1025.74
ACC0001321,CUST004620,savings,4740.58
ACC0001322,CUST003125,savings,2416.81
ACC0001323,CUST003958,checking,10784.16
ACC0001324,CUST004152,checking,3385.77
ACC0001325,CUST003836,checking,6952.62
ACC0001326,CUST000996,credit_card,2376.6
ACC0001327,CUST001736,credit_card,2835.6
ACC0001328,CUST004558,checking,5471.87
ACC0001329,CUST002617,savings,677.72
ACC0001330,CUST001813,savings,4521.45
ACC0001331,CUST000087,checking,4551.84
ACC0001332,CUST003791,checking,1715.41
ACC0001333,CUST000848,credit_card,8149.84
ACC0001334,CUST000526,savings,2681.66
ACC0001335,CUST000264,savings,2155.87
ACC0001336,CUST001979,checking,18713.99
ACC0001337,CUST002964,checking,356.29
ACC0001338,CUST004239,checking,5879.49
ACC0001339,CUST001487,checking,2025.41
ACC0001340,CUST002619,savings,3238.41
ACC0001341,CUST001578,savings,1440.64
ACC0001342,CUST003821,savings,923.61
ACC0001343,CUST003707,savings,3958.58
ACC0001344,CUST000097,checking,1263.21
ACC0001345,CUST000611,checking,5387.62
ACC0001346,CUST000619,savings,379.76
ACC0001347,CUST000031,savings,6060.82
ACC0001348,CUST000601,checking,2287.98
ACC0001349,CUST003217,credit_card,11446.96
ACC0001350,CUST003669,credit_card,3228.77
ACC0001351,CUST004452,credit_card,5400.15
ACC0001352,CUST004325,checking,1020.39
ACC0001353,CUST003594,savings,2474.43
ACC0001354,CUST003255,checking,1532.11
ACC0001355,CUST002110,checking,15182.55
ACC0001356,CUST001301,savings,2890.0
ACC0001357,CUST002912,savings,2210.27
ACC0001358,CUST002117,checking,12716.06
ACC0001359,CUST004009,savings,5375.2
ACC0001360,CUST001112,savings,1517.15
ACC0001361,CUST001338,checking,1582.42
ACC0001362,CUST003987,savings,1878.72
ACC0001363,CUST001872,checking,4546.29
ACC0001364,CUST002394,credit_card,6987.51
ACC0001365,CUST003700,savings,3179.62
ACC0001366,CUST004885,savings,5587.3
ACC0001367,CUST004925,checking,903.11
ACC0001368,CUST002066,savings,10057.65
ACC0001369,CUST003522,checking,9764.45
ACC0001370,CUST001992,savings,6361.87
ACC0001371,CUST003824,savings,1671.95
ACC0001372,CUST004767,savings,5823.41
ACC0001373,CUST000642,checking,6486.68
ACC0001374,CUST003669,savings,5678.84
ACC0001375,CUST002536,savings,2877.92
ACC0001376,CUST001171,checking,2363.58
ACC0001377,CUST002499,savings,830.06
ACC0001378,CUST002821,savings,718.34
ACC0001379,CUST001976,checking,2359.64
ACC0001380,CUST000894,credit_card,1877.57
ACC0001381,CUST004945,checking,2784.24
ACC0001382,CUST001847,savings,6643.57
ACC0001383,CUST000963,checking,5786.98
ACC0001384,CUST001560,checking,907.53
ACC0001385,CUST004537,savings,854.87
ACC0001386,CUST000423,savings,2801.29
ACC0001387,CUST001553,checking,2392.62
ACC0001388,CUST000846,savings,4428.7
ACC0001389,CUST003408,savings,6834.08
ACC0001390,CUST003197,checking,2893.82
ACC0001391,CUST003378,credit_card,6191.83
ACC0001392,CUST003262,checking,3537.51
ACC0001393,CUST000657,credit_card,45955.09
ACC0001394,CUST003098,checking,8039.11
ACC0001395,CUST003896,credit_card,6593.73
ACC0001396,CUST000787,credit_card,2561.68
ACC0001397,CUST001567,checking,128.45
ACC0001398,CUST003580,savings,930.89
ACC0001399,CUST002224,checking,448.87
ACC0001400,CUST000816,credit_card,5194.81
ACC0001401,CUST001845,savings,8041.33
ACC0001402,CUST000405,savings,1431.49
ACC0001403,CUST004267,savings,3856.95
ACC0001404,CUST003695,checking,926.15
ACC0001405,CUST001764,credit_card,5401.51
ACC0001406,CUST003628,checking,3240.48
ACC0001407,CUST003521,credit_card,5479.79
ACC0001408,CUST001349,checking,2054.29
ACC0001409,CUST003180,checking,683.49
ACC0001410,CUST003450,savings,4327.93
ACC0001411,CUST004438,savings,1580.06
ACC0001412,CUST001553,savings,12025.85
ACC0001413,CUST004357,savings,4670.57
ACC0001414,CUST002399,checking,8721.03
ACC0001415,CUST001313,credit_card,1898.38
ACC0001416,CUST000340,savings,6194.29
ACC0001417,CUST000017,savings,2548.45
ACC0001418,CUST003009,checking,5394.46
ACC0001419,CUST000117,checking,16039.89
ACC0001420,CUST001341,checking,3623.61
ACC0001421,CUST004529,checking,3197.48
ACC0001422,CUST002375,checking,501.44
ACC0001423,CUST001123,checking,5966.48
ACC0001424,CUST004772,checking,3344.17
ACC0001425,CUST002539,savings,11754.2
ACC0001426,CUST001700,savings,1753.62
ACC0001427,CUST002942,checking,1218.1
ACC0001428,CUST004732,savings,9443.62
ACC0001429,CUST000017,checking,884.59
ACC0001430,CUST004968,credit_card,1345.51
ACC0001431,CUST002163,credit_card,1541.04
ACC0001432,CUST001763,checking,3529.32
ACC0001433,CUST002609,savings,3638.74
ACC0001434,CUST004624,savings,1488.27
ACC0001435,CUST000186,checking,1392.11
ACC0001436,CUST002547,checking,12647.35
ACC0001437,CUST002493,checking,1716.92
ACC0001438,CUST003369,savings,2003.95
ACC0001439,CUST001588,savings,11102.98
ACC0001440,CUST003606,checking,13377.1
ACC0001441,CUST004896,checking,825.11
ACC0001442,CUST000354,checking,3032.1
ACC0001443,CUST002426,credit_card,3386.78
ACC0001444,CUST003858,savings,1266.74
ACC0001445,CUST001419,checking,7769.33
ACC0001446,CUST001618,credit_card,2973.64
ACC0001447,CUST000645,checking,9769.64
ACC0001448,CUST000158,credit_card,4658.08
ACC0001449,CUST000209,savings,405.25
ACC0001450,CUST001776,checking,1980.87
ACC0001451,CUST004158,savings,1555.06
ACC0001452,CUST000197,checking,2721.4
ACC0001453,CUST004199,checking,11404.76
ACC0001454,CUST002378,savings,24002.82
ACC0001455,CUST003337,credit_card,531.18
ACC0001456,CUST001884,checking,5490.8
ACC0001457,CUST001657,savings,796.26
ACC0001458,CUST004762,credit_card,2067.83
ACC0001459,CUST003954,credit_card,7361.94
ACC0001460,CUST003514,savings,8010.36
ACC0001461,CUST004145,checking,7681.58
ACC0001462,CUST004255,checking,877.67
ACC0001463,CUST000083,checking,862.67
ACC0001464,CUST004925,checking,693.11
ACC0001465,CUST003415,checking,9927.36
ACC0001466,CUST004072,savings,5779.62
ACC0001467,CUST003165,savings,4045.67
ACC0001468,CUST004943,credit_card,2626.21
ACC0001469,CUST004262,checking,6801.06
ACC0001470,CUST000285,savings,3465.55
ACC0001471,CUST000279,checking,2409.26
ACC0001472,CUST003961,savings,8157.4
ACC0001473,CUST004251,credit_card,6100.04
ACC0001474,CUST000991,checking,2998.17
ACC0001475,CUST001105,savings,9591.35
ACC0001476,CUST002852,checking,12650.78
ACC0001477,CUST003065,credit_card,682.3
ACC0001478,CUST002980,checking,6417.94
ACC0001479,CUST003099,savings,2560.81
ACC0001480,CUST004392,credit_card,961.19
ACC0001481,CUST004255,credit_card,12483.45
ACC0001482,CUST001601,checking,622.64
ACC0001483,CUST001435,checking,15779.71
ACC0001484,CUST002509,credit_card,5077.87
ACC0001485,CUST002474,savings,1072.21
ACC0001486,CUST003717,checking,1291.06
ACC0001487,CUST001585,savings,947.23
ACC0001488,CUST003343,checking,7332.2
ACC0001489,CUST000319,checking,678.84
ACC0001490,CUST001825,credit_card,5010.32
ACC0001491,CUST004887,credit_card,1466.82
ACC0001492,CUST001645,checking,4788.38
ACC0001493,CUST001727,checking,4403.33
ACC0001494,CUST002277,savings,794.99
ACC0001495,CUST003951,credit_card,7590.48
ACC0001496,CUST003121,checking,896.7
ACC0001497,CUST004613,credit_card,3419.08
ACC0001498,CUST001433,credit_card,963.93
ACC0001499,CUST000468,credit_card,577.17
ACC0001500,CUST002025,credit_card,1396.1
ACC0001501,CUST000707,checking,11128.09
ACC0001502,CUST001984,checking,2109.86
ACC0001503,CUST001178,checking,1605.55
ACC0001504,CUST001827,checking,1898.5
ACC0001505,CUST002549,checking,5873.38
ACC0001506,CUST001447,checking,412.23
ACC0001507,CUST003103,savings,8654.49
ACC0001508,CUST004200,credit_card,2392.17
ACC0001509,CUST004667,checking,13551.13
ACC0001510,CUST002097,savings,7347.75
ACC0001511,CUST002823,checking,4638.9
ACC0001512,CUST002153,savings,231.85
ACC0001513,CUST003890,checking,463.55
ACC0001514,CUST001468,savings,1562.53
ACC0001515,CUST004596,checking,33241.83
ACC0001516,CUST004732,checking,5932.2
ACC0001517,CUST002801,savings,867.66
ACC0001518,CUST004263,checking,998.44
ACC0001519,CUST001810,credit_card,2257.91
ACC0001520,CUST000766,checking,2414.09
ACC0001521,CUST004296,checking,4610.64
ACC0001522,CUST004369,savings,1579.08
ACC0001523,CUST002877,credit_card,738.71
ACC0001524,CUST002234,checking,10671.21
ACC0001525,CUST002000,checking,1596.14
ACC0001526,CUST000820,checking,1215.62
ACC0001527,CUST003291,checking,1426.65
ACC0001528,CUST004551,checking,2375.84
ACC0001529,CUST001744,savings,3134.8
ACC0001530,CUST003810,checking,1951.54
ACC0001531,CUST000670,checking,727.28
ACC0001532,CUST002554,checking,2388.2
ACC0001533,CUST002178,checking,6070.56
ACC0001534,CUST002787,savings,1911.9
ACC0001535,CUST003326,checking,4858.48
ACC0001536,CUST000492,checking,749.83
ACC0001537,CUST000908,checking,2339.81
ACC0001538,CUST000719,savings,9948.52
ACC0001539,CUST004931,checking,8422.1
ACC0001540,CUST001864,credit_card,2686.48
ACC0001541,CUST001007,checking,7219.71
ACC0001542,CUST003745,savings,2153.34
ACC0001543,CUST001286,savings,917.04
ACC0001544,CUST003848,savings,1296.95
ACC0001545,CUST001483,savings,7826.84
ACC0001546,CUST002479,savings,18492.04
ACC0001547,CUST003540,checking,1105.04
ACC0001548,CUST003472,savings,7299.34
ACC0001549,CUST000282,savings,599.22
ACC0001550,CUST002889,savings,4350.1
ACC0001551,CUST000500,checking,2286.97
ACC0001552,CUST000249,savings,1426.5
ACC0001553,CUST001697,credit_card,1841.24
ACC0001554,CUST003765,credit_card,570.9
ACC0001555,CUST003463,savings,666.82
ACC0001556,CUST003591,savings,1290.13
ACC0001557,CUST002205,savings,7040.27
ACC0001558,CUST001821,savings,2240.94
ACC0001559,CUST004230,checking,2680.84
ACC0001560,CUST001179,checking,695.08
ACC0001561,CUST001736,checking,3158.83
ACC0001562,CUST004891,savings,542.41
ACC0001563,CUST002474,savings,4919.75
ACC0001564,CUST001735,checking,53429.52
ACC0001565,CUST004400,savings,584.89
ACC0001566,CUST003303,checking,2895.06
ACC0001567,CUST001155,checking,800.23
ACC0001568,CUST001332,credit_card,749.53
ACC0001569,CUST001708,checking,15927.97
ACC0001570,CUST003205,credit_card,287.89
ACC0001571,CUST003999,checking,944.6
ACC0001572,CUST000085,checking,1335.55
ACC0001573,CUST003850,savings,2416.72
ACC0001574,CUST000371,credit_card,384.77
ACC0001575,CUST003774,savings,10160.54
ACC0001576,CUST004163,savings,4201.4
ACC0001577,CUST004188,checking,20780.47
ACC0001578,CUST004759,savings,4916.32
ACC0001579,CUST004735,savings,4160.46
ACC0001580,CUST002673,checking,5522.55
ACC0001581,CUST002635,checking,1318.55
ACC0001582,CUST001062,savings,785.25
ACC0001583,CUST004411,checking,2504.25
ACC0001584,CUST002323,checking,674.99
ACC0001585,CUST002344,checking,1159.35
ACC0001586,CUST000591,checking,539.08
ACC0001587,CUST001793,credit_card,1693.05
ACC0001588,CUST000090,checking,1454.15
ACC0001589,CUST000706,savings,3353.22
ACC0001590,CUST004512,checking,3189.31
ACC0001591,CUST003478,savings,692.97
ACC0001592,CUST001418,checking,30446.72
ACC0001593,CUST003446,savings,957.5
ACC0001594,CUST003433,credit_card,6797.39
ACC0001595,CUST002468,checking,471.01
ACC0001596,CUST004036,checking,4131.8
ACC0001597,CUST000715,credit_card,1355.94
ACC0001598,CUST003312,checking,1730.22
ACC0001599,CUST003866,checking,3140.14
ACC0001600,CUST001645,checking,1552.83
ACC0001601,CUST001174,credit_card,67570.84
ACC0001602,CUST001540,checking,12403.45
ACC0001603,CUST002129,checking,1519.96
ACC0001604,CUST000415,savings,1364.44
ACC0001605,CUST001721,checking,4814.29
ACC0001606,CUST003668,checking,825.21
ACC0001607,CUST001459,checking,1677.12
ACC0001608,CUST004205,checking,1372.57
ACC0001609,CUST004370,credit_card,1524.88
ACC0001610,CUST004584,savings,8817.0
ACC0001611,CUST000349,credit_card,1408.05
ACC0001612,CUST002097,checking,6387.09
ACC0001613,CUST000379,credit_card,2186.53
ACC0001614,CUST004366,savings,749.33
ACC0001615,CUST000559,checking,164.88
ACC0001616,CUST004376,credit_card,1709.67
ACC0001617,CUST002779,savings,6335.85
ACC0001618,CUST004629,savings,2968.03
ACC0001619,CUST002158,credit_card,5910.96
ACC0001620,CUST004582,checking,4095.72
ACC0001621,CUST003793,checking,579.19
ACC0001622,CUST002546,savings,3321.6
ACC0001623,CUST003002,checking,7114.71
ACC0001624,CUST002834,savings,3820.5
ACC0001625,CUST002611,checking,17519.75
ACC0001626,CUST002790,checking,2562.15
ACC0001627,CUST002637,credit_card,992.61
ACC0001628,CUST001891,checking,7718.61
ACC0001629,CUST001209,checking,1986.38
ACC0001630,CUST004808,checking,2279.19
ACC0001631,CUST001742,checking,1336.67
ACC0001632,CUST000259,checking,30952.47
ACC0001633,CUST003365,checking,2644.42
ACC0001634,CUST001458,savings,1339.22
ACC0001635,CUST003991,savings,6464.05
ACC0001636,CUST004922,checking,633.3
ACC0001637,CUST003403,checking,10167.45
ACC0001638,CUST000160,savings,3963.34
ACC0001639,CUST002470,credit_card,2797.1
ACC0001640,CUST000977,credit_card,1671.75
ACC0001641,CUST003246,savings,2333.1
ACC0001642,CUST003682,checking,3017.17
ACC0001643,CUST002212,checking,11022.2
ACC0001644,CUST001449,checking,3659.99
ACC0001645,CUST001278,checking,1888.73
ACC0001646,CUST001018,checking,19290.99
ACC0001647,CUST004535,savings,2517.56
ACC0001648,CUST003324,savings,1457.17
ACC0001649,CUST003256,checking,4356.95
ACC0001650,CUST001626,checking,702.55
ACC0001651,CUST000722,checking,4130.99
ACC0001652,CUST000794,checking,4343.66
ACC0001653,CUST001768,credit_card,952.81
ACC0001654,CUST002809,checking,1636.5
ACC0001655,CUST002473,savings,738.87
ACC0001656,CUST004534,checking,341.75
ACC0001657,CUST004255,checking,4129.23
ACC0001658,CUST004713,savings,2305.43
ACC0001659,CUST004805,checking,5068.43
ACC0001660,CUST003443,savings,1764.24
ACC0001661,CUST003658,checking,1989.06
ACC0001662,CUST000958,credit_card,4374.95
ACC0001663,CUST001111,checking,1189.49
ACC0001664,CUST002707,savings,5693.21
ACC0001665,CUST004979,checking,10877.88
ACC0001666,CUST002217,checking,734.34
ACC0001667,CUST000110,credit_card,13150.08
ACC0001668,CUST001594,checking,3615.72
ACC0001669,CUST001038,checking,957.5
ACC0001670,CUST000224,checking,6599.8
ACC0001671,CUST000546,checking,5534.5
ACC0001672,CUST001773,checking,1036.43
ACC0001673,CUST004650,savings,2753.29
ACC0001674,CUST000691,checking,16240.77
ACC0001675,CUST000254,checking,5036.78
ACC0001676,CUST000114,savings,8609.44
ACC0001677,CUST002003,checking,7697.84
ACC0001678,CUST004871,credit_card,21834.26
ACC0001679,CUST000107,checking,9112.3
ACC0001680,CUST004986,checking,2098.97
ACC0001681,CUST003428,credit_card,6033.51
ACC0001682,CUST000720,checking,2544.75
ACC0001683,CUST001431,checking,1621.28
ACC0001684,CUST002500,savings,3047.14
ACC0001685,CUST003879,credit_card,6178.03
ACC0001686,CUST003632,checking,1488.69
ACC0001687,CUST002081,checking,5380.27
ACC0001688,CUST001571,savings,610.31
ACC0001689,CUST004494,checking,2253.72
ACC0001690,CUST002015,checking,809.25
ACC0001691,CUST001781,checking,1412.66
ACC0001692,CUST003784,checking,1118.84
ACC0001693,CUST000759,checking,418.11
ACC0001694,CUST004423,checking,5103.36
ACC0001695,CUST003816,checking,278.06
ACC0001696,CUST003135,checking,1350.73
ACC0001697,CUST000658,checking,1391.84
ACC0001698,CUST003368,savings,4554.99
ACC0001699,CUST002482,checking,5270.11
ACC0001700,CUST000703,checking,6700.52
ACC0001701,CUST001265,checking,1321.98
ACC0001702,CUST002622,checking,1080.85
ACC0001703,CUST000497,checking,723.47
ACC0001704,CUST001730,credit_card,2002.3
ACC0001705,CUST000962,savings,1964.6
ACC0001706,CUST002356,savings,481.91
ACC0001707,CUST001615,checking,1520.49
ACC0001708,CUST001179,savings,2044.34
ACC0001709,CUST002000,checking,4743.93
ACC0001710,CUST002362,checking,1412.53
ACC0001711,CUST000048,checking,1517.44
ACC0001712,CUST001149,savings,13510.77
ACC0001713,CUST000829,credit_card,268.93
ACC0001714,CUST001317,savings,5789.51
ACC0001715,CUST004189,checking,3998.09
ACC0001716,CUST003535,savings,2052.99
ACC0001717,CUST003936,checking,1584.86
ACC0001718,CUST000528,checking,10872.06
ACC0001719,CUST002802,savings,473.98
ACC0001720,CUST001500,savings,2611.69
ACC0001721,CUST003363,credit_card,14716.97
ACC0001722,CUST001756,checking,365.08
ACC0001723,CUST002120,checking,10231.39
ACC0001724,CUST000731,checking,2414.96
ACC0001725,CUST002505,checking,4095.68
ACC0001726,CUST000844,savings,1354.15
ACC0001727,CUST001134,savings,10943.65
ACC0001728,CUST002425,credit_card,2512.73
ACC0001729,CUST002078,checking,398.44
ACC0001730,CUST002403,checking,630.47
ACC0001731,CUST004792,savings,10994.89
ACC0001732,CUST000117,checking,2150.8
ACC0001733,CUST001576,checking,5991.51
ACC0001734,CUST001503,checking,9283.33
ACC0001735,CUST000963,checking,5035.58
ACC0001736,CUST002920,checking,12260.99
ACC0001737,CUST004723,checking,11156.42
ACC0001738,CUST004358,checking,3253.94
ACC0001739,CUST003682,checking,4300.32
ACC0001740,CUST002771,checking,2049.13
ACC0001741,CUST003488,checking,6575.73
ACC0001742,CUST004794,checking,5419.29
ACC0001743,CUST000789,credit_card,9952.13
ACC0001744,CUST000125,checking,13096.49
ACC0001745,CUST000968,savings,5535.92
ACC0001746,CUST002384,checking,1378.35
ACC0001747,CUST001812,checking,2114.94
ACC0001748,CUST001922,checking,1180.64
ACC0001749,CUST004477,checking,422.06
ACC0001750,CUST004248,credit_card,1301.28
ACC0001751,CUST001625,checking,397.35
ACC0001752,CUST004501,checking,3292.31
ACC0001753,CUST004293,checking,13814.06
ACC0001754,CUST002345,checking,6085.06
ACC0001755,CUST001131,savings,9722.03
ACC0001756,CUST001997,checking,1748.93
ACC0001757,CUST004504,checking,3946.88
ACC0001758,CUST003127,savings,4211.49
ACC0001759,CUST001278,savings,1092.3
ACC0001760,CUST000487,savings,1087.88
ACC0001761,CUST003098,credit_card,17338.46
ACC0001762,CUST000241,checking,3079.37
ACC0001763,CUST002826,savings,5396.19
ACC0001764,CUST004435,checking,4278.23
ACC0001765,CUST004401,checking,1518.02
ACC0001766,CUST003578,checking,9731.25
ACC0001767,CUST000122,credit_card,14513.21
ACC0001768,CUST001238,savings,2167.62
ACC0001769,CUST003880,checking,1412.69
ACC0001770,CUST002970,savings,2389.54
ACC0001771,CUST004110,credit_card,2580.51
ACC0001772,CUST000243,credit_card,1730.06
ACC0001773,CUST004985,savings,2014.02
ACC0001774,CUST001974,checking,5509.15
ACC0001775,CUST003828,savings,8422.17
ACC0001776,CUST003017,checking,1041.22
ACC0001777,CUST003686,savings,2151.22
ACC0001778,CUST003476,savings,201.18
ACC0001779,CUST004443,checking,2480.62
ACC0001780,CUST002955,checking,6712.57
ACC0001781,CUST000065,credit_card,2996.25
ACC0001782,CUST000734,checking,14615.74
ACC0001783,CUST004727,savings,1637.21
ACC0001784,CUST004651,checking,863.38
ACC0001785,CUST001745,savings,16770.79
ACC0001786,CUST004006,checking,12351.39
ACC0001787,CUST000148,checking,2446.52
ACC0001788,CUST000866,checking,1343.58
ACC0001789,CUST000214,checking,1270.03
ACC0001790,CUST001195,savings,1593.55
ACC0001791,CUST004224,savings,7966.92
ACC0001792,CUST004560,checking,638.8
ACC0001793,CUST001428,savings,3623.44
ACC0001794,CUST000656,checking,4478.26
ACC0001795,CUST004274,savings,1211.8
ACC0001796,CUST004014,checking,14487.55
ACC0001797,CUST004785,checking,16553.9
ACC0001798,CUST004528,savings,25067.05
ACC0001799,CUST001278,savings,1617.63
ACC0001800,CUST002906,checking,3603.51
ACC0001801,CUST001619,checking,34729.09
ACC0001802,CUST004807,checking,1588.28
ACC0001803,CUST004608,savings,4381.52
ACC0001804,CUST000678,checking,2000.72
ACC0001805,CUST001178,checking,1961.14
ACC0001806,CUST003036,credit_card,3818.2
ACC0001807,CUST003693,credit_card,3629.07
ACC0001808,CUST001010,checking,2612.62
ACC0001809,CUST002987,savings,3949.16
ACC0001810,CUST003010,savings,1669.67
ACC0001811,CUST004697,checking,2278.68
ACC0001812,CUST004235,savings,2053.01
ACC0001813,CUST004633,checking,4214.15
ACC0001814,CUST000119,savings,2137.98
ACC0001815,CUST004337,checking,1022.24
ACC0001816,CUST004081,savings,1561.45
ACC0001817,CUST003433,savings,897.58
ACC0001818,CUST002707,checking,31863.54
ACC0001819,CUST000451,checking,3693.22
ACC0001820,CUST002337,checking,4102.8
ACC0001821,CUST003756,checking,3129.07
ACC0001822,CUST000237,credit_card,2839.12
ACC0001823,CUST002574,checking,4332.37
ACC0001824,CUST001640,checking,1103.46
ACC0001825,CUST002753,checking,6175.79
ACC0001826,CUST003879,credit_card,741.62
ACC0001827,CUST000100,checking,1859.8
ACC0001828,CUST000567,savings,1212.62
ACC0001829,CUST000025,checking,1989.59
ACC0001830,CUST000189,savings,1697.09
ACC0001831,CUST003126,credit_card,3751.88
ACC0001832,CUST000436,checking,3056.27
ACC0001833,CUST001218,checking,3562.53
ACC0001834,CUST002383,checking,1459.33
ACC0001835,CUST003124,savings,1285.23
ACC0001836,CUST003109,checking,3077.71
ACC0001837,CUST004213,checking,1683.28
ACC0001838,CUST000310,credit_card,2850.59
ACC0001839,CUST002592,checking,3618.46
ACC0001840,CUST003775,credit_card,3771.93
ACC0001841,CUST000517,savings,9236.74
ACC0001842,CUST003804,credit_card,3879.8
ACC0001843,CUST002564,checking,3013.24
ACC0001844,CUST000650,savings,2147.27
ACC0001845,CUST000751,checking,3089.85
ACC0001846,CUST004357,checking,2815.81
ACC0001847,CUST003348,checking,3592.61
ACC0001848,CUST002581,savings,4601.59
ACC0001849,CUST002072,savings,3037.93
ACC0001850,CUST000096,savings,9543.13
ACC0001851,CUST001759,savings,11268.76
ACC0001852,CUST002021,savings,11216.88
ACC0001853,CUST002197,checking,6461.71
ACC0001854,CUST003306,checking,2215.26
ACC0001855,CUST000966,checking,1312.29
ACC0001856,CUST002616,checking,1025.43
ACC0001857,CUST001450,checking,5215.04
ACC0001858,CUST003304,checking,3465.98
ACC0001859,CUST002781,checking,4242.67
ACC0001860,CUST000253,savings,5151.06
ACC0001861,CUST000486,checking,5331.73
ACC0001862,CUST004284,checking,1567.47
ACC0001863,CUST000546,checking,30524.38
ACC0001864,CUST003663,checking,5721.51
ACC0001865,CUST001584,savings,1665.06
ACC0001866,CUST003774,credit_card,7568.89
ACC0001867,CUST002776,credit_card,7886.31
ACC0001868,CUST004267,savings,2181.97
ACC0001869,CUST002877,checking,926.57
ACC0001870,CUST001914,checking,9415.81
ACC0001871,CUST002625,credit_card,805.9
ACC0001872,CUST002401,savings,5531.33
ACC0001873,CUST002248,checking,1249.79
ACC0001874,CUST000034,checking,14776.99
ACC0001875,CUST001498,checking,625.62
ACC0001876,CUST000873,checking,16775.29
ACC0001877,CUST004793,checking,1381.3
ACC0001878,CUST003192,checking,2608.82
ACC0001879,CUST002197,savings,11009.73
ACC0001880,CUST002868,checking,273.26
ACC0001881,CUST003012,checking,3238.14
ACC0001882,CUST001730,checking,1873.32
ACC0001883,CUST000569,savings,13462.85
ACC0001884,CUST002149,checking,4619.53
ACC0001885,CUST004135,savings,3879.87
ACC0001886,CUST003845,checking,3768.58
ACC0001887,CUST003409,checking,7227.25
ACC0001888,CUST003707,credit_card,5979.72
ACC0001889,CUST001779,savings,936.25
ACC0001890,CUST002646,checking,566.73
ACC0001891,CUST002460,credit_card,2076.07
ACC0001892,CUST003015,savings,179.04
ACC0001893,CUST004184,checking,6590.61
ACC0001894,CUST004505,credit_card,5373.52
ACC0001895,CUST003513,checking,1878.96
ACC0001896,CUST000126,checking,1817.74
ACC0001897,CUST001364,savings,2845.52
ACC0001898,CUST003679,checking,4231.3
ACC0001899,CUST000046,savings,14902.18
ACC0001900,CUST004120,credit_card,1264.18
ACC0001901,CUST003723,credit_card,2519.91
ACC0001902,CUST004636,checking,13235.51
ACC0001903,CUST003607,credit_card,2033.24
ACC0001904,CUST001798,checking,4298.99
ACC0001905,CUST001961,checking,3562.63
ACC0001906,CUST002134,checking,761.36
ACC0001907,CUST003747,savings,1912.52
ACC0001908,CUST003106,checking,2703.39
ACC0001909,CUST003777,savings,1973.71
ACC0001910,CUST002314,savings,2159.71
ACC0001911,CUST000557,checking,3834.13
ACC0001912,CUST004749,credit_card,5512.67
ACC0001913,CUST004948,credit_card,1484.24
ACC0001914,CUST001302,checking,867.84
ACC0001915,CUST003303,checking,1767.17
ACC0001916,CUST000095,savings,4794.82
ACC0001917,CUST003474,checking,3781.62
ACC0001918,CUST003319,checking,1482.19
ACC0001919,CUST000058,credit_card,5363.84
ACC0001920,CUST004686,checking,2450.94
ACC0001921,CUST003133,checking,3406.92
ACC0001922,CUST004938,checking,1063.58
ACC0001923,CUST000286,checking,1426.87
ACC0001924,CUST000171,savings,6173.55
ACC0001925,CUST001982,checking,1971.28
ACC0001926,CUST000054,savings,4631.5
ACC0001927,CUST003147,savings,1522.8
ACC0001928,CUST001884,savings,1442.62
ACC0001929,CUST000154,checking,2275.55
ACC0001930,CUST002691,checking,1583.92
ACC0001931,CUST004832,checking,2788.08
ACC0001932,CUST001863,checking,2748.97
ACC0001933,CUST002345,savings,1658.22
ACC0001934,CUST000172,checking,2569.22
ACC0001935,CUST002589,checking,1103.17
ACC0001936,CUST003364,checking,5299.83
ACC0001937,CUST001212,checking,361.43
ACC0001938,CUST002069,checking,14184.05
ACC0001939,CUST001581,checking,9965.7
ACC0001940,CUST003345,savings,11882.04
ACC0001941,CUST000577,credit_card,3259.75
ACC0001942,CUST000228,checking,3456.37
ACC0001943,CUST004167,checking,2454.27
ACC0001944,CUST003255,savings,537.19
ACC0001945,CUST003253,checking,6259.34
ACC0001946,CUST003466,checking,578.72
ACC0001947,CUST000681,checking,416.8
ACC0001948,CUST004349,checking,5237.85
ACC0001949,CUST000533,savings,2647.48
ACC0001950,CUST004407,savings,1751.09
ACC0001951,CUST004945,checking,13245.41
ACC0001952,CUST000870,checking,812.71
ACC0001953,CUST004912,savings,6084.43
ACC0001954,CUST001650,credit_card,3933.1
ACC0001955,CUST003298,credit_card,2374.72
ACC0001956,CUST004435,savings,3816.94
ACC0001957,CUST004594,checking,1821.41
ACC0001958,CUST003081,savings,12025.86
ACC0001959,CUST004688,checking,461.31
ACC0001960,CUST000536,checking,2747.4
ACC0001961,CUST004094,credit_card,6331.67
ACC0001962,CUST002166,savings,5002.33
ACC0001963,CUST003095,checking,10603.48
ACC0001964,CUST003485,checking,3485.6
ACC0001965,CUST001702,savings,5091.23
ACC0001966,CUST002321,checking,2454.05
ACC0001967,CUST001340,checking,1534.35
ACC0001968,CUST004064,savings,6275.88
ACC0001969,CUST003646,checking,690.64
ACC0001970,CUST002324,checking,7759.83
ACC0001971,CUST000839,savings,675.69
ACC0001972,CUST003520,checking,2260.74
ACC0001973,CUST002632,checking,2787.57
ACC0001974,CUST003807,checking,1773.53
ACC0001975,CUST002668,savings,2172.59
ACC0001976,CUST001954,savings,2974.99
ACC0001977,CUST001119,savings,14010.46
ACC0001978,CUST001282,checking,9950.16
ACC0001979,CUST003415,savings,7139.65
ACC0001980,CUST001707,savings,2675.87
ACC0001981,CUST000863,checking,7485.06
ACC0001982,CUST002188,savings,23143.95
ACC0001983,CUST000298,checking,4691.83
ACC0001984,CUST004990,checking,2371.37
ACC0001985,CUST002666,checking,8102.53
ACC0001986,CUST003615,checking,1266.51
ACC0001987,CUST004664,checking,6874.89
ACC0001988,CUST004212,checking,15574.82
ACC0001989,CUST001139,checking,5979.3
ACC0001990,CUST000521,savings,1434.38
ACC0001991,CUST000828,savings,639.44
ACC0001992,CUST004861,savings,2142.98
ACC0001993,CUST000321,savings,8047.42
ACC0001994,CUST000694,credit_card,6422.53
ACC0001995,CUST002468,checking,2029.06
ACC0001996,CUST000672,checking,2427.86
ACC0001997,CUST002062,savings,2514.27
ACC0001998,CUST002559,credit_card,2756.35
ACC0001999,CUST001107,checking,307.05
ACC0002000,CUST002615,checking,12581.74
ACC0002001,CUST000847,checking,1429.71
ACC0002002,CUST000543,credit_card,2966.65
ACC0002003,CUST002096,credit_card,3214.95
ACC0002004,CUST003656,credit_card,3285.87
ACC0002005,CUST004095,credit_card,1786.45
ACC0002006,CUST002749,checking,877.99
ACC0002007,CUST004609,checking,3350.74
ACC0002008,CUST001692,checking,5972.23
ACC0002009,CUST001614,savings,3519.28
ACC0002010,CUST004340,checking,2594.85
ACC0002011,CUST000187,checking,9049.64
ACC0002012,CUST003868,savings,1385.72
ACC0002013,CUST002122,checking,4683.25
ACC0002014,CUST004629,savings,4893.33
ACC0002015,CUST002587,credit_card,2816.44
ACC0002016,CUST000950,checking,8676.37
ACC0002017,CUST003826,checking,2494.14
ACC0002018,CUST004564,savings,3342.25
ACC0002019,CUST001731,checking,378.85
ACC0002020,CUST002148,checking,3575.9
ACC0002021,CUST000854,checking,5832.75
ACC0002022,CUST001313,checking,5384.1
ACC0002023,CUST004967,savings,5708.84
ACC0002024,CUST000744,credit_card,957.48
ACC0002025,CUST002678,savings,5020.47
ACC0002026,CUST000241,checking,595.59
ACC0002027,CUST002110,checking,3521.74
ACC0002028,CUST004032,checking,7302.07
ACC0002029,CUST000300,checking,2401.41
ACC0002030,CUST004455,savings,5754.72
ACC0002031,CUST004721,checking,5035.06
ACC0002032,CUST002042,checking,7890.49
ACC0002033,CUST004591,checking,1809.41
ACC0002034,CUST004439,credit_card,16241.82
ACC0002035,CUST004308,checking,994.06
ACC0002036,CUST003180,credit_card,5392.25
ACC0002037,CUST002802,credit_card,1472.23
ACC0002038,CUST003346,credit_card,479.96
ACC0002039,CUST001045,checking,8933.16
ACC0002040,CUST002145,savings,1594.45
ACC0002041,CUST000244,checking,2075.08
ACC0002042,CUST003847,checking,1277.92
ACC0002043,CUST004357,checking,3450.42
ACC0002044,CUST001137,savings,768.14
ACC0002045,CUST000478,checking,1105.88
ACC0002046,CUST003127,savings,1213.05
ACC0002047,CUST002612,credit_card,2332.54
ACC0002048,CUST000031,checking,615.61
ACC0002049,CUST004347,checking,5209.02
ACC0002050,CUST001816,savings,2249.05
ACC0002051,CUST001730,checking,2587.75
ACC0002052,CUST000852,savings,2289.2
ACC0002053,CUST001926,checking,1382.01
ACC0002054,CUST004550,checking,1859.71
ACC0002055,CUST001235,savings,3235.36
ACC0002056,CUST004309,checking,3378.63
ACC0002057,CUST004458,checking,7661.95
ACC0002058,CUST002601,checking,4033.77
ACC0002059,CUST003001,credit_card,3779.66
ACC0002060,CUST002706,savings,5331.97
ACC0002061,CUST001451,checking,1190.34
ACC0002062,CUST004988,credit_card,9456.87
ACC0002063,CUST000162,checking,1216.73
ACC0002064,CUST000029,savings,5812.66
ACC0002065,CUST002251,savings,4015.65
ACC0002066,CUST002180,savings,5438.65
ACC0002067,CUST000152,credit_card,3357.76
ACC0002068,CUST004468,savings,2699.39
ACC0002069,CUST004326,checking,2549.4
ACC0002070,CUST004497,savings,15566.56
ACC0002071,CUST004659,checking,5151.38
ACC0002072,CUST001355,checking,2074.51
ACC0002073,CUST004926,checking,6032.69
ACC0002074,CUST003576,savings,3322.65
ACC0002075,CUST002666,savings,1330.75
ACC0002076,CUST003211,checking,6604.01
ACC0002077,CUST002811,checking,11163.86
ACC0002078,CUST002980,savings,4416.75
ACC0002079,CUST003773,checking,18326.74
ACC0002080,CUST002217,checking,390.57
ACC0002081,CUST004409,credit_card,4156.85
ACC0002082,CUST001129,savings,3786.15
ACC0002083,CUST000442,checking,279.56
ACC0002084,CUST003583,savings,1081.13
ACC0002085,CUST004864,savings,1972.98
ACC0002086,CUST002682,checking,1157.82
ACC0002087,CUST003333,credit_card,3586.32
ACC0002088,CUST000094,checking,1208.53
ACC0002089,CUST003502,checking,1930.99
ACC0002090,CUST003342,savings,18529.17
ACC0002091,CUST002671,checking,873.11
ACC0002092,CUST000891,savings,2633.11
ACC0002093,CUST004296,savings,3287.36
ACC0002094,CUST001918,savings,2805.32
ACC0002095,CUST001979,checking,10097.77
ACC0002096,CUST000811,savings,8457.89
ACC0002097,CUST001684,checking,1832.52
ACC0002098,CUST004008,savings,8577.17
ACC0002099,CUST000160,checking,1100.12
ACC0002100,CUST001355,checking,3775.78
ACC0002101,CUST004734,savings,1579.1
ACC0002102,CUST001419,checking,16289.41
ACC0002103,CUST000561,credit_card,7409.08
ACC0002104,CUST000778,checking,2571.58
ACC0002105,CUST004794,checking,1072.72
ACC0002106,CUST002399,checking,1110.45
ACC0002107,CUST002925,checking,408.94
ACC0002108,CUST001002,savings,867.5
ACC0002109,CUST000180,savings,1974.3
ACC0002110,CUST003227,checking,2701.45
ACC0002111,CUST004681,credit_card,5184.75
ACC0002112,CUST002315,savings,2550.37
ACC0002113,CUST003358,checking,922.55
ACC0002114,CUST002884,checking,2735.09
ACC0002115,CUST000205,credit_card,9944.25
ACC0002116,CUST004831,credit_card,2510.43
ACC0002117,CUST003031,credit_card,9326.26
ACC0002118,CUST003477,savings,1340.63
ACC0002119,CUST002824,savings,7597.69
ACC0002120,CUST002776,savings,2767.14
ACC0002121,CUST001603,checking,7828.63
ACC0002122,CUST004141,checking,3312.52
ACC0002123,CUST003510,credit_card,20069.17
ACC0002124,CUST000404,checking,3088.22
ACC0002125,CUST002314,checking,1503.71
ACC0002126,CUST001431,checking,6600.43
ACC0002127,CUST002306,checking,11525.95
ACC0002128,CUST004843,credit_card,9641.35
ACC0002129,CUST002424,savings,1988.11
ACC0002130,CUST001340,checking,3977.54
ACC0002131,CUST002040,checking,1368.22
ACC0002132,CUST001555,checking,2390.58
ACC0002133,CUST002975,checking,2314.23
ACC0002134,CUST000716,savings,3870.52
ACC0002135,CUST001353,checking,974.28
ACC0002136,CUST000812,checking,19096.46
ACC0002137,CUST001712,checking,1502.19
ACC0002138,CUST000552,savings,1688.62
ACC0002139,CUST003848,savings,21938.29
ACC0002140,CUST004369,savings,2831.47
ACC0002141,CUST001613,checking,2119.63
ACC0002142,CUST003085,savings,3474.61
ACC0002143,CUST000027,checking,1180.25
ACC0002144,CUST004835,checking,2356.86
ACC0002145,CUST000390,checking,2739.37
ACC0002146,CUST001957,credit_card,4276.75
ACC0002147,CUST002560,credit_card,2919.47
ACC0002148,CUST004578,savings,11569.33
ACC0002149,CUST002363,checking,919.73
ACC0002150,CUST002283,credit_card,26520.4
ACC0002151,CUST001290,checking,3009.46
ACC0002152,CUST001130,checking,1643.9
ACC0002153,CUST000383,savings,9096.84
ACC0002154,CUST003817,checking,2188.6
ACC0002155,CUST000109,checking,3453.41
ACC0002156,CUST002741,checking,2348.95
ACC0002157,CUST001201,checking,1855.16
ACC0002158,CUST004782,savings,5485.87
ACC0002159,CUST004877,credit_card,7709.15
ACC0002160,CUST002363,checking,941.19
ACC0002161,CUST000160,savings,2927.81
ACC0002162,CUST000657,savings,4643.7
ACC0002163,CUST003497,checking,12820.71
ACC0002164,CUST000405,credit_card,678.87
ACC0002165,CUST002686,checking,3241.69
ACC0002166,CUST000578,savings,3707.6
ACC0002167,CUST001428,savings,6129.29
ACC0002168,CUST003148,checking,4264.2
ACC0002169,CUST002139,checking,4113.33
ACC0002170,CUST003549,checking,1666.11
ACC0002171,CUST000209,checking,661.29
ACC0002172,CUST004481,checking,19010.52
ACC0002173,CUST001252,savings,2221.71
ACC0002174,CUST003333,checking,2184.91
ACC0002175,CUST003441,checking,1675.72
ACC0002176,CUST002685,savings,4647.47
ACC0002177,CUST004988,checking,1940.78
ACC0002178,CUST004147,checking,468.11
ACC0002179,CUST003445,checking,5877.03
ACC0002180,CUST001467,checking,964.38
ACC0002181,CUST002541,checking,1554.78
ACC0002182,CUST003448,credit_card,3801.67
ACC0002183,CUST001278,savings,2826.78
ACC0002184,CUST000370,checking,828.12
ACC0002185,CUST002641,checking,533.14
ACC0002186,CUST002127,savings,1275.74
ACC0002187,CUST000174,checking,6023.64
ACC0002188,CUST003970,checking,539.45
ACC0002189,CUST003657,savings,3283.74
ACC0002190,CUST000150,savings,2981.2
ACC0002191,CUST004444,savings,2244.41
ACC0002192,CUST003931,checking,153.28
ACC0002193,CUST003463,savings,5308.87
ACC0002194,CUST003735,savings,3914.59
ACC0002195,CUST001445,checking,537.7
ACC0002196,CUST004705,checking,4217.49
ACC0002197,CUST003103,checking,2455.35
ACC0002198,CUST004533,savings,2276.18
ACC0002199,CUST004588,checking,6252.86
ACC0002200,CUST000361,checking,2075.76
ACC0002201,CUST000836,checking,1235.37
ACC0002202,CUST002532,checking,8256.78
ACC0002203,CUST000594,checking,12194.88
ACC0002204,CUST000998,credit_card,2551.17
ACC0002205,CUST002022,checking,13377.31
ACC0002206,CUST004245,checking,3739.8
ACC0002207,CUST001252,savings,1207.73
ACC0002208,CUST004868,checking,21858.18
ACC0002209,CUST000566,savings,8810.56
ACC0002210,CUST001650,checking,1144.87
ACC0002211,CUST001406,checking,1477.07
ACC0002212,CUST001708,checking,2888.45
ACC0002213,CUST001841,checking,1318.29
ACC0002214,CUST003708,checking,1410.48
ACC0002215,CUST002420,checking,1762.13
ACC0002216,CUST001686,credit_card,1486.23
ACC0002217,CUST000135,savings,1551.67
ACC0002218,CUST000212,checking,2815.43
ACC0002219,CUST004994,savings,5286.36
ACC0002220,CUST000636,checking,1640.21
ACC0002221,CUST003843,savings,7850.76
ACC0002222,CUST002777,checking,3019.84
ACC0002223,CUST000787,checking,3787.05
ACC0002224,CUST001719,checking,2941.17
ACC0002225,CUST004344,credit_card,784.09
ACC0002226,CUST002127,credit_card,6563.74
ACC0002227,CUST003158,checking,5003.04
ACC0002228,CUST004431,checking,2664.19
ACC0002229,CUST004341,savings,1225.73
ACC0002230,CUST000292,savings,2664.51
ACC0002231,CUST003019,checking,17999.28
ACC0002232,CUST001013,checking,599.26
ACC0002233,CUST002842,savings,3870.16
ACC0002234,CUST003733,checking,1492.81
ACC0002235,CUST000440,savings,7392.27
ACC0002236,CUST003740,credit_card,7847.3
ACC0002237,CUST001981,credit_card,2398.73
ACC0002238,CUST003297,checking,3233.65
ACC0002239,CUST004817,credit_card,2113.93
ACC0002240,CUST003361,checking,2681.5
ACC0002241,CUST003239,credit_card,7669.65
ACC0002242,CUST000793,checking,11180.31
ACC0002243,CUST000192,checking,4339.99
ACC0002244,CUST004765,checking,1497.7
ACC0002245,CUST000715,credit_card,3311.22
ACC0002246,CUST003563,savings,3417.08
ACC0002247,CUST002379,checking,5395.5
ACC0002248,CUST000218,savings,4237.83
ACC0002249,CUST004680,savings,1911.27
ACC0002250,CUST004913,checking,4530.88
ACC0002251,CUST001110,checking,6556.33
ACC0002252,CUST002237,checking,680.22
ACC0002253,CUST004036,checking,2389.08
ACC0002254,CUST002962,savings,2534.2
ACC0002255,CUST002711,credit_card,18238.06
ACC0002256,CUST001655,savings,6001.25
ACC0002257,CUST002373,savings,1252.94
ACC0002258,CUST000539,checking,6966.23
ACC0002259,CUST003582,savings,1428.35
ACC0002260,CUST000940,checking,124.79
ACC0002261,CUST001154,checking,4750.29
ACC0002262,CUST002808,checking,781.62
ACC0002263,CUST003535,checking,6351.31
ACC0002264,CUST003400,checking,10772.71
ACC0002265,CUST000840,savings,1594.21
ACC0002266,CUST003866,checking,5313.49
ACC0002267,CUST000634,checking,4173.58
ACC0002268,CUST002144,checking,1929.57
ACC0002269,CUST000182,checking,2822.31
ACC0002270,CUST003827,savings,3703.17
ACC0002271,CUST003505,savings,1518.14
ACC0002272,CUST001959,checking,4925.26
ACC0002273,CUST004466,savings,3079.13
ACC0002274,CUST000850,checking,4197.1
ACC0002275,CUST000059,credit_card,5750.23
ACC0002276,CUST002171,credit_card,1073.3
ACC0002277,CUST000939,savings,3732.46
ACC0002278,CUST004206,checking,4521.67
ACC0002279,CUST001389,checking,34048.45
ACC0002280,CUST001370,savings,3399.22
ACC0002281,CUST000101,credit_card,4395.59
ACC0002282,CUST000177,checking,2155.62
ACC0002283,CUST000290,savings,2305.7
ACC0002284,CUST003433,savings,3884.91
ACC0002285,CUST002806,checking,4065.2
ACC0002286,CUST004925,checking,552.97
ACC0002287,CUST004239,checking,1582.29
ACC0002288,CUST004862,checking,3167.69
ACC0002289,CUST002502,credit_card,1034.04
ACC0002290,CUST004618,checking,648.48
ACC0002291,CUST001939,credit_card,2195.92
ACC0002292,CUST000106,credit_card,3077.6
ACC0002293,CUST001902,checking,2061.15
ACC0002294,CUST000600,checking,1010.46
ACC0002295,CUST004186,credit_card,10449.73
ACC0002296,CUST003553,savings,6971.31
ACC0002297,CUST003371,checking,334.3
ACC0002298,CUST004778,checking,489.24
ACC0002299,CUST003535,checking,5341.25
ACC0002300,CUST001589,checking,10482.13
ACC0002301,CUST000244,savings,2473.37
ACC0002302,CUST001142,credit_card,593.38
ACC0002303,CUST003020,checking,2075.69
ACC0002304,CUST002299,checking,14736.32
ACC0002305,CUST000706,savings,692.65
ACC0002306,CUST004606,checking,9503.55
ACC0002307,CUST002959,checking,489.88
ACC0002308,CUST004392,checking,6205.45
ACC0002309,CUST003605,checking,2924.41
ACC0002310,CUST002456,savings,2926.7
ACC0002311,CUST004747,checking,3290.39
ACC0002312,CUST001600,savings,1358.73
ACC0002313,CUST003535,savings,1051.49
ACC0002314,CUST002800,savings,1581.02
ACC0002315,CUST000706,credit_card,4935.15
ACC0002316,CUST002450,checking,2162.46
ACC0002317,CUST000730,checking,874.0
ACC0002318,CUST003662,checking,8660.02
ACC0002319,CUST004642,checking,3208.23
ACC0002320,CUST002085,checking,1220.25
ACC0002321,CUST003976,credit_card,858.18
ACC0002322,CUST003341,checking,5832.31
ACC0002323,CUST003443,savings,2551.33
ACC0002324,CUST000361,checking,12609.34
ACC0002325,CUST003391,savings,1938.55
ACC0002326,CUST000393,checking,7746.26
ACC0002327,CUST002788,checking,962.03
ACC0002328,CUST003353,savings,845.78
ACC0002329,CUST001340,savings,5118.21
ACC0002330,CUST000407,checking,843.53
ACC0002331,CUST004143,savings,3959.6
ACC0002332,CUST001306,checking,3498.55
ACC0002333,CUST004491,savings,13265.88
ACC0002334,CUST004578,checking,2917.38
ACC0002335,CUST003212,credit_card,4296.31
ACC0002336,CUST003728,checking,5878.45
ACC0002337,CUST003412,checking,3460.76
ACC0002338,CUST003787,checking,1817.89
ACC0002339,CUST004680,savings,17495.24
ACC0002340,CUST000717,checking,1344.21
ACC0002341,CUST001201,savings,7682.15
ACC0002342,CUST003215,savings,1623.45
ACC0002343,CUST003940,checking,10781.98
ACC0002344,CUST002685,checking,14193.13
ACC0002345,CUST000188,checking,1162.02
ACC0002346,CUST000499,savings,866.18
ACC0002347,CUST003390,checking,7193.52
ACC0002348,CUST003595,savings,9500.2
ACC0002349,CUST001719,checking,11974.56
ACC0002350,CUST004515,savings,3105.15
ACC0002351,CUST002601,savings,508.49
ACC0002352,CUST001018,savings,1458.87
ACC0002353,CUST004494,savings,2530.45
ACC0002354,CUST002547,checking,9768.11
ACC0002355,CUST000685,checking,638.26
ACC0002356,CUST004745,checking,1690.53
ACC0002357,CUST004052,checking,8014.07
ACC0002358,CUST000843,credit_card,8008.16
ACC0002359,CUST003147,checking,10800.24
ACC0002360,CUST003208,credit_card,220.8
ACC0002361,CUST002000,checking,1725.62
ACC0002362,CUST004689,savings,3837.95
ACC0002363,CUST004098,checking,2156.68
ACC0002364,CUST002084,savings,3605.55
ACC0002365,CUST001782,credit_card,1698.25
ACC0002366,CUST004988,checking,8600.92
ACC0002367,CUST003392,checking,3257.23
ACC0002368,CUST004618,savings,2643.85
ACC0002369,CUST001795,savings,3174.33
ACC0002370,CUST002676,checking,1087.02
ACC0002371,CUST004389,savings,5186.05
ACC0002372,CUST000535,checking,2744.95
ACC0002373,CUST000556,checking,2895.0
ACC0002374,CUST000741,savings,718.05
ACC0002375,CUST004356,checking,2058.81
ACC0002376,CUST004249,savings,8455.07
ACC0002377,CUST002123,credit_card,15048.56
ACC0002378,CUST001756,credit_card,5230.03
ACC0002379,CUST000284,checking,6700.43
ACC0002380,CUST000381,savings,1711.28
ACC0002381,CUST000007,checking,1279.17
ACC0002382,CUST003985,savings,2378.45
ACC0002383,CUST003807,checking,4023.76
ACC0002384,CUST000188,savings,2789.85
ACC0002385,CUST003568,checking,18481.14
ACC0002386,CUST000575,checking,24512.19
ACC0002387,CUST000959,savings,3621.86
ACC0002388,CUST002845,credit_card,1213.76
ACC0002389,CUST002238,savings,25400.51
ACC0002390,CUST002834,checking,1842.79
ACC0002391,CUST000474,savings,2997.41
ACC0002392,CUST003735,checking,3875.54
ACC0002393,CUST003430,checking,7780.98
ACC0002394,CUST003522,checking,5126.54
ACC0002395,CUST003230,checking,22280.42
ACC0002396,CUST001849,checking,4667.0
ACC0002397,CUST002444,checking,9962.07
ACC0002398,CUST000740,checking,1359.07
ACC0002399,CUST004409,savings,1511.39
ACC0002400,CUST003869,checking,11745.45
ACC0002401,CUST001532,credit_card,836.88
ACC0002402,CUST004650,credit_card,4079.45
ACC0002403,CUST000645,savings,18906.88
ACC0002404,CUST004658,checking,20522.06
ACC0002405,CUST002414,checking,2518.12
ACC0002406,CUST000256,checking,10332.52
ACC0002407,CUST000728,credit_card,3075.7
ACC0002408,CUST003592,checking,2396.56
ACC0002409,CUST002871,credit_card,952.14
ACC0002410,CUST001837,checking,1040.7
ACC0002411,CUST003285,checking,3525.2
ACC0002412,CUST003257,checking,8330.35
ACC0002413,CUST002044,checking,3440.32
ACC0002414,CUST004644,checking,20923.95
ACC0002415,CUST002162,credit_card,1618.31
ACC0002416,CUST002614,checking,2561.74
ACC0002417,CUST004990,savings,12678.95
ACC0002418,CUST004503,checking,6509.81
ACC0002419,CUST004302,checking,1047.51
ACC0002420,CUST003609,credit_card,4174.93
ACC0002421,CUST004975,savings,10480.32
ACC0002422,CUST003521,checking,15506.27
ACC0002423,CUST001952,checking,3844.87
ACC0002424,CUST003281,checking,4918.32
ACC0002425,CUST004786,checking,11122.58
ACC0002426,CUST004580,checking,5245.76
ACC0002427,CUST002524,credit_card,3690.18
ACC0002428,CUST000029,checking,707.77
ACC0002429,CUST004649,checking,2361.75
ACC0002430,CUST002355,savings,1970.29
ACC0002431,CUST000294,savings,4185.91
ACC0002432,CUST003380,credit_card,1477.6
ACC0002433,CUST001272,savings,2054.89
ACC0002434,CUST000902,credit_card,527.8
ACC0002435,CUST002370,checking,2093.32
ACC0002436,CUST000307,checking,2611.05
ACC0002437,CUST001865,checking,1896.73
ACC0002438,CUST004078,savings,4076.18
ACC0002439,CUST001986,checking,6417.35
ACC0002440,CUST004539,checking,14530.56
ACC0002441,CUST003922,credit_card,7455.12
ACC0002442,CUST001002,savings,5925.32
ACC0002443,CUST002743,checking,6343.98
ACC0002444,CUST004046,credit_card,1798.61
ACC0002445,CUST001389,savings,3770.43
ACC0002446,CUST004243,checking,1840.77
ACC0002447,CUST000120,checking,20493.02
ACC0002448,CUST002358,checking,4471.21
ACC0002449,CUST000760,checking,4959.05
ACC0002450,CUST002808,checking,2969.25
ACC0002451,CUST001221,credit_card,2691.9
ACC0002452,CUST000373,savings,2040.42
ACC0002453,CUST002645,credit_card,1252.9
ACC0002454,CUST001300,checking,13930.1
ACC0002455,CUST003869,checking,1498.04
ACC0002456,CUST004949,savings,469.6
ACC0002457,CUST004141,checking,1402.33
ACC0002458,CUST001555,checking,3379.86
ACC0002459,CUST003167,checking,6261.26
ACC0002460,CUST000751,credit_card,1447.47
ACC0002461,CUST002648,checking,1191.13
ACC0002462,CUST000869,savings,6779.91
ACC0002463,CUST002731,checking,2039.41
ACC0002464,CUST000340,checking,2446.37
ACC0002465,CUST000371,savings,3535.98
ACC0002466,CUST003570,credit_card,3159.96
ACC0002467,CUST003027,checking,3275.11
ACC0002468,CUST000290,savings,14337.0
ACC0002469,CUST003776,savings,1751.13
ACC0002470,CUST002682,checking,4216.88
ACC0002471,CUST000538,checking,2212.25
ACC0002472,CUST002870,savings,1360.64
ACC0002473,CUST000895,savings,9271.73
ACC0002474,CUST003183,savings,4246.67
ACC0002475,CUST004567,checking,616.03
ACC0002476,CUST003923,checking,44423.61
ACC0002477,CUST000119,checking,687.91
ACC0002478,CUST001078,savings,2341.19
ACC0002479,CUST001864,checking,2839.04
ACC0002480,CUST001630,savings,10313.3
ACC0002481,CUST000568,checking,645.72
ACC0002482,CUST003419,credit_card,777.29
ACC0002483,CUST004643,checking,4409.55
ACC0002484,CUST002976,credit_card,1987.65
ACC0002485,CUST001834,savings,3508.33
ACC0002486,CUST001550,checking,1936.55
ACC0002487,CUST000252,savings,16386.98
ACC0002488,CUST000554,credit_card,15109.05
ACC0002489,CUST000385,credit_card,821.17
ACC0002490,CUST004942,checking,4815.22
ACC0002491,CUST003100,checking,1468.38
ACC0002492,CUST000746,credit_card,3919.79
ACC0002493,CUST002858,savings,6035.77
ACC0002494,CUST000998,checking,3252.18
ACC0002495,CUST004240,checking,10502.71
ACC0002496,CUST002977,savings,6225.74
ACC0002497,CUST001960,credit_card,9236.08
ACC0002498,CUST002020,savings,434.33
ACC0002499,CUST001786,checking,7130.83
ACC0002500,CUST003313,checking,2710.56
ACC0002501,CUST004242,savings,4792.87
ACC0002502,CUST004852,checking,2089.85
ACC0002503,CUST001397,checking,5223.66
ACC0002504,CUST000491,checking,7669.95
ACC0002505,CUST003743,credit_card,6183.31
ACC0002506,CUST002891,credit_card,2112.52
ACC0002507,CUST002664,credit_card,11320.55
ACC0002508,CUST003560,credit_card,1710.0
ACC0002509,CUST003527,checking,2655.46
ACC0002510,CUST003465,savings,3079.3
ACC0002511,CUST000697,savings,585.52
ACC0002512,CUST001647,savings,10864.84
ACC0002513,CUST001155,checking,7159.95
ACC0002514,CUST000312,credit_card,6178.43
ACC0002515,CUST004528,savings,27226.23
ACC0002516,CUST000829,savings,14729.7
ACC0002517,CUST002846,checking,11092.26
ACC0002518,CUST003616,savings,11200.23
ACC0002519,CUST000196,checking,18658.19
ACC0002520,CUST003368,savings,4869.54
ACC0002521,CUST004869,credit_card,1117.77
ACC0002522,CUST004111,checking,2893.09
ACC0002523,CUST001749,savings,1554.01
ACC0002524,CUST000856,savings,8451.15
ACC0002525,CUST002905,checking,1266.88
ACC0002526,CUST002939,savings,1219.0
ACC0002527,CUST003291,checking,3175.39
ACC0002528,CUST003901,checking,5045.23
ACC0002529,CUST003385,checking,11808.11
ACC0002530,CUST003072,checking,264.02
ACC0002531,CUST002160,checking,791.74
ACC0002532,CUST003529,checking,34047.48
ACC0002533,CUST004072,checking,5239.84
ACC0002534,CUST000083,savings,2586.15
ACC0002535,CUST004959,checking,1898.46
ACC0002536,CUST000874,checking,2436.37
ACC0002537,CUST004768,checking,2095.12
ACC0002538,CUST004258,savings,2335.77
ACC0002539,CUST002232,savings,2403.66
ACC0002540,CUST004189,checking,3455.47
ACC0002541,CUST000178,checking,1973.82
ACC0002542,CUST002774,credit_card,11391.74
ACC0002543,CUST000591,checking,5044.51
ACC0002544,CUST001366,checking,6954.38
ACC0002545,CUST003187,savings,1616.96
ACC0002546,CUST004664,checking,3387.13
ACC0002547,CUST003462,savings,2694.91
ACC0002548,CUST003264,checking,6746.19
ACC0002549,CUST003868,savings,987.55
ACC0002550,CUST001510,checking,190.96
ACC0002551,CUST003749,checking,2487.39
ACC0002552,CUST004216,checking,2107.37
ACC0002553,CUST004080,credit_card,844.15
ACC0002554,CUST001476,credit_card,627.57
ACC0002555,CUST003319,savings,6791.58
ACC0002556,CUST000596,credit_card,882.59
ACC0002557,CUST003714,savings,10376.49
ACC0002558,CUST003313,checking,425.74
ACC0002559,CUST002118,checking,2620.72
ACC0002560,CUST003275,savings,1498.72
ACC0002561,CUST004205,checking,4427.8
ACC0002562,CUST003829,checking,12064.58
ACC0002563,CUST002010,checking,2496.2
ACC0002564,CUST004071,checking,602.08
ACC0002565,CUST003452,savings,1862.72
ACC0002566,CUST003003,credit_card,3468.04
ACC0002567,CUST002330,savings,1011.51
ACC0002568,CUST000604,credit_card,3725.94
ACC0002569,CUST000356,credit_card,1717.8
ACC0002570,CUST004713,savings,2026.09
ACC0002571,CUST004665,checking,14891.69
ACC0002572,CUST001966,credit_card,1234.72
ACC0002573,CUST000967,checking,12034.82
ACC0002574,CUST004917,checking,4601.86
ACC0002575,CUST001998,checking,719.05
ACC0002576,CUST002054,savings,1022.38
ACC0002577,CUST003744,credit_card,2014.21
ACC0002578,CUST001139,checking,1228.02
ACC0002579,CUST000165,checking,3129.08
ACC0002580,CUST000023,savings,25389.44
ACC0002581,CUST003688,checking,5923.08
ACC0002582,CUST004904,savings,1536.86
ACC0002583,CUST003407,checking,2168.35
ACC0002584,CUST001483,checking,11172.98
ACC0002585,CUST003392,savings,4052.8
ACC0002586,CUST004972,savings,1120.39
ACC0002587,CUST000837,savings,6095.3
ACC0002588,CUST000128,checking,1650.24
ACC0002589,CUST001733,checking,843.08
ACC0002590,CUST001627,checking,2584.02
ACC0002591,CUST000454,checking,11140.44
ACC0002592,CUST003355,savings,920.53
ACC0002593,CUST004998,checking,3813.53
ACC0002594,CUST002729,checking,4620.65
ACC0002595,CUST001880,savings,25835.65
ACC0002596,CUST000778,savings,2644.58
ACC0002597,CUST004349,credit_card,4745.43
ACC0002598,CUST002139,credit_card,456.94
ACC0002599,CUST000747,savings,1196.19
ACC0002600,CUST001920,checking,4521.37
ACC0002601,CUST003039,checking,1905.5
ACC0002602,CUST000216,savings,2269.27
ACC0002603,CUST003659,savings,1217.94
ACC0002604,CUST002592,checking,38824.48
ACC0002605,CUST001011,checking,2615.41
ACC0002606,CUST000145,credit_card,5986.44
ACC0002607,CUST004231,credit_card,13993.73
ACC0002608,CUST000600,checking,1510.16
ACC0002609,CUST001850,checking,19232.37
ACC0002610,CUST001885,checking,4871.83
ACC0002611,CUST002325,checking,1461.34
ACC0002612,CUST001123,checking,1278.99
ACC0002613,CUST003562,credit_card,15561.79
ACC0002614,CUST004112,checking,3868.14
ACC0002615,CUST004774,checking,9299.32
ACC0002616,CUST001269,savings,1077.59
ACC0002617,CUST000933,savings,47615.01
ACC0002618,CUST004943,savings,9065.24
ACC0002619,CUST002242,savings,1076.17
ACC0002620,CUST004335,checking,17823.68
ACC0002621,CUST003796,checking,1352.99
ACC0002622,CUST001814,checking,2043.57
ACC0002623,CUST004798,checking,628.49
ACC0002624,CUST004925,checking,2820.93
ACC0002625,CUST002923,checking,219.31
ACC0002626,CUST003500,savings,4299.35
ACC0002627,CUST000282,checking,12770.81
ACC0002628,CUST000048,checking,6818.1
ACC0002629,CUST000809,checking,1843.04
ACC0002630,CUST004118,savings,35473.59
ACC0002631,CUST003805,checking,2062.17
ACC0002632,CUST004116,checking,5204.61
ACC0002633,CUST001780,savings,4061.0
ACC0002634,CUST004375,checking,3143.58
ACC0002635,CUST001619,checking,4492.33
ACC0002636,CUST004689,checking,8374.32
ACC0002637,CUST004031,checking,2574.34
ACC0002638,CUST001263,checking,1300.98
ACC0002639,CUST000038,savings,934.86
ACC0002640,CUST000847,credit_card,3538.22
ACC0002641,CUST004443,checking,2124.12
ACC0002642,CUST001650,credit_card,3453.01
ACC0002643,CUST001764,checking,8790.17
ACC0002644,CUST002562,credit_card,771.16
ACC0002645,CUST004150,savings,7712.23
ACC0002646,CUST004317,savings,8124.19
ACC0002647,CUST002854,checking,3984.26
ACC0002648,CUST000531,savings,794.27
ACC0002649,CUST001251,checking,4061.48
ACC0002650,CUST004698,checking,1098.65
ACC0002651,CUST004044,savings,2189.6
ACC0002652,CUST000912,checking,3198.08
ACC0002653,CUST004851,savings,1438.84
ACC0002654,CUST003706,checking,1584.45
ACC0002655,CUST003550,credit_card,1365.66
ACC0002656,CUST004989,credit_card,5983.27
ACC0002657,CUST000938,savings,4266.05
ACC0002658,CUST004464,savings,2578.29
ACC0002659,CUST002505,checking,4695.09
ACC0002660,CUST004922,checking,2141.71
ACC0002661,CUST002102,checking,4069.26
ACC0002662,CUST002713,savings,3990.34
ACC0002663,CUST000059,checking,1675.1
ACC0002664,CUST002359,savings,2762.29
ACC0002665,CUST004774,savings,14430.39
ACC0002666,CUST004731,savings,15106.66
ACC0002667,CUST002196,credit_card,3790.55
ACC0002668,CUST003970,checking,5726.13
ACC0002669,CUST001166,checking,857.9
ACC0002670,CUST001504,credit_card,568.37
ACC0002671,CUST002377,checking,285.3
ACC0002672,CUST001735,savings,4812.58
ACC0002673,CUST001586,savings,12365.04
ACC0002674,CUST004009,credit_card,3987.59
ACC0002675,CUST004029,savings,4406.21
ACC0002676,CUST003619,checking,4219.78
ACC0002677,CUST001949,checking,2908.96
ACC0002678,CUST000179,savings,1234.13
ACC0002679,CUST002862,checking,3949.03
ACC0002680,CUST004189,checking,6490.43
ACC0002681,CUST002221,checking,3647.96
ACC0002682,CUST002644,savings,1850.09
ACC0002683,CUST002671,checking,660.83
ACC0002684,CUST000577,savings,11463.0
ACC0002685,CUST002891,savings,18465.97
ACC0002686,CUST001226,credit_card,19267.05
ACC0002687,CUST000318,checking,3540.96
ACC0002688,CUST001344,checking,2683.23
ACC0002689,CUST004530,checking,8001.68
ACC0002690,CUST003278,checking,3472.42
ACC0002691,CUST000424,credit_card,1283.0
ACC0002692,CUST004776,credit_card,933.58
ACC0002693,CUST004609,checking,1914.39
ACC0002694,CUST001876,checking,1996.89
ACC0002695,CUST001409,checking,14289.84
ACC0002696,CUST001459,checking,13410.83
ACC0002697,CUST004567,credit_card,2502.17
ACC0002698,CUST000470,checking,2816.74
ACC0002699,CUST002786,savings,13886.01
ACC0002700,CUST003398,checking,941.9
ACC0002701,CUST003037,checking,500.52
ACC0002702,CUST002733,checking,2578.31
ACC0002703,CUST000451,checking,1278.15
ACC0002704,CUST000790,checking,1800.05
ACC0002705,CUST004972,credit_card,2711.67
ACC0002706,CUST000233,savings,6254.89
ACC0002707,CUST003543,checking,1260.0
ACC0002708,CUST001045,credit_card,28621.43
ACC0002709,CUST001679,checking,849.37
ACC0002710,CUST003850,checking,9975.92
ACC0002711,CUST000628,credit_card,1513.7
ACC0002712,CUST003563,savings,1458.32
ACC0002713,CUST002575,checking,3140.11
ACC0002714,CUST003165,checking,3864.84
ACC0002715,CUST003128,savings,4558.53
ACC0002716,CUST001517,checking,2200.85
ACC0002717,CUST000495,checking,1474.68
ACC0002718,CUST002506,savings,967.37
ACC0002719,CUST001483,checking,8301.21
ACC0002720,CUST002954,checking,1720.56
ACC0002721,CUST001332,credit_card,825.58
ACC0002722,CUST003091,savings,716.83
ACC0002723,CUST004987,checking,2148.77
ACC0002724,CUST002017,checking,2149.69
ACC0002725,CUST002110,credit_card,874.4
ACC0002726,CUST000331,checking,1007.95
ACC0002727,CUST002060,savings,5881.28
ACC0002728,CUST002759,checking,5472.66
ACC0002729,CUST000574,savings,3950.24
ACC0002730,CUST001304,credit_card,1685.51
ACC0002731,CUST004586,credit_card,2382.02
ACC0002732,CUST004866,savings,6183.92
ACC0002733,CUST004727,savings,1483.56
ACC0002734,CUST003983,checking,9476.68
ACC0002735,CUST003076,savings,4872.11
ACC0002736,CUST000565,checking,3760.92
ACC0002737,CUST000074,credit_card,2309.34
ACC0002738,CUST004572,credit_card,9124.72
ACC0002739,CUST003451,checking,6276.05
ACC0002740,CUST001035,checking,5019.7
ACC0002741,CUST004272,checking,3692.44
ACC0002742,CUST003036,checking,2497.36
ACC0002743,CUST003050,checking,897.82
ACC0002744,CUST003299,checking,3732.09
ACC0002745,CUST003769,savings,5262.62
ACC0002746,CUST001746,checking,2539.89
ACC0002747,CUST000442,checking,485.82
ACC0002748,CUST000510,savings,8340.55
ACC0002749,CUST000603,checking,3482.62
ACC0002750,CUST002110,savings,7380.23
ACC0002751,CUST001617,checking,4825.04
ACC0002752,CUST000679,checking,675.2
ACC0002753,CUST000126,credit_card,8131.25
ACC0002754,CUST000378,checking,512.05
ACC0002755,CUST001091,checking,1955.44
ACC0002756,CUST001009,savings,657.71
ACC0002757,CUST002344,savings,1506.64
ACC0002758,CUST000718,credit_card,584.26
ACC0002759,CUST004418,checking,1263.92
ACC0002760,CUST001099,checking,974.31
ACC0002761,CUST002609,savings,3345.12
ACC0002762,CUST004212,checking,2884.5
ACC0002763,CUST000725,checking,2607.32
ACC0002764,CUST000855,credit_card,1700.44
ACC0002765,CUST000233,savings,2235.01
ACC0002766,CUST001207,savings,597.3
ACC0002767,CUST003786,checking,6183.92
ACC0002768,CUST004918,credit_card,9350.19
ACC0002769,CUST001211,checking,2760.16
ACC0002770,CUST004287,checking,2057.42
ACC0002771,CUST003935,checking,25107.92
ACC0002772,CUST000986,checking,5526.8
ACC0002773,CUST001634,checking,1362.25
ACC0002774,CUST001768,checking,2325.08
ACC0002775,CUST003561,checking,1778.92
ACC0002776,CUST002270,checking,5632.08
ACC0002777,CUST003166,checking,5195.8
ACC0002778,CUST002842,checking,17924.88
ACC0002779,CUST000816,checking,2393.08
ACC0002780,CUST004098,checking,6767.18
ACC0002781,CUST004282,checking,3149.26
ACC0002782,CUST001730,checking,3639.79
ACC0002783,CUST003863,savings,1763.76
ACC0002784,CUST003101,checking,1589.38
ACC0002785,CUST003124,savings,9074.91
ACC0002786,CUST004241,credit_card,6057.55
ACC0002787,CUST002770,credit_card,449.31
ACC0002788,CUST001835,checking,8183.94
ACC0002789,CUST001592,credit_card,3700.81
ACC0002790,CUST002203,credit_card,2171.42
ACC0002791,CUST000792,savings,823.45
ACC0002792,CUST001042,checking,24298.4
ACC0002793,CUST003326,checking,1621.37
ACC0002794,CUST000674,checking,1667.11
ACC0002795,CUST002408,checking,4798.28
ACC0002796,CUST001189,checking,5048.67
ACC0002797,CUST004035,checking,292.16
ACC0002798,CUST003292,savings,694.06
ACC0002799,CUST001047,checking,2546.12
ACC0002800,CUST001256,checking,1466.52
ACC0002801,CUST001305,checking,1597.45
ACC0002802,CUST003337,checking,970.71
ACC0002803,CUST000157,checking,3360.3
ACC0002804,CUST001053,checking,8146.07
ACC0002805,CUST004080,checking,7922.75
ACC0002806,CUST003999,credit_card,2713.37
ACC0002807,CUST004744,savings,416.07
ACC0002808,CUST003343,credit_card,322.24
ACC0002809,CUST002105,credit_card,368.67
ACC0002810,CUST004372,credit_card,978.83
ACC0002811,CUST003487,checking,5299.43
ACC0002812,CUST003554,savings,2874.58
ACC0002813,CUST003394,savings,2532.61
ACC0002814,CUST004714,checking,1550.16
ACC0002815,CUST000639,checking,787.09
ACC0002816,CUST004094,checking,4395.02
ACC0002817,CUST000295,checking,1687.53
ACC0002818,CUST001570,checking,4502.87
ACC0002819,CUST003644,savings,1549.36
ACC0002820,CUST001882,checking,2531.41
ACC0002821,CUST001633,checking,254.28
ACC0002822,CUST003849,checking,5801.63
ACC0002823,CUST001681,checking,965.62
ACC0002824,CUST002559,checking,16750.75
ACC0002825,CUST003464,savings,1296.84
ACC0002826,CUST004857,checking,2131.23
ACC0002827,CUST003071,checking,2379.92
ACC0002828,CUST002048,checking,2158.01
ACC0002829,CUST002416,checking,6046.58
ACC0002830,CUST001408,savings,10663.2
ACC0002831,CUST002175,checking,1687.09
ACC0002832,CUST003683,credit_card,3329.27
ACC0002833,CUST004126,savings,1694.74
ACC0002834,CUST004217,checking,9935.94
ACC0002835,CUST000975,savings,565.23
ACC0002836,CUST000526,checking,610.7
ACC0002837,CUST003907,checking,3111.94
ACC0002838,CUST000902,savings,2451.29
ACC0002839,CUST000933,checking,2433.74
ACC0002840,CUST001023,checking,7131.95
ACC0002841,CUST003104,savings,3690.15
ACC0002842,CUST001454,savings,4817.38
ACC0002843,CUST001355,checking,1697.74
ACC0002844,CUST003486,checking,6920.8
ACC0002845,CUST004640,savings,974.39
ACC0002846,CUST003418,checking,639.77
ACC0002847,CUST003915,checking,10350.27
ACC0002848,CUST001155,checking,2998.24
ACC0002849,CUST004358,checking,3465.63
ACC0002850,CUST003624,savings,14830.04
ACC0002851,CUST000638,savings,8467.42
ACC0002852,CUST004950,credit_card,2934.74
ACC0002853,CUST000164,checking,4345.7
ACC0002854,CUST001145,savings,7752.13
ACC0002855,CUST003437,checking,3535.86
ACC0002856,CUST004384,checking,8515.84
ACC0002857,CUST004434,checking,3598.04
ACC0002858,CUST000877,checking,5416.92
ACC0002859,CUST000234,checking,2706.6
ACC0002860,CUST004351,checking,36040.31
ACC0002861,CUST003223,savings,2639.75
ACC0002862,CUST004275,credit_card,5097.81
ACC0002863,CUST000857,checking,2832.38
ACC0002864,CUST004444,checking,7060.66
ACC0002865,CUST003402,savings,2343.35
ACC0002866,CUST001881,checking,3147.77
ACC0002867,CUST003299,savings,1491.06
ACC0002868,CUST000355,credit_card,5946.59
ACC0002869,CUST001434,checking,13407.5
ACC0002870,CUST002634,savings,3497.34
ACC0002871,CUST003416,credit_card,2985.49
ACC0002872,CUST004422,checking,9367.8
ACC0002873,CUST003209,checking,8878.48
ACC0002874,CUST001853,checking,609.33
ACC0002875,CUST002232,savings,1582.26
ACC0002876,CUST000315,checking,1411.04
ACC0002877,CUST003616,checking,1151.11
ACC0002878,CUST000849,credit_card,2299.32
ACC0002879,CUST004751,checking,13444.17
ACC0002880,CUST004339,credit_card,5639.18
ACC0002881,CUST003582,savings,9802.9
ACC0002882,CUST003541,checking,5031.87
ACC0002883,CUST003938,savings,1333.36
ACC0002884,CUST001812,savings,4715.85
ACC0002885,CUST001670,checking,1080.02
ACC0002886,CUST001645,checking,474.97
ACC0002887,CUST003697,savings,602.68
ACC0002888,CUST000444,checking,6210.3
ACC0002889,CUST004681,checking,1154.4
ACC0002890,CUST001755,checking,2687.63
ACC0002891,CUST000443,credit_card,22618.18
ACC0002892,CUST001283,checking,1584.76
ACC0002893,CUST004314,checking,5269.66
ACC0002894,CUST003047,savings,2088.36
ACC0002895,CUST000188,credit_card,8575.12
ACC0002896,CUST000619,checking,3410.5
ACC0002897,CUST000954,checking,1361.36
ACC0002898,CUST002375,checking,3553.56
ACC0002899,CUST003372,savings,5844.79
ACC0002900,CUST001946,savings,1452.34
ACC0002901,CUST002204,credit_card,1982.31
ACC0002902,CUST002528,credit_card,7653.78
ACC0002903,CUST002593,savings,5509.04
ACC0002904,CUST000201,savings,361.57
ACC0002905,CUST004790,savings,8279.74
ACC0002906,CUST003426,savings,1664.21
ACC0002907,CUST001533,credit_card,1771.97
ACC0002908,CUST003206,savings,3074.44
ACC0002909,CUST002045,checking,2154.32
ACC0002910,CUST000832,savings,10709.64
ACC0002911,CUST004826,checking,1021.5
ACC0002912,CUST001668,checking,2283.31
ACC0002913,CUST000188,checking,9211.82
ACC0002914,CUST003839,savings,4219.74
ACC0002915,CUST002010,savings,18140.12
ACC0002916,CUST002916,checking,3225.08
ACC0002917,CUST003902,savings,7082.48
ACC0002918,CUST004848,savings,2786.78
ACC0002919,CUST003808,checking,4299.7
ACC0002920,CUST001828,checking,2107.58
ACC0002921,CUST002952,checking,6619.3
ACC0002922,CUST001732,checking,11663.22
ACC0002923,CUST000058,checking,3309.56
ACC0002924,CUST003151,checking,3125.72
ACC0002925,CUST001435,checking,9041.44
ACC0002926,CUST004215,checking,5298.71
ACC0002927,CUST004733,checking,2000.27
ACC0002928,CUST002078,credit_card,1239.09
ACC0002929,CUST003376,savings,9211.85
ACC0002930,CUST001920,checking,494.19
ACC0002931,CUST001111,credit_card,3221.27
ACC0002932,CUST002594,savings,1934.41
ACC0002933,CUST001739,checking,1811.15
ACC0002934,CUST004616,credit_card,1072.28
ACC0002935,CUST000914,savings,16062.01
ACC0002936,CUST000198,checking,1419.28
ACC0002937,CUST002714,checking,5585.83
ACC0002938,CUST003827,checking,2734.93
ACC0002939,CUST003358,checking,4027.12
ACC0002940,CUST001789,savings,3328.3
ACC0002941,CUST000476,checking,2115.85
ACC0002942,CUST000360,checking,3632.06
ACC0002943,CUST002118,checking,6079.74
ACC0002944,CUST000453,savings,700.99
ACC0002945,CUST002816,checking,2619.27
ACC0002946,CUST001329,checking,421.06
ACC0002947,CUST004794,credit_card,1924.45
ACC0002948,CUST004811,checking,594.26
ACC0002949,CUST001114,checking,2016.02
ACC0002950,CUST004450,checking,1214.92
ACC0002951,CUST004757,credit_card,1187.4
ACC0002952,CUST002297,savings,1373.3
ACC0002953,CUST002076,credit_card,4437.46
ACC0002954,CUST000212,checking,8432.92
ACC0002955,CUST001236,checking,3037.47
ACC0002956,CUST003666,savings,11781.23
ACC0002957,CUST000751,checking,2541.66
ACC0002958,CUST002113,checking,1121.4
ACC0002959,CUST003949,savings,19621.25
ACC0002960,CUST003046,checking,2313.04
ACC0002961,CUST001833,checking,7786.3
ACC0002962,CUST004068,checking,1932.84
ACC0002963,CUST001707,savings,3316.28
ACC0002964,CUST000450,checking,19150.87
ACC0002965,CUST003109,checking,21753.13
ACC0002966,CUST000404,savings,2810.58
ACC0002967,CUST000253,checking,5861.29
ACC0002968,CUST001694,checking,9634.41
ACC0002969,CUST002418,checking,4986.02
ACC0002970,CUST004128,checking,6704.25
ACC0002971,CUST004162,checking,420.7
ACC0002972,CUST004038,checking,10543.8
ACC0002973,CUST000132,savings,6736.74
ACC0002974,CUST004822,checking,4894.81
ACC0002975,CUST002804,checking,2005.68
ACC0002976,CUST001100,checking,669.15
ACC0002977,CUST000104,savings,911.83
ACC0002978,CUST004597,checking,23726.71
ACC0002979,CUST000039,checking,3340.49
ACC0002980,CUST003613,savings,14079.04
ACC0002981,CUST000490,savings,1831.01
ACC0002982,CUST002624,credit_card,5592.39
ACC0002983,CUST004599,savings,6717.62
ACC0002984,CUST004740,savings,4532.74
ACC0002985,CUST003942,checking,13309.48
ACC0002986,CUST003592,checking,3237.54
ACC0002987,CUST000365,checking,6900.5
ACC0002988,CUST002870,checking,41313.46
ACC0002989,CUST000410,savings,3333.89
ACC0002990,CUST004023,checking,1366.55
ACC0002991,CUST002838,savings,930.58
ACC0002992,CUST001281,savings,1543.25
ACC0002993,CUST000392,checking,196.07
ACC0002994,CUST003539,checking,705.95
ACC0002995,CUST004702,credit_card,2949.11
ACC0002996,CUST004976,credit_card,3460.83
ACC0002997,CUST002264,checking,735.27
ACC0002998,CUST002804,checking,1096.61
ACC0002999,CUST001398,credit_card,2101.93
ACC0003000,CUST001483,checking,1992.95
ACC0003001,CUST003453,savings,7998.18
ACC0003002,CUST003231,savings,1551.92
ACC0003003,CUST000368,checking,4630.78
ACC0003004,CUST004336,savings,2971.72
ACC0003005,CUST000359,credit_card,3573.77
ACC0003006,CUST004392,savings,1024.47
ACC0003007,CUST001798,credit_card,1966.11
ACC0003008,CUST004486,checking,8422.26
ACC0003009,CUST001978,savings,566.11
ACC0003010,CUST002293,savings,2022.86
ACC0003011,CUST004659,checking,4509.63
ACC0003012,CUST004991,checking,2405.79
ACC0003013,CUST000070,checking,1826.39
ACC0003014,CUST003161,savings,2955.96
ACC0003015,CUST003673,checking,34777.51
ACC0003016,CUST003323,checking,2055.61
ACC0003017,CUST001006,checking,377.32
ACC0003018,CUST001037,checking,5552.27
ACC0003019,CUST003623,savings,3461.45
ACC0003020,CUST000460,checking,18842.04
ACC0003021,CUST003262,savings,14860.39
ACC0003022,CUST002615,checking,1686.31
ACC0003023,CUST004680,credit_card,2909.04
ACC0003024,CUST000847,savings,29230.62
ACC0003025,CUST003604,checking,1484.99
ACC0003026,CUST003811,checking,768.74
ACC0003027,CUST003549,checking,7324.12
ACC0003028,CUST000699,checking,3211.49
ACC0003029,CUST002596,checking,15579.35
ACC0003030,CUST001620,checking,6530.29
ACC0003031,CUST001674,checking,6627.94
ACC0003032,CUST001174,credit_card,1567.37
ACC0003033,CUST000968,credit_card,7039.76
ACC0003034,CUST003469,credit_card,4527.03
ACC0003035,CUST002341,savings,2565.07
ACC0003036,CUST003087,savings,9706.06
ACC0003037,CUST004194,checking,6430.99
ACC0003038,CUST002347,savings,6721.54
ACC0003039,CUST004812,savings,2679.69
ACC0003040,CUST001418,checking,20782.93
ACC0003041,CUST002453,savings,1373.59
ACC0003042,CUST001519,savings,276.03
ACC0003043,CUST002415,savings,4511.1
ACC0003044,CUST003948,checking,1916.93
ACC0003045,CUST000684,checking,3455.4
ACC0003046,CUST002998,checking,6752.75
ACC0003047,CUST000557,savings,2086.03
ACC0003048,CUST001492,savings,667.57
ACC0003049,CUST003051,checking,11563.98
ACC0003050,CUST001740,savings,830.0
ACC0003051,CUST000806,credit_card,2204.3
ACC0003052,CUST000944,checking,3671.61
ACC0003053,CUST004567,checking,38022.39
ACC0003054,CUST001467,credit_card,7421.87
ACC0003055,CUST003417,checking,680.69
ACC0003056,CUST001443,checking,5412.32
ACC0003057,CUST003536,savings,8722.32
ACC0003058,CUST002620,checking,12716.56
ACC0003059,CUST000721,savings,2640.26
ACC0003060,CUST004019,checking,4929.81
ACC0003061,CUST001153,credit_card,2586.83
ACC0003062,CUST004770,checking,1233.72
ACC0003063,CUST002185,checking,586.78
ACC0003064,CUST003852,savings,1613.92
ACC0003065,CUST001566,checking,790.55
ACC0003066,CUST002253,checking,3236.09
ACC0003067,CUST003426,checking,4517.3
ACC0003068,CUST000712,checking,3072.15
ACC0003069,CUST002319,savings,2180.11
ACC0003070,CUST004000,savings,6309.86
ACC0003071,CUST004286,savings,883.94
ACC0003072,CUST000171,checking,2374.13
ACC0003073,CUST000349,credit_card,2532.69
ACC0003074,CUST000105,savings,3708.97
ACC0003075,CUST002260,checking,4910.36
ACC0003076,CUST001727,savings,1108.29
ACC0003077,CUST004052,checking,5446.38
ACC0003078,CUST003204,savings,17210.6
ACC0003079,CUST000596,checking,5499.73
ACC0003080,CUST003132,checking,2258.42
ACC0003081,CUST001208,savings,1101.95
ACC0003082,CUST002966,savings,1737.89
ACC0003083,CUST003122,credit_card,5332.67
ACC0003084,CUST001207,credit_card,1512.83
ACC0003085,CUST000349,savings,38849.49
ACC0003086,CUST003644,checking,3349.35
ACC0003087,CUST000067,checking,6131.09
ACC0003088,CUST001002,checking,1486.2
ACC0003089,CUST002324,checking,4834.09
ACC0003090,CUST002652,checking,5073.66
ACC0003091,CUST003931,checking,1269.05
ACC0003092,CUST004239,checking,21770.29
ACC0003093,CUST001818,checking,1204.44
ACC0003094,CUST001579,checking,2481.46
ACC0003095,CUST004224,savings,1149.8
ACC0003096,CUST002022,savings,21354.96
ACC0003097,CUST000973,credit_card,5736.28
ACC0003098,CUST002104,checking,840.56
ACC0003099,CUST002516,credit_card,1362.67
ACC0003100,CUST004359,checking,215.62
ACC0003101,CUST002193,savings,1114.97
ACC0003102,CUST000718,checking,13551.77
ACC0003103,CUST004900,savings,1642.14
ACC0003104,CUST000571,checking,5858.94
ACC0003105,CUST004985,savings,7960.38
ACC0003106,CUST001633,credit_card,2260.1
ACC0003107,CUST002481,savings,873.96
ACC0003108,CUST003180,credit_card,1254.91
ACC0003109,CUST004328,checking,3837.07
ACC0003110,CUST004656,savings,1854.1
ACC0003111,CUST004399,checking,5991.37
ACC0003112,CUST001616,checking,7797.25
ACC0003113,CUST002096,savings,1131.23
ACC0003114,CUST002411,credit_card,2557.61
ACC0003115,CUST004303,checking,4603.87
ACC0003116,CUST002266,checking,3079.24
ACC0003117,CUST003120,checking,3901.7
ACC0003118,CUST002522,savings,10382.14
ACC0003119,CUST001422,savings,34239.14
ACC0003120,CUST001088,credit_card,1476.41
ACC0003121,CUST000457,checking,2502.97
ACC0003122,CUST000691,checking,4356.4
ACC0003123,CUST000978,checking,2287.01
ACC0003124,CUST001709,checking,771.68
ACC0003125,CUST002258,checking,3398.25
ACC0003126,CUST000751,savings,640.04
ACC0003127,CUST003756,checking,975.11
ACC0003128,CUST001837,checking,1806.29
ACC0003129,CUST000580,savings,3512.95
ACC0003130,CUST002324,checking,1559.37
ACC0003131,CUST004309,savings,3774.98
ACC0003132,CUST001517,credit_card,951.88
ACC0003133,CUST004136,checking,6706.04
ACC0003134,CUST000108,savings,1865.71
ACC0003135,CUST000577,savings,1059.76
ACC0003136,CUST000808,savings,5908.28
ACC0003137,CUST003060,checking,970.23
ACC0003138,CUST001984,credit_card,4177.29
ACC0003139,CUST003923,checking,3153.55
ACC0003140,CUST000875,checking,7964.1
ACC0003141,CUST001662,checking,4541.53
ACC0003142,CUST001799,savings,1980.32
ACC0003143,CUST001437,credit_card,8261.41
ACC0003144,CUST000645,savings,2374.88
ACC0003145,CUST001537,credit_card,2342.87
ACC0003146,CUST002984,credit_card,1422.97
ACC0003147,CUST000564,checking,3966.3
ACC0003148,CUST003160,checking,435.09
ACC0003149,CUST002234,savings,1698.8
ACC0003150,CUST004941,checking,2559.34
ACC0003151,CUST001344,savings,5066.14
ACC0003152,CUST002072,checking,4842.3
ACC0003153,CUST002476,checking,3128.61
ACC0003154,CUST003544,savings,19881.35
ACC0003155,CUST002196,savings,482.48
ACC0003156,CUST000080,savings,5889.81
ACC0003157,CUST001160,checking,11411.38
ACC0003158,CUST003858,checking,407.0
ACC0003159,CUST004957,checking,3402.56
ACC0003160,CUST001359,checking,1751.24
ACC0003161,CUST000230,checking,1448.5
ACC0003162,CUST004319,checking,3572.18
ACC0003163,CUST002682,checking,1192.21
ACC0003164,CUST000236,credit_card,1678.13
ACC0003165,CUST002695,savings,272.43
ACC0003166,CUST000184,savings,5098.01
ACC0003167,CUST004697,checking,1591.91
ACC0003168,CUST002451,savings,3237.12
ACC0003169,CUST003561,credit_card,1343.91
ACC0003170,CUST000328,credit_card,3932.6
ACC0003171,CUST001842,checking,1201.31
ACC0003172,CUST004574,checking,465.49
ACC0003173,CUST004822,savings,5921.13
ACC0003174,CUST003808,checking,792.38
ACC0003175,CUST003896,credit_card,633.65
ACC0003176,CUST000296,savings,3011.56
ACC0003177,CUST002635,savings,761.16
ACC0003178,CUST002914,checking,8688.59
ACC0003179,CUST001162,checking,1155.83
ACC0003180,CUST004535,savings,12709.47
ACC0003181,CUST004102,checking,10172.33
ACC0003182,CUST004801,savings,4026.51
ACC0003183,CUST003562,savings,987.28
ACC0003184,CUST004843,credit_card,3597.48
ACC0003185,CUST002519,checking,6796.52
ACC0003186,CUST002803,savings,3345.02
ACC0003187,CUST002087,checking,842.78
ACC0003188,CUST000442,savings,5456.04
ACC0003189,CUST000131,savings,1027.34
ACC0003190,CUST002001,checking,28910.06
ACC0003191,CUST003757,checking,7305.86
ACC0003192,CUST000033,credit_card,5781.8
ACC0003193,CUST002913,credit_card,1503.45
ACC0003194,CUST002155,credit_card,261.75
ACC0003195,CUST003046,checking,9188.14
ACC0003196,CUST004140,checking,566.19
ACC0003197,CUST004340,checking,1964.91
ACC0003198,CUST004087,checking,13488.5
ACC0003199,CUST003438,savings,6304.54
ACC0003200,CUST000071,checking,1226.07
ACC0003201,CUST004739,checking,5714.22
ACC0003202,CUST003188,savings,4060.04
ACC0003203,CUST000798,credit_card,13781.75
ACC0003204,CUST000416,checking,3608.97
ACC0003205,CUST004265,savings,12242.2
ACC0003206,CUST004314,savings,1682.18
ACC0003207,CUST002397,checking,1356.79
ACC0003208,CUST004893,credit_card,4124.49
ACC0003209,CUST000482,credit_card,122.05
ACC0003210,CUST000756,savings,12020.74
ACC0003211,CUST003794,savings,657.21
ACC0003212,CUST004246,savings,2691.96
ACC0003213,CUST004931,checking,856.79
ACC0003214,CUST003762,savings,724.9
ACC0003215,CUST004338,savings,2376.21
ACC0003216,CUST000497,checking,1578.03
ACC0003217,CUST001409,checking,6156.7
ACC0003218,CUST003213,checking,16979.08
ACC0003219,CUST001370,checking,233.52
ACC0003220,CUST000732,savings,6904.83
ACC0003221,CUST004710,checking,9224.5
ACC0003222,CUST001269,savings,4936.93
ACC0003223,CUST001834,checking,1184.72
ACC0003224,CUST004668,checking,6565.74
ACC0003225,CUST001009,savings,8579.3
ACC0003226,CUST004446,credit_card,3681.34
ACC0003227,CUST004592,credit_card,1590.39
ACC0003228,CUST004367,savings,1932.16
ACC0003229,CUST003331,savings,12547.52
ACC0003230,CUST004041,checking,4312.74
ACC0003231,CUST004030,savings,1025.24
ACC0003232,CUST002336,credit_card,1607.31
ACC0003233,CUST001718,savings,1260.46
ACC0003234,CUST004218,credit_card,221.1
ACC0003235,CUST000929,savings,5026.23
ACC0003236,CUST002200,checking,5569.88
ACC0003237,CUST003268,checking,366.39
ACC0003238,CUST003621,savings,5699.68
ACC0003239,CUST000464,checking,2653.82
ACC0003240,CUST004749,credit_card,7928.89
ACC0003241,CUST004120,credit_card,2757.73
ACC0003242,CUST002049,checking,2566.3
ACC0003243,CUST001949,checking,1391.57
ACC0003244,CUST003371,checking,951.29
ACC0003245,CUST004123,savings,1068.75
ACC0003246,CUST004108,checking,5346.68
ACC0003247,CUST003163,checking,1941.78
ACC0003248,CUST001674,credit_card,3826.4
ACC0003249,CUST001031,checking,7185.66
ACC0003250,CUST003969,savings,4825.8
ACC0003251,CUST000500,savings,1166.58
ACC0003252,CUST003915,checking,249.39
ACC0003253,CUST004845,checking,584.49
ACC0003254,CUST003842,savings,5726.84
ACC0003255,CUST003899,checking,8596.33
ACC0003256,CUST001694,checking,1417.71
ACC0003257,CUST004933,checking,2956.71
ACC0003258,CUST001733,credit_card,927.3
ACC0003259,CUST004599,savings,1233.2
ACC0003260,CUST003725,checking,3989.82
ACC0003261,CUST000067,credit_card,2977.88
ACC0003262,CUST003703,checking,1192.33
ACC0003263,CUST000823,checking,684.08
ACC0003264,CUST001261,checking,8571.53
ACC0003265,CUST003839,savings,510.0
ACC0003266,CUST002885,credit_card,6155.19
ACC0003267,CUST000928,checking,1911.93
ACC0003268,CUST001620,checking,3983.79
ACC0003269,CUST003874,checking,1447.84
ACC0003270,CUST002961,credit_card,6795.46
ACC0003271,CUST003567,checking,388.33
ACC0003272,CUST003390,credit_card,4808.04
ACC0003273,CUST000674,credit_card,19034.37
ACC0003274,CUST002879,checking,1471.37
ACC0003275,CUST003400,checking,609.81
ACC0003276,CUST001151,checking,7001.07
ACC0003277,CUST003620,checking,2479.41
ACC0003278,CUST001079,savings,1102.15
ACC0003279,CUST001490,checking,2325.23
ACC0003280,CUST001628,savings,4068.36
ACC0003281,CUST003427,checking,1101.85
ACC0003282,CUST001408,savings,701.99
ACC0003283,CUST000257,savings,2522.07
ACC0003284,CUST002109,checking,3139.81
ACC0003285,CUST001080,checking,9118.62
ACC0003286,CUST003095,savings,1562.83
ACC0003287,CUST003114,checking,1329.24
ACC0003288,CUST004319,checking,2116.98
ACC0003289,CUST003213,savings,2155.53
ACC0003290,CUST002888,checking,471.43
ACC0003291,CUST003107,checking,5799.43
ACC0003292,CUST000372,checking,17471.75
ACC0003293,CUST000355,checking,3176.99
ACC0003294,CUST004294,checking,4199.51
ACC0003295,CUST004567,credit_card,944.16
ACC0003296,CUST001746,credit_card,1467.21
ACC0003297,CUST004805,savings,7553.0
ACC0003298,CUST004761,savings,7588.36
ACC0003299,CUST004353,checking,2393.39
ACC0003300,CUST003101,checking,2663.53
ACC0003301,CUST004629,checking,6015.75
ACC0003302,CUST000235,savings,2224.64
ACC0003303,CUST001671,checking,7390.11
ACC0003304,CUST000384,checking,10420.07
ACC0003305,CUST000020,checking,11348.36
ACC0003306,CUST003127,checking,2014.84
ACC0003307,CUST001261,checking,2810.95
ACC0003308,CUST000971,checking,3899.7
ACC0003309,CUST002138,savings,11584.82
ACC0003310,CUST004208,savings,5767.07
ACC0003311,CUST003214,savings,3502.05
ACC0003312,CUST002854,checking,1027.38
ACC0003313,CUST001359,checking,16917.92
ACC0003314,CUST001190,savings,5798.23
ACC0003315,CUST000047,checking,1054.51
ACC0003316,CUST002703,checking,36764.21
ACC0003317,CUST003476,checking,2653.0
ACC0003318,CUST001966,checking,1310.53
ACC0003319,CUST004248,savings,186.57
ACC0003320,CUST001597,credit_card,3241.86
ACC0003321,CUST004237,checking,3020.94
ACC0003322,CUST004658,savings,1345.7
ACC0003323,CUST003455,checking,3752.42
ACC0003324,CUST001063,savings,917.18
ACC0003325,CUST004964,checking,11397.87
ACC0003326,CUST001662,credit_card,3235.42
ACC0003327,CUST004934,checking,2112.13
ACC0003328,CUST000913,checking,2352.61
ACC0003329,CUST003519,checking,3437.43
ACC0003330,CUST004837,credit_card,1633.88
ACC0003331,CUST001901,savings,1601.53
ACC0003332,CUST002271,checking,6273.36
ACC0003333,CUST003917,savings,6079.04
ACC0003334,CUST002384,savings,3376.05
ACC0003335,CUST002594,checking,3898.58
ACC0003336,CUST003472,checking,14104.18
ACC0003337,CUST004523,savings,80.61
ACC0003338,CUST004777,checking,2494.07
ACC0003339,CUST001569,checking,5901.59
ACC0003340,CUST002522,checking,1153.63
ACC0003341,CUST001217,credit_card,5984.37
ACC0003342,CUST003263,credit_card,7657.09
ACC0003343,CUST000005,savings,1469.92
ACC0003344,CUST004929,credit_card,1164.43
ACC0003345,CUST001074,credit_card,1243.18
ACC0003346,CUST003705,checking,2195.77
ACC0003347,CUST000757,credit_card,13063.94
ACC0003348,CUST004834,savings,3450.51
ACC0003349,CUST003511,checking,1657.08
ACC0003350,CUST000839,checking,1918.83
ACC0003351,CUST004291,checking,15693.03
ACC0003352,CUST002331,credit_card,4075.83
ACC0003353,CUST001381,checking,2482.12
ACC0003354,CUST000078,savings,1230.81
ACC0003355,CUST004071,checking,2348.12
ACC0003356,CUST003981,savings,7251.93
ACC0003357,CUST003286,checking,5243.68
ACC0003358,CUST002529,checking,2115.09
ACC0003359,CUST004973,credit_card,4339.36
ACC0003360,CUST000032,checking,1199.94
ACC0003361,CUST003818,savings,3494.36
ACC0003362,CUST004774,checking,12574.65
ACC0003363,CUST003163,checking,639.56
ACC0003364,CUST002237,checking,6395.97
ACC0003365,CUST002633,checking,2210.23
ACC0003366,CUST003192,checking,571.49
ACC0003367,CUST004853,checking,2680.34
ACC0003368,CUST004908,checking,505.55
ACC0003369,CUST003261,checking,3938.8
ACC0003370,CUST002813,checking,3908.9
ACC0003371,CUST004221,checking,1286.72
ACC0003372,CUST004446,checking,5264.7
ACC0003373,CUST002976,checking,1443.29
ACC0003374,CUST004629,savings,5487.33
ACC0003375,CUST004336,savings,3031.27
ACC0003376,CUST002125,checking,3496.15
ACC0003377,CUST003097,savings,1636.61
ACC0003378,CUST002726,checking,6067.52
ACC0003379,CUST003329,checking,2946.62
ACC0003380,CUST001597,checking,705.44
ACC0003381,CUST000717,checking,2604.47
ACC0003382,CUST000780,savings,1183.82
ACC0003383,CUST003428,checking,967.0
ACC0003384,CUST003905,checking,1492.61
ACC0003385,CUST003560,checking,2817.79
ACC0003386,CUST004516,checking,489.62
ACC0003387,CUST000874,savings,680.3
ACC0003388,CUST004192,checking,13020.98
ACC0003389,CUST000983,checking,2369.14
ACC0003390,CUST004807,credit_card,1131.44
ACC0003391,CUST002384,checking,4287.88
ACC0003392,CUST003131,savings,1067.33
ACC0003393,CUST004392,checking,4196.86
ACC0003394,CUST003280,savings,792.6
ACC0003395,CUST000020,checking,1522.96
ACC0003396,CUST003980,savings,3907.39
ACC0003397,CUST000512,savings,3153.3
ACC0003398,CUST002670,credit_card,3389.12
ACC0003399,CUST002884,checking,713.48
ACC0003400,CUST000096,savings,7420.86
ACC0003401,CUST002575,checking,4223.73
ACC0003402,CUST004576,checking,2158.14
ACC0003403,CUST003926,checking,14608.91
ACC0003404,CUST003074,savings,1470.34
ACC0003405,CUST001495,savings,1319.65
ACC0003406,CUST002652,checking,2789.1
ACC0003407,CUST000386,checking,9036.75
ACC0003408,CUST003220,checking,1613.57
ACC0003409,CUST002590,credit_card,8247.76
ACC0003410,CUST000453,checking,8832.14
ACC0003411,CUST004529,savings,1014.19
ACC0003412,CUST001564,checking,5095.62
ACC0003413,CUST004990,checking,12791.63
ACC0003414,CUST000869,checking,1528.12
ACC0003415,CUST003465,savings,17878.91
ACC0003416,CUST002283,savings,10543.5
ACC0003417,CUST000714,credit_card,5943.29
ACC0003418,CUST003701,checking,13731.92
ACC0003419,CUST004213,checking,11474.53
ACC0003420,CUST000187,savings,2929.9
ACC0003421,CUST004053,savings,7594.4
ACC0003422,CUST003206,savings,42168.32
ACC0003423,CUST001401,savings,1540.37
ACC0003424,CUST000435,checking,2916.26
ACC0003425,CUST000037,checking,1322.83
ACC0003426,CUST004744,savings,430.53
ACC0003427,CUST000985,savings,4330.43
ACC0003428,CUST001568,checking,9246.56
ACC0003429,CUST000453,checking,1842.84
ACC0003430,CUST002861,checking,2550.84
ACC0003431,CUST000605,checking,2847.28
ACC0003432,CUST000833,credit_card,3133.81
ACC0003433,CUST001534,checking,3354.85
ACC0003434,CUST001271,checking,2161.37
ACC0003435,CUST001834,checking,7058.08
ACC0003436,CUST002531,savings,4232.22
ACC0003437,CUST001218,checking,4920.52
ACC0003438,CUST003423,credit_card,22966.92
ACC0003439,CUST003915,savings,2359.6
ACC0003440,CUST000251,savings,1905.96
ACC0003441,CUST001795,credit_card,746.15
ACC0003442,CUST003275,checking,816.06
ACC0003443,CUST002920,checking,13891.93
ACC0003444,CUST000223,checking,3406.83
ACC0003445,CUST004236,checking,508.0
ACC0003446,CUST004771,checking,2987.47
ACC0003447,CUST003981,savings,8303.1
ACC0003448,CUST002041,checking,5517.46
ACC0003449,CUST003711,checking,5575.09
ACC0003450,CUST000594,savings,2819.52
ACC0003451,CUST004575,checking,504.62
ACC0003452,CUST001938,credit_card,1062.28
ACC0003453,CUST003699,checking,6976.74
ACC0003454,CUST004789,checking,2049.72
ACC0003455,CUST004848,savings,3049.83
ACC0003456,CUST002897,checking,997.6
ACC0003457,CUST000460,savings,6223.52
ACC0003458,CUST003182,savings,63944.01
ACC0003459,CUST004716,checking,5271.88
ACC0003460,CUST001812,savings,5238.47
ACC0003461,CUST003090,savings,2480.29
ACC0003462,CUST000298,checking,2156.11
ACC0003463,CUST004187,checking,990.88
ACC0003464,CUST001150,savings,13462.54
ACC0003465,CUST002529,savings,8283.26
ACC0003466,CUST001329,checking,3767.11
ACC0003467,CUST002394,savings,1469.16
ACC0003468,CUST000380,checking,25828.08
ACC0003469,CUST003926,credit_card,1641.87
ACC0003470,CUST002960,checking,2745.65
ACC0003471,CUST001269,credit_card,1116.94
ACC0003472,CUST002038,credit_card,1605.7
ACC0003473,CUST004738,credit_card,10634.62
ACC0003474,CUST002192,credit_card,984.22
ACC0003475,CUST001749,savings,21457.26
ACC0003476,CUST002418,checking,4378.43
ACC0003477,CUST002878,credit_card,1736.93
ACC0003478,CUST000828,checking,4401.21
ACC0003479,CUST001755,checking,4000.2
ACC0003480,CUST004090,checking,851.3
ACC0003481,CUST004740,savings,961.88
ACC0003482,CUST004099,checking,7540.79
ACC0003483,CUST002943,checking,5708.84
ACC0003484,CUST001426,checking,3140.12
ACC0003485,CUST003031,checking,6722.3
ACC0003486,CUST001902,credit_card,7412.65
ACC0003487,CUST004107,checking,5266.5
ACC0003488,CUST002152,credit_card,381.74
ACC0003489,CUST000103,checking,921.96
ACC0003490,CUST003463,savings,2032.13
ACC0003491,CUST002029,checking,7604.09
ACC0003492,CUST004464,credit_card,22093.37
ACC0003493,CUST003234,checking,3026.56
ACC0003494,CUST002319,checking,1037.83
ACC0003495,CUST000483,credit_card,6168.5
ACC0003496,CUST002613,checking,6137.49
ACC0003497,CUST001312,checking,2113.7
ACC0003498,CUST003078,savings,7987.46
ACC0003499,CUST002859,savings,895.58
ACC0003500,CUST001662,credit_card,3498.19
ACC0003501,CUST003394,savings,13787.86
ACC0003502,CUST000757,checking,1342.34
ACC0003503,CUST002179,savings,2143.76
ACC0003504,CUST004621,savings,2418.72
ACC0003505,CUST001799,savings,655.49
ACC0003506,CUST003781,credit_card,1195.81
ACC0003507,CUST003460,checking,306.96
ACC0003508,CUST001603,checking,1461.91
ACC0003509,CUST001328,checking,4575.97
ACC0003510,CUST004801,checking,5240.26
ACC0003511,CUST003518,checking,2631.26
ACC0003512,CUST004832,checking,11249.35
ACC0003513,CUST001076,checking,2493.82
ACC0003514,CUST004420,savings,2970.04
ACC0003515,CUST003653,savings,22574.13
ACC0003516,CUST004235,checking,1243.46
ACC0003517,CUST003354,checking,1820.11
ACC0003518,CUST003387,checking,2541.21
ACC0003519,CUST003199,checking,6181.59
ACC0003520,CUST002098,checking,1825.56
ACC0003521,CUST000479,checking,21290.32
ACC0003522,CUST002077,savings,2334.02
ACC0003523,CUST002409,checking,3636.27
ACC0003524,CUST004899,checking,8523.52
ACC0003525,CUST003902,credit_card,27351.13
ACC0003526,CUST002444,savings,3769.29
ACC0003527,CUST001095,checking,3110.19
ACC0003528,CUST002494,checking,5966.33
ACC0003529,CUST004153,savings,1239.63
ACC0003530,CUST001384,savings,7356.8
ACC0003531,CUST003533,savings,1595.48
ACC0003532,CUST000567,credit_card,3568.71
ACC0003533,CUST001248,credit_card,6068.6
ACC0003534,CUST004567,checking,5347.82
ACC0003535,CUST001958,savings,5314.72
ACC0003536,CUST002515,checking,927.27
ACC0003537,CUST000393,checking,823.15
ACC0003538,CUST003395,savings,1385.24
ACC0003539,CUST003046,checking,1380.52
ACC0003540,CUST000059,credit_card,7699.13
ACC0003541,CUST000572,savings,5448.23
ACC0003542,CUST003224,savings,4947.13
ACC0003543,CUST001188,checking,1473.71
ACC0003544,CUST003625,savings,2329.68
ACC0003545,CUST001092,savings,404.63
ACC0003546,CUST000639,checking,6284.51
ACC0003547,CUST000248,credit_card,9049.93
ACC0003548,CUST002283,savings,5587.8
ACC0003549,CUST004920,checking,1619.39
ACC0003550,CUST002345,checking,344.98
ACC0003551,CUST003722,savings,4122.12
ACC0003552,CUST000868,checking,1233.38
ACC0003553,CUST001828,checking,1048.41
ACC0003554,CUST003420,savings,1646.53
ACC0003555,CUST000590,checking,1144.69
ACC0003556,CUST003484,checking,1152.44
ACC0003557,CUST001442,checking,8113.69
ACC0003558,CUST003958,savings,2291.64
ACC0003559,CUST004240,savings,8162.24
ACC0003560,CUST001076,checking,4014.92
ACC0003561,CUST001081,checking,3868.17
ACC0003562,CUST004615,savings,7926.02
ACC0003563,CUST002612,savings,3134.07
ACC0003564,CUST003162,savings,539.12
ACC0003565,CUST000120,savings,1156.65
ACC0003566,CUST004393,checking,1187.18
ACC0003567,CUST004094,checking,5493.52
ACC0003568,CUST000583,savings,6803.22
ACC0003569,CUST003536,checking,7145.04
ACC0003570,CUST000901,credit_card,1727.89
ACC0003571,CUST004083,checking,5639.03
ACC0003572,CUST002836,checking,2705.43
ACC0003573,CUST000957,credit_card,7602.33
ACC0003574,CUST000143,savings,9131.82
ACC0003575,CUST004316,checking,1393.26
ACC0003576,CUST003858,checking,1445.68
ACC0003577,CUST001826,savings,376.5
ACC0003578,CUST001039,savings,4124.88
ACC0003579,CUST004257,savings,1410.49
ACC0003580,CUST004264,checking,2981.44
ACC0003581,CUST001643,credit_card,13874.68
ACC0003582,CUST001695,checking,11742.24
ACC0003583,CUST000400,savings,6776.05
ACC0003584,CUST004020,savings,673.74
ACC0003585,CUST001693,checking,2443.87
ACC0003586,CUST001099,savings,4523.54
ACC0003587,CUST001474,checking,2093.21
ACC0003588,CUST003507,checking,695.18
ACC0003589,CUST003317,savings,10779.21
ACC0003590,CUST000229,savings,891.66
ACC0003591,CUST002300,checking,9881.52
ACC0003592,CUST001655,checking,4178.3
ACC0003593,CUST001811,savings,704.07
ACC0003594,CUST001994,savings,9489.43
ACC0003595,CUST003493,credit_card,1962.52
ACC0003596,CUST004294,credit_card,12504.16
ACC0003597,CUST000059,checking,2913.08
ACC0003598,CUST003103,checking,35553.42
ACC0003599,CUST004932,savings,2237.37
ACC0003600,CUST000191,credit_card,5260.77
ACC0003601,CUST001789,checking,6519.15
ACC0003602,CUST002579,credit_card,1489.48
ACC0003603,CUST002493,credit_card,792.02
ACC0003604,CUST002177,checking,5758.63
ACC0003605,CUST000196,checking,4701.79
ACC0003606,CUST000588,checking,5504.2
ACC0003607,CUST003191,checking,677.82
ACC0003608,CUST001394,checking,2105.19
ACC0003609,CUST002565,checking,8198.71
ACC0003610,CUST001781,checking,2471.39
ACC0003611,CUST002874,checking,8904.04
ACC0003612,CUST001811,checking,8539.97
ACC0003613,CUST000058,credit_card,39071.85
ACC0003614,CUST001008,credit_card,12983.23
ACC0003615,CUST002033,checking,5913.91
ACC0003616,CUST003472,savings,2740.51
ACC0003617,CUST004706,checking,7624.67
ACC0003618,CUST000302,savings,8244.15
ACC0003619,CUST004022,savings,3221.95
ACC0003620,CUST000660,credit_card,14986.62
ACC0003621,CUST004688,checking,13055.54
ACC0003622,CUST004593,savings,1905.29
ACC0003623,CUST002678,savings,4588.7
ACC0003624,CUST001539,checking,7354.01
ACC0003625,CUST003546,savings,4885.6
ACC0003626,CUST003450,savings,846.35
ACC0003627,CUST004078,savings,954.15
ACC0003628,CUST004136,checking,4669.63
ACC0003629,CUST000299,checking,1479.95
ACC0003630,CUST003547,savings,2335.83
ACC0003631,CUST003443,credit_card,1961.9
ACC0003632,CUST001288,checking,891.01
ACC0003633,CUST004611,checking,2891.19
ACC0003634,CUST003148,credit_card,644.07
ACC0003635,CUST001961,checking,21828.34
ACC0003636,CUST002859,credit_card,664.11
ACC0003637,CUST004174,checking,4867.85
ACC0003638,CUST004698,savings,3868.67
ACC0003639,CUST001319,checking,4306.26
ACC0003640,CUST000133,credit_card,1202.65
ACC0003641,CUST004643,checking,18598.41
ACC0003642,CUST002089,savings,2231.05
ACC0003643,CUST002949,checking,4516.86
ACC0003644,CUST004711,savings,414.35
ACC0003645,CUST001706,checking,11999.06
ACC0003646,CUST002307,savings,1938.41
ACC0003647,CUST000329,savings,5170.27
ACC0003648,CUST004941,savings,8456.44
ACC0003649,CUST001444,savings,1648.43
ACC0003650,CUST003535,checking,5267.31
ACC0003651,CUST003428,savings,1579.23
ACC0003652,CUST001545,savings,3741.56
ACC0003653,CUST004454,savings,8222.39
ACC0003654,CUST004944,checking,351.63
ACC0003655,CUST000510,checking,5706.84
ACC0003656,CUST002784,checking,197.91
ACC0003657,CUST002345,checking,914.06
ACC0003658,CUST000075,savings,3449.54
ACC0003659,CUST000839,savings,2854.44
ACC0003660,CUST004540,checking,3975.15
ACC0003661,CUST004983,checking,963.89
ACC0003662,CUST001835,checking,4292.93
ACC0003663,CUST004078,checking,3377.68
ACC0003664,CUST003427,checking,604.55
ACC0003665,CUST003751,checking,2121.89
ACC0003666,CUST002929,credit_card,3034.2
ACC0003667,CUST004751,checking,1209.2
ACC0003668,CUST003592,savings,13234.45
ACC0003669,CUST001709,credit_card,524.68
ACC0003670,CUST003878,savings,4270.54
ACC0003671,CUST001843,checking,6636.74
ACC0003672,CUST004998,credit_card,6418.37
ACC0003673,CUST001469,checking,3839.15
ACC0003674,CUST003616,savings,1672.41
ACC0003675,CUST002682,savings,1335.87
ACC0003676,CUST004932,checking,1603.71
ACC0003677,CUST000569,checking,3627.24
ACC0003678,CUST000145,checking,6851.73
ACC0003679,CUST000372,checking,4112.87
ACC0003680,CUST004013,checking,1488.74
ACC0003681,CUST001723,checking,417.12
ACC0003682,CUST004678,credit_card,4054.07
ACC0003683,CUST001707,savings,3267.56
ACC0003684,CUST001919,checking,483.05
ACC0003685,CUST003399,credit_card,3275.98
ACC0003686,CUST002427,credit_card,2185.55
ACC0003687,CUST000907,savings,1128.01
ACC0003688,CUST000190,credit_card,1340.83
ACC0003689,CUST001927,savings,2894.01
ACC0003690,CUST001126,checking,1187.76
ACC0003691,CUST004910,checking,9388.16
ACC0003692,CUST001237,checking,7725.83
ACC0003693,CUST001876,checking,3062.59
ACC0003694,CUST003941,savings,6006.44
ACC0003695,CUST001596,credit_card,2656.59
ACC0003696,CUST003941,savings,8946.41
ACC0003697,CUST003221,credit_card,22112.53
ACC0003698,CUST000358,checking,2742.37
ACC0003699,CUST001691,checking,3909.42
ACC0003700,CUST004585,checking,1760.65
ACC0003701,CUST002139,savings,514.5
ACC0003702,CUST004908,checking,2322.41
ACC0003703,CUST000340,checking,13509.69
ACC0003704,CUST004706,savings,18119.21
ACC0003705,CUST000585,checking,514.59
ACC0003706,CUST003169,checking,7505.55
ACC0003707,CUST002226,savings,15837.64
ACC0003708,CUST004460,savings,2462.31
ACC0003709,CUST002786,checking,4101.64
ACC0003710,CUST002829,savings,749.08
ACC0003711,CUST002016,savings,5970.52
ACC0003712,CUST003827,savings,1397.65
ACC0003713,CUST003890,checking,9554.17
ACC0003714,CUST000484,checking,3545.48
ACC0003715,CUST000327,credit_card,940.3
ACC0003716,CUST004943,savings,1771.63
ACC0003717,CUST003865,checking,3966.75
ACC0003718,CUST001313,savings,939.49
ACC0003719,CUST003254,checking,1429.03
ACC0003720,CUST004239,checking,6894.79
ACC0003721,CUST004926,savings,1580.46
ACC0003722,CUST000533,checking,8926.65
ACC0003723,CUST001037,savings,9535.99
ACC0003724,CUST003535,checking,1599.01
ACC0003725,CUST002775,savings,4481.32
ACC0003726,CUST000144,checking,1108.59
ACC0003727,CUST001583,checking,1594.36
ACC0003728,CUST002370,savings,17659.52
ACC0003729,CUST004486,credit_card,13485.37
ACC0003730,CUST000339,savings,2356.08
ACC0003731,CUST004742,savings,1572.86
ACC0003732,CUST002223,checking,2189.2
ACC0003733,CUST002465,savings,2709.18
ACC0003734,CUST000989,checking,1411.43
ACC0003735,CUST002130,credit_card,2450.14
ACC0003736,CUST000638,checking,1869.62
ACC0003737,CUST000378,checking,3975.41
ACC0003738,CUST001869,checking,6263.06
ACC0003739,CUST002326,checking,2556.3
ACC0003740,CUST004053,savings,504.5
ACC0003741,CUST003925,credit_card,6145.67
ACC0003742,CUST003083,savings,2087.14
ACC0003743,CUST001902,savings,1692.14
ACC0003744,CUST004110,savings,2081.67
ACC0003745,CUST002704,checking,1408.39
ACC0003746,CUST003484,credit_card,4717.34
ACC0003747,CUST003045,checking,457.43
ACC0003748,CUST000651,credit_card,1863.09
ACC0003749,CUST000231,checking,2791.46
ACC0003750,CUST004782,checking,3256.12
ACC0003751,CUST003582,credit_card,8850.35
ACC0003752,CUST003270,checking,645.65
ACC0003753,CUST000623,credit_card,20916.16
ACC0003754,CUST004010,checking,1558.84
ACC0003755,CUST000097,checking,281.78
ACC0003756,CUST002893,checking,7710.66
ACC0003757,CUST004973,credit_card,7717.4
ACC0003758,CUST000803,checking,5734.1
ACC0003759,CUST001830,checking,820.94
ACC0003760,CUST004172,savings,641.68
ACC0003761,CUST003019,checking,2320.99
ACC0003762,CUST001818,checking,4575.96
ACC0003763,CUST004225,savings,2703.98
ACC0003764,CUST003556,checking,773.33
ACC0003765,CUST000134,savings,4655.21
ACC0003766,CUST002139,checking,2620.33
ACC0003767,CUST001172,credit_card,1366.67
ACC0003768,CUST002068,savings,4768.48
ACC0003769,CUST001190,savings,939.73
ACC0003770,CUST002565,checking,1873.57
ACC0003771,CUST004359,savings,1654.98
ACC0003772,CUST000122,savings,3821.57
ACC0003773,CUST001282,credit_card,4338.93
ACC0003774,CUST004039,checking,750.43
ACC0003775,CUST003075,checking,2191.01
ACC0003776,CUST000993,checking,1111.25
ACC0003777,CUST003726,savings,2396.25
ACC0003778,CUST003514,savings,11090.31
ACC0003779,CUST002675,credit_card,11332.52
ACC0003780,CUST004171,checking,18278.15
ACC0003781,CUST003692,checking,5115.14
ACC0003782,CUST003521,savings,4362.6
ACC0003783,CUST002308,checking,6199.53
ACC0003784,CUST003544,checking,14169.16
ACC0003785,CUST003852,checking,2624.99
ACC0003786,CUST004807,savings,1464.92
ACC0003787,CUST000884,checking,1734.62
ACC0003788,CUST004139,checking,3977.87
ACC0003789,CUST003145,checking,17455.15
ACC0003790,CUST001819,checking,2485.96
ACC0003791,CUST002475,checking,6273.3
ACC0003792,CUST002409,savings,22602.24
ACC0003793,CUST002458,savings,10646.25
ACC0003794,CUST000023,savings,4923.81
ACC0003795,CUST000401,checking,28848.81
ACC0003796,CUST000264,savings,3062.43
ACC0003797,CUST002291,savings,3530.06
ACC0003798,CUST002691,credit_card,1875.39
ACC0003799,CUST003867,checking,4214.25
ACC0003800,CUST003675,savings,10332.98
ACC0003801,CUST003941,checking,3666.84
ACC0003802,CUST003092,checking,4615.35
ACC0003803,CUST003383,savings,1127.89
ACC0003804,CUST002573,checking,10099.65
ACC0003805,CUST001251,checking,1761.24
ACC0003806,CUST004091,credit_card,13163.82
ACC0003807,CUST004862,checking,1296.25
ACC0003808,CUST001711,checking,133.23
ACC0003809,CUST002538,savings,1831.07
ACC0003810,CUST001100,savings,4108.7
ACC0003811,CUST004008,checking,441.76
ACC0003812,CUST000450,checking,956.51
ACC0003813,CUST004755,checking,2307.57
ACC0003814,CUST003922,checking,724.86
ACC0003815,CUST004277,savings,5242.63
ACC0003816,CUST004723,savings,5399.37
ACC0003817,CUST001245,credit_card,978.14
ACC0003818,CUST000920,credit_card,4274.93
ACC0003819,CUST004688,checking,3635.55
ACC0003820,CUST003361,checking,2008.36
ACC0003821,CUST001673,savings,19146.42
ACC0003822,CUST001115,checking,13125.52
ACC0003823,CUST002071,checking,1443.53
ACC0003824,CUST001322,checking,2255.28
ACC0003825,CUST000914,checking,4725.7
ACC0003826,CUST001518,savings,3835.47
ACC0003827,CUST003252,checking,3954.61
ACC0003828,CUST002474,checking,14705.62
ACC0003829,CUST002030,checking,4620.31
ACC0003830,CUST000477,savings,7375.08
ACC0003831,CUST001035,checking,8121.56
ACC0003832,CUST004239,savings,1049.71
ACC0003833,CUST004444,checking,9322.64
ACC0003834,CUST001652,checking,2849.49
ACC0003835,CUST003199,credit_card,2214.82
ACC0003836,CUST004071,checking,837.03
ACC0003837,CUST001707,credit_card,82144.02
ACC0003838,CUST004659,checking,6476.98
ACC0003839,CUST000054,savings,1086.1
ACC0003840,CUST002994,checking,2588.93
ACC0003841,CUST002753,checking,1785.19
ACC0003842,CUST003856,savings,11734.78
ACC0003843,CUST004085,checking,1474.81
ACC0003844,CUST000751,checking,18584.93
ACC0003845,CUST002782,savings,2884.82
ACC0003846,CUST002044,checking,5411.51
ACC0003847,CUST002219,checking,277.73
ACC0003848,CUST000421,checking,782.38
ACC0003849,CUST004069,savings,5360.53
ACC0003850,CUST001065,savings,3828.74
ACC0003851,CUST001211,checking,3067.48
ACC0003852,CUST003906,checking,4202.44
ACC0003853,CUST004339,checking,2256.72
ACC0003854,CUST001368,checking,2713.54
ACC0003855,CUST001197,credit_card,3881.0
ACC0003856,CUST002896,checking,1805.89
ACC0003857,CUST000839,checking,1039.52
ACC0003858,CUST004975,savings,1716.38
ACC0003859,CUST003689,credit_card,2810.92
ACC0003860,CUST004721,savings,574.16
ACC0003861,CUST003693,savings,2554.62
ACC0003862,CUST001640,savings,9298.43
ACC0003863,CUST002079,savings,1904.51
ACC0003864,CUST004606,checking,3124.13
ACC0003865,CUST000289,savings,5487.77
ACC0003866,CUST003930,checking,1810.64
ACC0003867,CUST004651,credit_card,3987.73
ACC0003868,CUST001902,savings,741.92
ACC0003869,CUST001916,savings,3631.35
ACC0003870,CUST004155,checking,1459.68
ACC0003871,CUST000898,checking,1530.27
ACC0003872,CUST001804,checking,1845.41
ACC0003873,CUST004647,checking,1774.61
ACC0003874,CUST003141,savings,10242.06
ACC0003875,CUST003157,savings,4422.82
ACC0003876,CUST000501,checking,1581.43
ACC0003877,CUST000346,credit_card,9017.57
ACC0003878,CUST003313,checking,5047.15
ACC0003879,CUST002230,credit_card,2600.62
ACC0003880,CUST000282,checking,1486.77
ACC0003881,CUST002458,savings,1686.15
ACC0003882,CUST002894,checking,928.33
ACC0003883,CUST002504,savings,4077.05
ACC0003884,CUST004697,checking,5668.74
ACC0003885,CUST001438,checking,1617.34
ACC0003886,CUST000150,checking,5092.32
ACC0003887,CUST002888,savings,5223.32
ACC0003888,CUST003647,savings,5130.62
ACC0003889,CUST001332,checking,12563.08
ACC0003890,CUST002897,checking,4774.15
ACC0003891,CUST001965,checking,6080.96
ACC0003892,CUST002319,checking,3005.67
ACC0003893,CUST001225,checking,657.47
ACC0003894,CUST003066,checking,6813.56
ACC0003895,CUST004567,checking,2784.47
ACC0003896,CUST004219,checking,8933.46
ACC0003897,CUST000499,credit_card,737.68
ACC0003898,CUST003289,savings,9701.97
ACC0003899,CUST002617,checking,1868.58
ACC0003900,CUST002228,checking,4096.61
ACC0003901,CUST000825,savings,4596.04
ACC0003902,CUST001009,savings,18590.28
ACC0003903,CUST002317,checking,13410.36
ACC0003904,CUST002090,savings,14456.46
ACC0003905,CUST003321,checking,2444.72
ACC0003906,CUST001702,checking,1737.58
ACC0003907,CUST002567,checking,13885.85
ACC0003908,CUST001362,checking,10090.67
ACC0003909,CUST002616,savings,2250.32
ACC0003910,CUST000721,credit_card,12447.58
ACC0003911,CUST004859,checking,5379.43
ACC0003912,CUST004624,checking,7224.37
ACC0003913,CUST001359,savings,838.97
ACC0003914,CUST002906,checking,1565.03
ACC0003915,CUST001044,checking,12137.84
ACC0003916,CUST001320,checking,42932.25
ACC0003917,CUST001866,savings,1699.09
ACC0003918,CUST001572,savings,1369.15
ACC0003919,CUST000353,savings,948.33
ACC0003920,CUST002610,savings,2792.0
ACC0003921,CUST002919,checking,1784.28
ACC0003922,CUST001750,checking,7297.83
ACC0003923,CUST003591,savings,1814.21
ACC0003924,CUST003916,checking,5682.76
ACC0003925,CUST004436,checking,2135.95
ACC0003926,CUST003832,savings,2997.89
ACC0003927,CUST003058,checking,17708.54
ACC0003928,CUST001925,savings,6208.41
ACC0003929,CUST002619,credit_card,5580.44
ACC0003930,CUST001282,savings,696.51
ACC0003931,CUST001351,savings,907.91
ACC0003932,CUST004336,checking,7471.01
ACC0003933,CUST001348,checking,2667.6
ACC0003934,CUST003539,checking,2875.77
ACC0003935,CUST002271,checking,2752.48
ACC0003936,CUST003179,savings,7880.18
ACC0003937,CUST001024,savings,14082.95
ACC0003938,CUST000861,checking,55126.81
ACC0003939,CUST002984,savings,3581.34
ACC0003940,CUST000112,checking,7628.87
ACC0003941,CUST000672,checking,2151.28
ACC0003942,CUST003186,checking,6485.55
ACC0003943,CUST001129,checking,11620.44
ACC0003944,CUST004301,checking,4048.71
ACC0003945,CUST003254,credit_card,11746.52
ACC0003946,CUST003404,credit_card,5103.62
ACC0003947,CUST003548,checking,11769.6
ACC0003948,CUST001642,checking,2008.73
ACC0003949,CUST002024,savings,5887.62
ACC0003950,CUST001963,savings,1812.95
ACC0003951,CUST001548,savings,1939.91
ACC0003952,CUST001158,checking,3538.69
ACC0003953,CUST001344,savings,773.1
ACC0003954,CUST000027,checking,2718.29
ACC0003955,CUST003455,checking,2074.22
ACC0003956,CUST003822,checking,1909.23
ACC0003957,CUST000222,savings,2480.35
ACC0003958,CUST001139,credit_card,684.9
ACC0003959,CUST004438,checking,2028.16
ACC0003960,CUST003742,savings,3968.53
ACC0003961,CUST002108,savings,1175.88
ACC0003962,CUST004059,checking,2116.7
ACC0003963,CUST000718,credit_card,1837.17
ACC0003964,CUST000127,savings,3221.17
ACC0003965,CUST000103,credit_card,34985.27
ACC0003966,CUST002042,savings,3812.07
ACC0003967,CUST003938,checking,2883.86
ACC0003968,CUST004550,checking,2992.13
ACC0003969,CUST002240,checking,862.33
ACC0003970,CUST002199,checking,481.79
ACC0003971,CUST002473,checking,8365.79
ACC0003972,CUST001245,savings,1330.85
ACC0003973,CUST002181,savings,512.52
ACC0003974,CUST000503,credit_card,1626.91
ACC0003975,CUST003857,credit_card,1785.94
ACC0003976,CUST004910,checking,3024.89
ACC0003977,CUST000024,checking,1064.75
ACC0003978,CUST003224,savings,2695.24
ACC0003979,CUST001672,credit_card,8397.07
ACC0003980,CUST004995,checking,418.58
ACC0003981,CUST002904,checking,629.14
ACC0003982,CUST004035,savings,5615.79
ACC0003983,CUST000678,checking,454.83
ACC0003984,CUST002115,checking,5449.71
ACC0003985,CUST003085,credit_card,777.43
ACC0003986,CUST004129,savings,14717.97
ACC0003987,CUST003166,checking,2999.19
ACC0003988,CUST003484,checking,3445.77
ACC0003989,CUST003619,credit_card,1401.37
ACC0003990,CUST003744,savings,22646.25
ACC0003991,CUST002844,checking,652.13
ACC0003992,CUST004471,savings,6754.37
ACC0003993,CUST004256,checking,3699.23
ACC0003994,CUST004471,checking,450.83
ACC0003995,CUST003007,credit_card,4793.14
ACC0003996,CUST001230,checking,9124.12
ACC0003997,CUST000319,credit_card,985.31
ACC0003998,CUST001598,checking,3319.74
ACC0003999,CUST000510,credit_card,6767.17
ACC0004000,CUST000826,savings,1965.18
ACC0004001,CUST000161,checking,969.61
ACC0004002,CUST001603,checking,3041.06
ACC0004003,CUST003342,savings,1786.26
ACC0004004,CUST004302,credit_card,3901.38
ACC0004005,CUST002400,checking,455.04
ACC0004006,CUST000668,savings,4062.97
ACC0004007,CUST003701,checking,5551.3
ACC0004008,CUST003204,credit_card,1543.72
ACC0004009,CUST004662,credit_card,3535.17
ACC0004010,CUST004677,savings,1001.04
ACC0004011,CUST004418,savings,1659.25
ACC0004012,CUST003360,checking,2325.41
ACC0004013,CUST003969,checking,1282.16
ACC0004014,CUST000805,checking,1530.94
ACC0004015,CUST003468,checking,2996.3
ACC0004016,CUST003484,credit_card,747.0
ACC0004017,CUST000348,checking,4622.91
ACC0004018,CUST004553,savings,6674.87
ACC0004019,CUST004910,checking,7011.69
ACC0004020,CUST001061,checking,5534.47
ACC0004021,CUST001796,checking,7281.01
ACC0004022,CUST002037,credit_card,30801.76
ACC0004023,CUST004136,checking,29177.41
ACC0004024,CUST000437,savings,645.2
ACC0004025,CUST000523,checking,4162.12
ACC0004026,CUST001389,credit_card,15858.59
ACC0004027,CUST004851,checking,2153.59
ACC0004028,CUST001272,checking,2840.03
ACC0004029,CUST003067,checking,4916.52
ACC0004030,CUST004523,checking,15523.34
ACC0004031,CUST003438,savings,14541.62
ACC0004032,CUST001947,checking,1669.16
ACC0004033,CUST004507,savings,25339.41
ACC0004034,CUST000920,savings,1065.84
ACC0004035,CUST001407,checking,2073.45
ACC0004036,CUST000826,checking,588.35
ACC0004037,CUST000933,credit_card,2279.96
ACC0004038,CUST002948,checking,15885.63
ACC0004039,CUST002540,savings,7257.75
ACC0004040,CUST001391,savings,1199.11
ACC0004041,CUST003974,savings,2591.9
ACC0004042,CUST002983,credit_card,16599.1
ACC0004043,CUST003611,checking,9534.45
ACC0004044,CUST001843,credit_card,2595.58
ACC0004045,CUST004322,savings,4631.14
ACC0004046,CUST004892,savings,2261.26
ACC0004047,CUST003907,savings,2553.4
ACC0004048,CUST003262,checking,792.96
ACC0004049,CUST003346,savings,1942.53
ACC0004050,CUST002485,savings,6256.95
ACC0004051,CUST003794,credit_card,6000.04
ACC0004052,CUST003256,savings,9288.89
ACC0004053,CUST003695,savings,4072.88
ACC0004054,CUST001163,credit_card,5733.26
ACC0004055,CUST004831,checking,14257.24
ACC0004056,CUST003232,checking,941.13
ACC0004057,CUST004087,checking,6061.85
ACC0004058,CUST002880,credit_card,2307.62
ACC0004059,CUST001182,checking,3024.59
ACC0004060,CUST003617,checking,6983.83
ACC0004061,CUST004314,credit_card,4871.11
ACC0004062,CUST001209,savings,3306.83
ACC0004063,CUST002845,checking,8762.72
ACC0004064,CUST001505,credit_card,1227.7
ACC0004065,CUST002896,checking,1251.03
ACC0004066,CUST000437,checking,4498.0
ACC0004067,CUST004117,checking,10347.61
ACC0004068,CUST002857,savings,11533.52
ACC0004069,CUST002551,checking,29934.02
ACC0004070,CUST001345,savings,1017.44
ACC0004071,CUST004837,checking,4011.96
ACC0004072,CUST000880,credit_card,3829.88
ACC0004073,CUST004037,savings,13633.96
ACC0004074,CUST003924,checking,932.8
ACC0004075,CUST003084,checking,3043.59
ACC0004076,CUST001978,credit_card,27274.01
ACC0004077,CUST003992,checking,3695.87
ACC0004078,CUST002365,checking,7127.8
ACC0004079,CUST000109,credit_card,7117.13
ACC0004080,CUST001203,savings,6450.63
ACC0004081,CUST000493,savings,7626.63
ACC0004082,CUST001934,savings,1179.39
ACC0004083,CUST003972,checking,1761.94
ACC0004084,CUST004183,checking,7208.55
ACC0004085,CUST000171,checking,15675.34
ACC0004086,CUST004223,checking,19364.91
ACC0004087,CUST004265,checking,916.42
ACC0004088,CUST001520,checking,2122.33
ACC0004089,CUST003128,savings,639.86
ACC0004090,CUST004667,checking,3465.81
ACC0004091,CUST004849,checking,6144.14
ACC0004092,CUST003830,checking,6652.98
ACC0004093,CUST003080,checking,896.94
ACC0004094,CUST000351,checking,3598.1
ACC0004095,CUST001945,savings,2390.93
ACC0004096,CUST001579,checking,3120.78
ACC0004097,CUST004822,savings,1107.56
ACC0004098,CUST004579,savings,2749.69
ACC0004099,CUST000268,savings,1701.71
ACC0004100,CUST001219,checking,4139.85
ACC0004101,CUST003078,savings,4648.5
ACC0004102,CUST001858,checking,3263.9
ACC0004103,CUST000466,checking,3650.76
ACC0004104,CUST004065,credit_card,4909.48
ACC0004105,CUST003572,savings,1786.34
ACC0004106,CUST002155,checking,1016.72
ACC0004107,CUST000949,savings,2708.91
ACC0004108,CUST004118,savings,5431.28
ACC0004109,CUST003375,savings,6950.1
ACC0004110,CUST004215,checking,9354.36
ACC0004111,CUST004554,savings,4162.4
ACC0004112,CUST004807,savings,4449.01
ACC0004113,CUST000332,checking,302.54
ACC0004114,CUST002278,checking,406.47
ACC0004115,CUST000001,checking,682.5
ACC0004116,CUST002810,savings,702.22
ACC0004117,CUST000578,checking,6640.04
ACC0004118,CUST001358,savings,1228.95
ACC0004119,CUST001359,credit_card,1111.1
ACC0004120,CUST003751,savings,18716.06
ACC0004121,CUST001185,savings,3367.47
ACC0004122,CUST003990,checking,5667.28
ACC0004123,CUST003390,credit_card,693.38
ACC0004124,CUST001086,checking,1288.35
ACC0004125,CUST004499,checking,1631.56
ACC0004126,CUST000295,checking,1337.92
ACC0004127,CUST004455,checking,7783.71
ACC0004128,CUST003439,savings,4624.88
ACC0004129,CUST003959,savings,4434.22
ACC0004130,CUST001078,checking,6466.15
ACC0004131,CUST003327,checking,3674.61
ACC0004132,CUST002918,credit_card,3452.26
ACC0004133,CUST004621,savings,10977.12
ACC0004134,CUST001380,checking,10686.64
ACC0004135,CUST000016,checking,2491.0
ACC0004136,CUST002355,checking,2097.69
ACC0004137,CUST004260,savings,10991.98
ACC0004138,CUST002657,credit_card,4841.02
ACC0004139,CUST002262,checking,3682.93
ACC0004140,CUST002463,credit_card,3780.47
ACC0004141,CUST000985,checking,613.17
ACC0004142,CUST002653,checking,14802.68
ACC0004143,CUST004311,checking,483.42
ACC0004144,CUST001867,checking,809.06
ACC0004145,CUST000032,savings,1797.48
ACC0004146,CUST000722,savings,1479.73
ACC0004147,CUST002490,checking,6797.07
ACC0004148,CUST004222,checking,7694.78
ACC0004149,CUST002229,savings,842.14
ACC0004150,CUST004277,savings,3339.14
ACC0004151,CUST001712,checking,9381.81
ACC0004152,CUST004983,savings,6025.08
ACC0004153,CUST003675,credit_card,7015.03
ACC0004154,CUST000302,checking,7265.65
ACC0004155,CUST002998,savings,2882.1
ACC0004156,CUST004076,savings,3007.47
ACC0004157,CUST001460,checking,3462.67
ACC0004158,CUST000990,credit_card,1607.09
ACC0004159,CUST002543,checking,1404.78
ACC0004160,CUST002617,checking,18048.72
ACC0004161,CUST004786,savings,8632.08
ACC0004162,CUST000037,credit_card,11771.62
ACC0004163,CUST002129,credit_card,5480.31
ACC0004164,CUST000749,checking,9325.32
ACC0004165,CUST004428,checking,1840.45
ACC0004166,CUST001220,checking,3935.55
ACC0004167,CUST001404,checking,2989.27
ACC0004168,CUST000787,checking,429.2
ACC0004169,CUST002050,checking,1468.88
ACC0004170,CUST003037,checking,3698.95
ACC0004171,CUST000551,credit_card,4538.82
ACC0004172,CUST001307,checking,21627.56
ACC0004173,CUST003519,savings,2251.03
ACC0004174,CUST000888,checking,5606.13
ACC0004175,CUST003994,checking,886.82
ACC0004176,CUST000569,credit_card,1580.11
ACC0004177,CUST002985,savings,901.36
ACC0004178,CUST003050,checking,4860.12
ACC0004179,CUST000117,savings,1523.51
ACC0004180,CUST002135,checking,877.65
ACC0004181,CUST001509,savings,1203.83
ACC0004182,CUST002703,checking,631.32
ACC0004183,CUST000649,credit_card,1322.92
ACC0004184,CUST001179,credit_card,4686.47
ACC0004185,CUST002681,savings,4485.23
ACC0004186,CUST004130,checking,3267.39
ACC0004187,CUST004000,checking,1093.78
ACC0004188,CUST000994,credit_card,9264.05
ACC0004189,CUST003106,checking,4516.98
ACC0004190,CUST003072,checking,6480.37
ACC0004191,CUST002921,checking,1429.4
ACC0004192,CUST004641,savings,795.98
ACC0004193,CUST003018,savings,6068.62
ACC0004194,CUST003683,checking,359.41
ACC0004195,CUST004596,credit_card,1125.92
ACC0004196,CUST004376,checking,3352.88
ACC0004197,CUST000761,checking,2163.5
ACC0004198,CUST004212,credit_card,6849.08
ACC0004199,CUST004459,savings,3006.42
ACC0004200,CUST001021,savings,7362.2
ACC0004201,CUST002269,checking,9212.06
ACC0004202,CUST000017,checking,543.17
ACC0004203,CUST001579,checking,24836.0
ACC0004204,CUST002088,checking,457.88
ACC0004205,CUST002415,checking,209.38
ACC0004206,CUST003518,savings,1692.06
ACC0004207,CUST002809,savings,3360.21
ACC0004208,CUST000719,savings,1514.5
ACC0004209,CUST000724,savings,4386.62
ACC0004210,CUST001791,savings,1591.84
ACC0004211,CUST003465,checking,7217.09
ACC0004212,CUST001461,savings,1261.16
ACC0004213,CUST001651,checking,1722.46
ACC0004214,CUST000537,checking,1408.81
ACC0004215,CUST001747,checking,1613.09
ACC0004216,CUST000059,checking,6675.48
ACC0004217,CUST003009,checking,2318.47
ACC0004218,CUST004572,checking,4946.26
ACC0004219,CUST003503,checking,4871.34
ACC0004220,CUST004825,savings,2348.85
ACC0004221,CUST000201,checking,12376.06
ACC0004222,CUST004521,checking,9047.98
ACC0004223,CUST003718,checking,170.53
ACC0004224,CUST004779,savings,6808.23
ACC0004225,CUST001628,checking,4161.22
ACC0004226,CUST004308,checking,6138.35
ACC0004227,CUST004039,checking,2367.06
ACC0004228,CUST000088,checking,1838.38
ACC0004229,CUST003561,checking,10150.57
ACC0004230,CUST001715,savings,7303.36
ACC0004231,CUST002457,savings,5971.98
ACC0004232,CUST001378,checking,33319.44
ACC0004233,CUST000389,credit_card,6606.06
ACC0004234,CUST004633,savings,2972.48
ACC0004235,CUST002362,checking,920.53
ACC0004236,CUST002546,checking,1336.16
ACC0004237,CUST000936,savings,2109.39
ACC0004238,CUST003247,checking,1941.84
ACC0004239,CUST004430,credit_card,9114.42
ACC0004240,CUST001794,checking,4093.58
ACC0004241,CUST001418,checking,2121.71
ACC0004242,CUST004648,checking,8757.53
ACC0004243,CUST002856,savings,8544.33
ACC0004244,CUST004857,savings,2649.07
ACC0004245,CUST000273,credit_card,1988.89
ACC0004246,CUST002982,savings,1806.33
ACC0004247,CUST003008,credit_card,622.41
ACC0004248,CUST001481,checking,2202.35
ACC0004249,CUST004277,checking,696.06
ACC0004250,CUST001221,checking,673.89
ACC0004251,CUST001128,checking,5060.76
ACC0004252,CUST001323,savings,3878.32
ACC0004253,CUST002613,savings,5595.01
ACC0004254,CUST004688,savings,914.8
ACC0004255,CUST003643,checking,10611.64
ACC0004256,CUST001154,credit_card,3650.63
ACC0004257,CUST002299,checking,1816.04
ACC0004258,CUST004361,checking,5173.53
ACC0004259,CUST004115,savings,1607.78
ACC0004260,CUST000847,checking,3758.35
ACC0004261,CUST001070,credit_card,5939.34
ACC0004262,CUST002944,credit_card,861.81
ACC0004263,CUST002256,checking,2337.97
ACC0004264,CUST002624,checking,6398.7
ACC0004265,CUST000386,credit_card,9189.44
ACC0004266,CUST002712,checking,955.68
ACC0004267,CUST004351,checking,24442.5
ACC0004268,CUST003108,checking,3732.62
ACC0004269,CUST000081,savings,18162.62
ACC0004270,CUST004350,checking,8959.15
ACC0004271,CUST000747,credit_card,1333.92
ACC0004272,CUST002618,savings,4243.23
ACC0004273,CUST001665,checking,2915.43
ACC0004274,CUST003173,savings,3542.64
ACC0004275,CUST000360,savings,3733.78
ACC0004276,CUST002425,savings,538.01
ACC0004277,CUST002025,checking,11145.33
ACC0004278,CUST004380,checking,375.78
ACC0004279,CUST001982,checking,8278.83
ACC0004280,CUST002322,checking,5083.62
ACC0004281,CUST002061,checking,6456.07
ACC0004282,CUST004287,savings,2508.05
ACC0004283,CUST003696,checking,5608.22
ACC0004284,CUST003329,savings,10768.55
ACC0004285,CUST000620,savings,981.17
ACC0004286,CUST002101,checking,365.63
ACC0004287,CUST000597,savings,13132.7
ACC0004288,CUST002357,checking,3171.92
ACC0004289,CUST004659,checking,765.9
ACC0004290,CUST000177,savings,38064.32
ACC0004291,CUST002888,checking,2653.78
ACC0004292,CUST001608,credit_card,2869.5
ACC0004293,CUST000168,savings,2661.18
ACC0004294,CUST002120,savings,1221.35
ACC0004295,CUST000773,checking,1770.14
ACC0004296,CUST002970,savings,993.24
ACC0004297,CUST000808,checking,27077.46
ACC0004298,CUST000013,checking,499.05
ACC0004299,CUST001996,credit_card,4177.79
ACC0004300,CUST003926,credit_card,759.44
ACC0004301,CUST004283,credit_card,5930.25
ACC0004302,CUST001611,savings,1235.42
ACC0004303,CUST002021,savings,10825.47
ACC0004304,CUST000501,checking,326.58
ACC0004305,CUST001170,savings,898.23
ACC0004306,CUST002720,checking,1546.06
ACC0004307,CUST000595,checking,5330.9
ACC0004308,CUST000734,checking,1475.96
ACC0004309,CUST001424,checking,13220.99
ACC0004310,CUST003571,savings,944.71
ACC0004311,CUST000278,checking,4333.9
ACC0004312,CUST001197,checking,2710.17
ACC0004313,CUST000782,checking,3580.5
ACC0004314,CUST003451,checking,24205.6
ACC0004315,CUST001653,credit_card,5112.51
ACC0004316,CUST004987,checking,2082.91
ACC0004317,CUST003079,savings,3443.14
ACC0004318,CUST002489,savings,1801.8
ACC0004319,CUST004245,checking,846.79
ACC0004320,CUST000059,credit_card,1406.92
ACC0004321,CUST004765,savings,2520.79
ACC0004322,CUST000830,checking,1207.38
ACC0004323,CUST004184,credit_card,3203.95
ACC0004324,CUST001634,savings,1250.45
ACC0004325,CUST003910,checking,8307.27
ACC0004326,CUST002589,checking,1118.7
ACC0004327,CUST002097,credit_card,1999.48
ACC0004328,CUST003777,checking,5944.64
ACC0004329,CUST000959,credit_card,5269.88
ACC0004330,CUST002660,checking,966.86
ACC0004331,CUST003735,savings,3970.39
ACC0004332,CUST003944,savings,9829.3
ACC0004333,CUST002740,checking,843.97
ACC0004334,CUST000963,checking,908.56
ACC0004335,CUST001844,checking,5345.3
ACC0004336,CUST001242,checking,2637.46
ACC0004337,CUST004577,savings,14870.57
ACC0004338,CUST001270,savings,10102.94
ACC0004339,CUST003270,checking,1065.86
ACC0004340,CUST001865,savings,10841.3
ACC0004341,CUST001442,checking,2278.67
ACC0004342,CUST002872,checking,11811.73
ACC0004343,CUST002754,checking,4029.02
ACC0004344,CUST001312,checking,17635.23
ACC0004345,CUST002028,checking,5025.6
ACC0004346,CUST004225,checking,2303.76
ACC0004347,CUST003985,savings,7439.56
ACC0004348,CUST000277,checking,1974.43
ACC0004349,CUST000204,checking,3869.77
ACC0004350,CUST001117,checking,13547.16
ACC0004351,CUST002757,credit_card,3853.54
ACC0004352,CUST003370,savings,4663.42
ACC0004353,CUST000044,checking,8614.17
ACC0004354,CUST000412,savings,1486.14
ACC0004355,CUST001073,checking,2735.12
ACC0004356,CUST002870,checking,2031.85
ACC0004357,CUST003730,checking,762.33
ACC0004358,CUST004334,checking,4978.28
ACC0004359,CUST004228,credit_card,1266.49
ACC0004360,CUST002165,checking,13811.57
ACC0004361,CUST000679,checking,3774.27
ACC0004362,CUST001828,checking,575.92
ACC0004363,CUST004569,checking,811.28
ACC0004364,CUST003348,checking,15700.74
ACC0004365,CUST001163,checking,11127.87
ACC0004366,CUST004352,checking,590.44
ACC0004367,CUST000417,savings,2297.95
ACC0004368,CUST000072,credit_card,1237.17
ACC0004369,CUST001600,savings,1430.67
ACC0004370,CUST001432,savings,5908.79
ACC0004371,CUST000314,checking,6250.06
ACC0004372,CUST000129,checking,577.34
ACC0004373,CUST000539,savings,2143.01
ACC0004374,CUST000691,checking,1151.83
ACC0004375,CUST004401,checking,2404.62
ACC0004376,CUST002485,savings,4583.98
ACC0004377,CUST004863,savings,9272.92
ACC0004378,CUST003393,checking,3575.63
ACC0004379,CUST000927,credit_card,20850.79
ACC0004380,CUST001213,checking,10869.72
ACC0004381,CUST003769,savings,2193.26
ACC0004382,CUST004732,checking,2302.31
ACC0004383,CUST003463,savings,1123.42
ACC0004384,CUST002810,checking,1347.46
ACC0004385,CUST001908,checking,5050.93
ACC0004386,CUST001111,credit_card,9404.56
ACC0004387,CUST004237,checking,1787.77
ACC0004388,CUST004307,credit_card,2078.65
ACC0004389,CUST004106,credit_card,8631.96
ACC0004390,CUST002718,savings,2306.13
ACC0004391,CUST001414,savings,234.22
ACC0004392,CUST002822,checking,24102.09
ACC0004393,CUST001697,checking,2210.54
ACC0004394,CUST000723,checking,1815.73
ACC0004395,CUST003720,savings,5387.74
ACC0004396,CUST004544,credit_card,3132.04
ACC0004397,CUST000828,credit_card,1004.22
ACC0004398,CUST004573,checking,5664.39
ACC0004399,CUST000336,checking,4090.94
ACC0004400,CUST004555,credit_card,5889.44
ACC0004401,CUST003780,savings,3512.59
ACC0004402,CUST002747,checking,832.74
ACC0004403,CUST001665,credit_card,6352.77
ACC0004404,CUST004100,savings,3682.56
ACC0004405,CUST004502,checking,2514.69
ACC0004406,CUST000718,savings,6992.15
ACC0004407,CUST002129,checking,12059.5
ACC0004408,CUST000726,checking,1564.44
ACC0004409,CUST002798,checking,2435.17
ACC0004410,CUST003394,credit_card,7984.69
ACC0004411,CUST002024,savings,1378.53
ACC0004412,CUST003909,checking,2332.3
ACC0004413,CUST002130,checking,4633.81
ACC0004414,CUST004747,checking,4698.71
ACC0004415,CUST001457,checking,6537.34
ACC0004416,CUST002047,credit_card,1036.29
ACC0004417,CUST002518,savings,1657.2
ACC0004418,CUST000371,credit_card,2777.24
ACC0004419,CUST000780,credit_card,1143.02
ACC0004420,CUST001974,checking,5866.0
ACC0004421,CUST001823,savings,9856.7
ACC0004422,CUST001118,checking,8079.84
ACC0004423,CUST004016,credit_card,10051.25
ACC0004424,CUST003304,checking,617.87
ACC0004425,CUST003654,checking,1008.55
ACC0004426,CUST003236,savings,1959.99
ACC0004427,CUST004511,checking,1674.49
ACC0004428,CUST000129,savings,725.09
ACC0004429,CUST004335,savings,2036.62
ACC0004430,CUST003313,checking,1884.24
ACC0004431,CUST002121,checking,2083.08
ACC0004432,CUST003728,credit_card,28675.68
ACC0004433,CUST004007,checking,15338.71
ACC0004434,CUST003430,checking,5586.55
ACC0004435,CUST003242,credit_card,2899.96
ACC0004436,CUST004994,savings,2450.9
ACC0004437,CUST002701,checking,11546.07
ACC0004438,CUST002323,checking,1541.02
ACC0004439,CUST000051,checking,7667.81
ACC0004440,CUST004111,checking,2584.84
ACC0004441,CUST001097,checking,2376.11
ACC0004442,CUST001920,savings,1975.07
ACC0004443,CUST003506,credit_card,8573.58
ACC0004444,CUST003907,credit_card,7664.11
ACC0004445,CUST000570,checking,11139.55
ACC0004446,CUST003943,savings,602.42
ACC0004447,CUST000715,checking,484.18
ACC0004448,CUST003760,savings,2104.44
ACC0004449,CUST001059,checking,1800.32
ACC0004450,CUST001872,checking,990.48
ACC0004451,CUST002902,checking,1135.82
ACC0004452,CUST001479,savings,4708.14
ACC0004453,CUST004207,savings,1942.63
ACC0004454,CUST001752,checking,3735.17
ACC0004455,CUST002962,checking,5585.61
ACC0004456,CUST000329,checking,1652.42
ACC0004457,CUST002159,credit_card,3260.19
ACC0004458,CUST003192,savings,9089.79
ACC0004459,CUST002329,credit_card,1684.09
ACC0004460,CUST001386,savings,630.69
ACC0004461,CUST000310,savings,2976.51
ACC0004462,CUST003720,checking,529.43
ACC0004463,CUST002808,credit_card,995.67
ACC0004464,CUST003518,checking,63833.61
ACC0004465,CUST000401,checking,20194.31
ACC0004466,CUST000037,credit_card,2590.5
ACC0004467,CUST001282,savings,854.51
ACC0004468,CUST004101,savings,450.65
ACC0004469,CUST003294,checking,477.32
ACC0004470,CUST004703,checking,1069.28
ACC0004471,CUST003703,credit_card,4327.5
ACC0004472,CUST001399,savings,9956.52
ACC0004473,CUST004137,savings,4053.8
ACC0004474,CUST004006,checking,2716.27
ACC0004475,CUST002049,checking,1426.35
ACC0004476,CUST001883,checking,4617.15
ACC0004477,CUST003549,checking,896.55
ACC0004478,CUST004210,checking,10259.43
ACC0004479,CUST003785,checking,1837.09
ACC0004480,CUST001832,credit_card,3328.06
ACC0004481,CUST001425,savings,1692.94
ACC0004482,CUST003105,checking,2511.53
ACC0004483,CUST004831,savings,2298.53
ACC0004484,CUST001076,savings,1679.59
ACC0004485,CUST003075,savings,3431.25
ACC0004486,CUST000912,checking,1216.32
ACC0004487,CUST003016,credit_card,3093.6
ACC0004488,CUST002560,savings,3009.36
ACC0004489,CUST001168,checking,1604.69
ACC0004490,CUST004281,checking,13532.13
ACC0004491,CUST003091,credit_card,1621.07
ACC0004492,CUST001892,checking,22503.86
ACC0004493,CUST002462,savings,3005.49
ACC0004494,CUST004945,checking,8736.14
ACC0004495,CUST003630,savings,3881.78
ACC0004496,CUST000716,credit_card,2469.51
ACC0004497,CUST004671,savings,5061.92
ACC0004498,CUST004212,checking,9143.69
ACC0004499,CUST002802,savings,2115.48
ACC0004500,CUST000242,checking,946.46
ACC0004501,CUST000938,savings,6516.83
ACC0004502,CUST000405,checking,2693.72
ACC0004503,CUST001201,checking,696.94
ACC0004504,CUST000256,credit_card,612.35
ACC0004505,CUST003389,checking,891.57
ACC0004506,CUST001979,checking,6368.4
ACC0004507,CUST000197,savings,3793.47
ACC0004508,CUST002296,checking,1867.83
ACC0004509,CUST001309,credit_card,3945.77
ACC0004510,CUST002759,credit_card,3682.48
ACC0004511,CUST000275,savings,1849.36
ACC0004512,CUST000210,checking,6954.12
ACC0004513,CUST001950,checking,8379.46
ACC0004514,CUST004065,savings,1767.71
ACC0004515,CUST002959,checking,1607.12
ACC0004516,CUST002126,savings,3515.68
ACC0004517,CUST000955,savings,3983.41
ACC0004518,CUST004644,checking,1383.3
ACC0004519,CUST004489,checking,44768.19
ACC0004520,CUST004903,savings,1018.11
ACC0004521,CUST001995,savings,1029.5
ACC0004522,CUST004401,savings,12701.63
ACC0004523,CUST001792,checking,2394.19
ACC0004524,CUST001676,savings,939.43
ACC0004525,CUST001711,savings,1330.77
ACC0004526,CUST000323,checking,1477.31
ACC0004527,CUST002155,credit_card,1690.39
ACC0004528,CUST000623,credit_card,740.4
ACC0004529,CUST000298,checking,649.37
ACC0004530,CUST003778,savings,664.2
ACC0004531,CUST004729,checking,1646.07
ACC0004532,CUST003094,savings,1504.34
ACC0004533,CUST001477,checking,790.17
ACC0004534,CUST004512,savings,1774.43
ACC0004535,CUST004035,checking,1640.25
ACC0004536,CUST001833,savings,4551.86
ACC0004537,CUST000033,savings,756.52
ACC0004538,CUST002308,savings,8876.94
ACC0004539,CUST001510,savings,4996.59
ACC0004540,CUST000739,checking,1797.63
ACC0004541,CUST002801,credit_card,1409.18
ACC0004542,CUST004795,checking,10035.43
ACC0004543,CUST001534,checking,1527.01
ACC0004544,CUST004720,checking,4229.3
ACC0004545,CUST003976,savings,6278.23
ACC0004546,CUST004123,savings,3715.82
ACC0004547,CUST000379,checking,6843.22
ACC0004548,CUST002808,credit_card,8025.15
ACC0004549,CUST000752,credit_card,523.19
ACC0004550,CUST000407,checking,3074.96
ACC0004551,CUST002370,checking,2338.5
ACC0004552,CUST000093,checking,1840.97
ACC0004553,CUST002734,savings,3281.64
ACC0004554,CUST000092,savings,15819.52
ACC0004555,CUST002992,savings,2624.5
ACC0004556,CUST000568,checking,576.59
ACC0004557,CUST000564,checking,3912.72
ACC0004558,CUST002233,savings,4598.56
ACC0004559,CUST002311,checking,7608.24
ACC0004560,CUST002096,savings,403.61
ACC0004561,CUST002769,checking,1276.54
ACC0004562,CUST004472,checking,8007.22
ACC0004563,CUST004656,checking,3607.92
ACC0004564,CUST003154,savings,449.14
ACC0004565,CUST000589,checking,1387.79
ACC0004566,CUST002161,checking,3963.76
ACC0004567,CUST000354,savings,2870.2
ACC0004568,CUST000561,checking,1954.08
ACC0004569,CUST002160,checking,4856.91
ACC0004570,CUST000065,savings,3906.21
ACC0004571,CUST002897,credit_card,5187.4
ACC0004572,CUST004905,credit_card,1048.71
ACC0004573,CUST000052,checking,12028.79
ACC0004574,CUST002287,checking,13013.17
ACC0004575,CUST000863,checking,9358.57
ACC0004576,CUST002363,checking,699.96
ACC0004577,CUST002839,checking,3085.04
ACC0004578,CUST004837,savings,6204.69
ACC0004579,CUST001007,savings,12137.58
ACC0004580,CUST004504,savings,4591.74
ACC0004581,CUST000699,checking,4118.4
ACC0004582,CUST004256,credit_card,881.09
ACC0004583,CUST001435,checking,3028.1
ACC0004584,CUST000353,checking,1705.62
ACC0004585,CUST000151,savings,3309.3
ACC0004586,CUST003513,savings,1732.97
ACC0004587,CUST002656,checking,13598.7
ACC0004588,CUST001518,checking,7143.2
ACC0004589,CUST004458,checking,1462.82
ACC0004590,CUST001878,checking,16629.39
ACC0004591,CUST003326,credit_card,1295.91
ACC0004592,CUST001692,checking,2690.05
ACC0004593,CUST003482,savings,3889.83
ACC0004594,CUST000119,checking,740.4
ACC0004595,CUST003767,savings,6003.0
ACC0004596,CUST002838,savings,1608.22
ACC0004597,CUST004122,checking,14516.67
ACC0004598,CUST003867,credit_card,1485.61
ACC0004599,CUST002875,checking,3769.86
ACC0004600,CUST002261,savings,18117.36
ACC0004601,CUST004920,checking,1249.29
ACC0004602,CUST002026,savings,1213.92
ACC0004603,CUST002737,checking,985.65
ACC0004604,CUST004110,savings,6230.63
ACC0004605,CUST001316,checking,5323.57
ACC0004606,CUST001545,checking,580.01
ACC0004607,CUST002441,checking,4055.39
ACC0004608,CUST003733,checking,10679.18
ACC0004609,CUST000982,savings,2179.1
ACC0004610,CUST001736,savings,511.68
ACC0004611,CUST002321,checking,4033.66
ACC0004612,CUST001158,checking,1348.36
ACC0004613,CUST003561,savings,728.36
ACC0004614,CUST002895,checking,1863.75
ACC0004615,CUST003144,savings,8775.83
ACC0004616,CUST004805,savings,4743.42
ACC0004617,CUST004343,savings,1623.86
ACC0004618,CUST002787,checking,9861.38
ACC0004619,CUST004926,checking,8663.84
ACC0004620,CUST004864,savings,4493.67
ACC0004621,CUST004653,savings,8732.85
ACC0004622,CUST002455,checking,1544.03
ACC0004623,CUST000968,checking,6884.5
ACC0004624,CUST001755,checking,3392.86
ACC0004625,CUST003475,savings,812.16
ACC0004626,CUST002015,savings,2719.44
ACC0004627,CUST004747,savings,2932.95
ACC0004628,CUST003210,checking,3037.77
ACC0004629,CUST000319,savings,1114.53
ACC0004630,CUST000541,checking,6505.62
ACC0004631,CUST001343,credit_card,17686.79
ACC0004632,CUST000274,checking,13537.58
ACC0004633,CUST003027,checking,730.28
ACC0004634,CUST000815,savings,7783.24
ACC0004635,CUST001361,savings,8202.89
ACC0004636,CUST004296,checking,3802.16
ACC0004637,CUST003930,savings,762.3
ACC0004638,CUST004113,savings,2423.16
ACC0004639,CUST003183,checking,4046.02
ACC0004640,CUST002400,checking,923.84
ACC0004641,CUST004498,checking,1247.42
ACC0004642,CUST002724,checking,749.87
ACC0004643,CUST003809,savings,2196.85
ACC0004644,CUST003057,savings,4984.36
ACC0004645,CUST001648,checking,1615.08
ACC0004646,CUST002277,savings,966.4
ACC0004647,CUST001089,credit_card,5019.52
ACC0004648,CUST001013,checking,3071.98
ACC0004649,CUST000579,checking,6783.52
ACC0004650,CUST003762,savings,12300.28
ACC0004651,CUST004184,checking,32939.34
ACC0004652,CUST004092,checking,3780.53
ACC0004653,CUST004325,checking,574.24
ACC0004654,CUST004319,checking,3326.01
ACC0004655,CUST000878,savings,2141.64
ACC0004656,CUST000137,checking,1940.16
ACC0004657,CUST001569,checking,1523.44
ACC0004658,CUST004744,checking,1137.36
ACC0004659,CUST001669,savings,724.59
ACC0004660,CUST000583,checking,2518.03
ACC0004661,CUST003985,checking,7978.12
ACC0004662,CUST003540,savings,1663.16
ACC0004663,CUST004516,checking,5941.15
ACC0004664,CUST004852,checking,3291.62
ACC0004665,CUST002050,credit_card,6189.34
ACC0004666,CUST004356,credit_card,39228.1
ACC0004667,CUST002890,credit_card,4665.02
ACC0004668,CUST002660,checking,3168.95
ACC0004669,CUST003527,checking,1779.43
ACC0004670,CUST000332,credit_card,2195.42
ACC0004671,CUST003205,checking,742.16
ACC0004672,CUST002429,checking,14739.45
ACC0004673,CUST004496,credit_card,1855.24
ACC0004674,CUST001827,savings,5405.74
ACC0004675,CUST000916,savings,2696.41
ACC0004676,CUST000796,checking,4482.81
ACC0004677,CUST003455,checking,20830.75
ACC0004678,CUST001791,checking,5269.3
ACC0004679,CUST003572,checking,1548.77
ACC0004680,CUST000628,savings,5891.52
ACC0004681,CUST000013,checking,15897.52
ACC0004682,CUST000547,checking,1234.15
ACC0004683,CUST000118,savings,2044.3
ACC0004684,CUST002217,credit_card,3017.69
ACC0004685,CUST002832,checking,768.08
ACC0004686,CUST004656,checking,3614.49
ACC0004687,CUST000532,checking,1212.86
ACC0004688,CUST000309,savings,6381.17
ACC0004689,CUST000513,credit_card,1021.63
ACC0004690,CUST001333,checking,750.69
ACC0004691,CUST001171,credit_card,6627.56
ACC0004692,CUST004586,savings,778.58
ACC0004693,CUST004544,checking,1622.15
ACC0004694,CUST001551,checking,573.31
ACC0004695,CUST004362,savings,9750.92
ACC0004696,CUST003194,checking,1717.55
ACC0004697,CUST004188,checking,6088.65
ACC0004698,CUST004058,checking,4121.27
ACC0004699,CUST000512,checking,4235.53
ACC0004700,CUST000239,savings,7638.74
ACC0004701,CUST002826,checking,1392.94
ACC0004702,CUST001049,savings,3251.21
ACC0004703,CUST000328,savings,1797.22
ACC0004704,CUST003491,checking,787.86
ACC0004705,CUST002433,checking,1465.17
ACC0004706,CUST000784,savings,4573.36
ACC0004707,CUST004942,savings,1341.94
ACC0004708,CUST001766,checking,2287.47
ACC0004709,CUST003563,savings,800.14
ACC0004710,CUST004879,checking,8219.64
ACC0004711,CUST000129,checking,4319.4
ACC0004712,CUST000407,credit_card,1520.89
ACC0004713,CUST002028,checking,340.72
ACC0004714,CUST004356,checking,1043.28
ACC0004715,CUST001795,checking,23621.54
ACC0004716,CUST001054,checking,1831.89
ACC0004717,CUST003122,credit_card,6029.12
ACC0004718,CUST000675,checking,5828.75
ACC0004719,CUST002674,checking,3847.19
ACC0004720,CUST004524,checking,2713.26
ACC0004721,CUST002726,checking,3698.14
ACC0004722,CUST002222,credit_card,3710.2
ACC0004723,CUST002771,savings,2384.15
ACC0004724,CUST002655,checking,1815.62
ACC0004725,CUST001795,savings,2976.95
ACC0004726,CUST000487,credit_card,1760.69
ACC0004727,CUST000269,savings,168.46
ACC0004728,CUST001376,credit_card,326.46
ACC0004729,CUST002113,credit_card,1805.75
ACC0004730,CUST002239,checking,515.59
ACC0004731,CUST000190,checking,9147.56
ACC0004732,CUST004248,savings,2533.14
ACC0004733,CUST003860,checking,2807.51
ACC0004734,CUST000412,checking,13736.83
ACC0004735,CUST002005,credit_card,7320.56
ACC0004736,CUST001011,checking,1499.12
ACC0004737,CUST002612,checking,757.47
ACC0004738,CUST004876,savings,6524.43
ACC0004739,CUST003630,savings,2409.77
ACC0004740,CUST004766,savings,3750.47
ACC0004741,CUST001746,savings,461.87
ACC0004742,CUST004360,checking,5707.64
ACC0004743,CUST001708,checking,2873.21
ACC0004744,CUST002495,checking,484.84
ACC0004745,CUST001781,savings,607.01
ACC0004746,CUST002231,checking,756.77
ACC0004747,CUST004957,checking,14869.0
ACC0004748,CUST001055,credit_card,7423.63
ACC0004749,CUST000197,savings,786.11
ACC0004750,CUST004241,checking,5068.08
ACC0004751,CUST001323,checking,2624.68
ACC0004752,CUST002548,checking,3957.37
ACC0004753,CUST001411,credit_card,3542.08
ACC0004754,CUST001214,savings,9287.47
ACC0004755,CUST000196,checking,2793.39
ACC0004756,CUST003770,savings,7283.72
ACC0004757,CUST001128,checking,1631.81
ACC0004758,CUST000377,savings,2225.08
ACC0004759,CUST000475,credit_card,1213.44
ACC0004760,CUST004143,checking,8733.93
ACC0004761,CUST003238,checking,6716.86
ACC0004762,CUST001156,checking,7525.36
ACC0004763,CUST002049,checking,12933.05
ACC0004764,CUST003414,checking,1534.89
ACC0004765,CUST003945,checking,3617.23
ACC0004766,CUST002148,checking,1086.77
ACC0004767,CUST000154,checking,2737.23
ACC0004768,CUST002185,checking,8467.21
ACC0004769,CUST004104,checking,1784.02
ACC0004770,CUST004669,checking,5594.59
ACC0004771,CUST002067,checking,2464.23
ACC0004772,CUST002323,savings,2367.56
ACC0004773,CUST004728,checking,4796.1
ACC0004774,CUST002731,savings,5800.54
ACC0004775,CUST004029,checking,15272.03
ACC0004776,CUST001931,checking,3785.35
ACC0004777,CUST000976,savings,565.87
ACC0004778,CUST001419,savings,3120.01
ACC0004779,CUST001728,checking,8588.72
ACC0004780,CUST001734,savings,8727.19
ACC0004781,CUST000256,savings,4433.68
ACC0004782,CUST003698,savings,2313.81
ACC0004783,CUST002547,savings,1428.22
ACC0004784,CUST003255,checking,1400.45
ACC0004785,CUST002637,checking,4105.45
ACC0004786,CUST000314,checking,1073.98
ACC0004787,CUST003505,credit_card,5014.58
ACC0004788,CUST004510,savings,11023.34
ACC0004789,CUST000873,savings,1519.83
ACC0004790,CUST000498,checking,1605.94
ACC0004791,CUST004479,checking,2752.61
ACC0004792,CUST001075,checking,1041.81
ACC0004793,CUST002852,checking,3076.33
ACC0004794,CUST003148,checking,3314.04
ACC0004795,CUST001892,credit_card,7403.6
ACC0004796,CUST001983,checking,2007.0
ACC0004797,CUST004257,savings,33917.29
ACC0004798,CUST000899,checking,14319.53
ACC0004799,CUST000884,savings,3976.08
ACC0004800,CUST002763,checking,2233.03
ACC0004801,CUST002710,checking,2278.51
ACC0004802,CUST001706,checking,3177.85
ACC0004803,CUST004685,checking,1931.48
ACC0004804,CUST004158,savings,9868.61
ACC0004805,CUST001883,savings,883.83
ACC0004806,CUST004825,checking,3964.47
ACC0004807,CUST003428,checking,2810.16
ACC0004808,CUST000061,savings,1120.37
ACC0004809,CUST002602,checking,6313.2
ACC0004810,CUST000974,savings,2448.07
ACC0004811,CUST002137,checking,3638.36
ACC0004812,CUST000105,checking,1408.24
ACC0004813,CUST001906,checking,1352.55
ACC0004814,CUST004623,checking,3118.67
ACC0004815,CUST003025,credit_card,1033.17
ACC0004816,CUST004134,savings,4527.83
ACC0004817,CUST001601,savings,35191.04
ACC0004818,CUST003134,checking,1578.77
ACC0004819,CUST002281,savings,7617.86
ACC0004820,CUST004407,savings,1006.32
ACC0004821,CUST002513,checking,1283.07
ACC0004822,CUST001838,savings,2691.56
ACC0004823,CUST003793,checking,993.53
ACC0004824,CUST003714,credit_card,4198.75
ACC0004825,CUST001050,credit_card,10110.61
ACC0004826,CUST002368,checking,5836.19
ACC0004827,CUST000681,savings,5235.94
ACC0004828,CUST002087,checking,4622.55
ACC0004829,CUST002107,savings,1698.62
ACC0004830,CUST002361,credit_card,3584.69
ACC0004831,CUST003030,checking,12145.06
ACC0004832,CUST002731,checking,414.43
ACC0004833,CUST004243,checking,4089.56
ACC0004834,CUST000948,savings,4488.54
ACC0004835,CUST001358,checking,5236.71
ACC0004836,CUST000385,checking,15680.28
ACC0004837,CUST002881,checking,11636.89
ACC0004838,CUST001002,checking,2244.67
ACC0004839,CUST001329,credit_card,4271.67
ACC0004840,CUST004305,checking,3148.17
ACC0004841,CUST002088,checking,2203.45
ACC0004842,CUST003605,checking,2224.3
ACC0004843,CUST003609,checking,1558.52
ACC0004844,CUST002299,savings,5606.39
ACC0004845,CUST000943,savings,4478.65
ACC0004846,CUST002818,savings,2704.22
ACC0004847,CUST003325,savings,1090.48
ACC0004848,CUST002042,checking,57853.5
ACC0004849,CUST002115,savings,1614.66
ACC0004850,CUST000834,checking,8777.66
ACC0004851,CUST003384,savings,2283.93
ACC0004852,CUST000954,checking,4130.72
ACC0004853,CUST000686,checking,2608.91
ACC0004854,CUST003070,checking,5734.26
ACC0004855,CUST000012,credit_card,5116.84
ACC0004856,CUST001699,checking,2427.14
ACC0004857,CUST001755,savings,315.47
ACC0004858,CUST004502,checking,2910.36
ACC0004859,CUST001224,checking,2695.28
ACC0004860,CUST003258,savings,939.52
ACC0004861,CUST002418,checking,1239.78
ACC0004862,CUST003737,checking,22033.08
ACC0004863,CUST003497,checking,8895.74
ACC0004864,CUST004648,credit_card,5385.17
ACC0004865,CUST002012,checking,3507.54
ACC0004866,CUST000668,checking,3858.57
ACC0004867,CUST001675,savings,55546.53
ACC0004868,CUST000344,credit_card,3156.09
ACC0004869,CUST001455,checking,1093.72
ACC0004870,CUST003155,credit_card,2595.76
ACC0004871,CUST002692,savings,4034.81
ACC0004872,CUST004280,checking,2632.72
ACC0004873,CUST000684,savings,6029.05
ACC0004874,CUST004079,checking,5299.35
ACC0004875,CUST003391,checking,1965.23
ACC0004876,CUST003340,credit_card,2089.61
ACC0004877,CUST004385,checking,1297.01
ACC0004878,CUST001057,savings,2454.63
ACC0004879,CUST000583,checking,3031.96
ACC0004880,CUST002887,checking,2472.23
ACC0004881,CUST002798,checking,1043.72
ACC0004882,CUST003781,checking,3513.7
ACC0004883,CUST001718,checking,1167.77
ACC0004884,CUST000054,savings,5664.78
ACC0004885,CUST001422,savings,1858.27
ACC0004886,CUST003443,checking,881.01
ACC0004887,CUST001228,checking,29265.84
ACC0004888,CUST001784,checking,6466.41
ACC0004889,CUST002216,checking,1779.91
ACC0004890,CUST001466,savings,37015.45
ACC0004891,CUST003161,checking,3817.11
ACC0004892,CUST004054,checking,15518.03
ACC0004893,CUST001479,checking,3064.0
ACC0004894,CUST001319,savings,1813.99
ACC0004895,CUST004204,savings,7097.69
ACC0004896,CUST000167,checking,1038.03
ACC0004897,CUST002995,credit_card,3411.06
ACC0004898,CUST001305,credit_card,6847.54
ACC0004899,CUST002768,checking,4778.04
ACC0004900,CUST001825,checking,537.33
ACC0004901,CUST000560,checking,2948.83
ACC0004902,CUST002801,savings,3780.84
ACC0004903,CUST004036,savings,4306.89
ACC0004904,CUST001017,checking,1856.96
ACC0004905,CUST004505,checking,1156.22
ACC0004906,CUST002717,checking,2380.88
ACC0004907,CUST003457,checking,1778.97
ACC0004908,CUST002064,checking,927.79
ACC0004909,CUST004932,checking,8056.65
ACC0004910,CUST000875,savings,2711.1
ACC0004911,CUST001668,credit_card,1464.96
ACC0004912,CUST003977,savings,9227.49
ACC0004913,CUST003530,savings,2065.84
ACC0004914,CUST002286,savings,859.46
ACC0004915,CUST003769,checking,2153.7
ACC0004916,CUST003953,savings,1681.04
ACC0004917,CUST000137,credit_card,1190.39
ACC0004918,CUST003910,checking,5511.02
ACC0004919,CUST001906,savings,10259.95
ACC0004920,CUST004715,checking,508.52
ACC0004921,CUST002475,savings,23117.74
ACC0004922,CUST004581,checking,945.93
ACC0004923,CUST000013,checking,3929.88
ACC0004924,CUST004527,checking,5017.94
ACC0004925,CUST002907,savings,1297.8
ACC0004926,CUST002504,savings,6744.67
ACC0004927,CUST002837,checking,1062.95
ACC0004928,CUST003079,checking,823.1
ACC0004929,CUST001528,checking,2341.9
ACC0004930,CUST002082,checking,3563.63
ACC0004931,CUST003184,checking,5822.05
ACC0004932,CUST000217,checking,9459.84
ACC0004933,CUST004157,checking,41553.36
ACC0004934,CUST001969,savings,5278.39
ACC0004935,CUST003095,checking,686.53
ACC0004936,CUST003720,savings,1749.38
ACC0004937,CUST000115,savings,16200.55
ACC0004938,CUST002177,checking,1765.58
ACC0004939,CUST004880,credit_card,2173.46
ACC0004940,CUST001067,checking,4326.65
ACC0004941,CUST004389,checking,3309.89
ACC0004942,CUST004627,checking,5998.29
ACC0004943,CUST004837,checking,9698.81
ACC0004944,CUST000434,credit_card,1507.18
ACC0004945,CUST000261,savings,1952.61
ACC0004946,CUST004459,checking,4392.1
ACC0004947,CUST004848,checking,633.07
ACC0004948,CUST001422,credit_card,12680.41
ACC0004949,CUST002973,checking,20928.85
ACC0004950,CUST001764,credit_card,578.08
ACC0004951,CUST000626,savings,1808.7
ACC0004952,CUST000053,checking,1544.22
ACC0004953,CUST000117,credit_card,3059.18
ACC0004954,CUST000243,credit_card,2250.75
ACC0004955,CUST003812,checking,2459.18
ACC0004956,CUST004583,checking,7139.99
ACC0004957,CUST004217,checking,5070.34
ACC0004958,CUST000574,checking,167.04
ACC0004959,CUST004390,checking,6627.06
ACC0004960,CUST001565,savings,8342.55
ACC0004961,CUST003174,checking,2601.1
ACC0004962,CUST003546,savings,3758.28
ACC0004963,CUST002353,checking,354.71
ACC0004964,CUST001632,checking,2250.85
ACC0004965,CUST001300,checking,382.43
ACC0004966,CUST001789,checking,2465.73
ACC0004967,CUST001872,checking,5859.77
ACC0004968,CUST001760,credit_card,1031.74
ACC0004969,CUST003076,savings,3213.59
ACC0004970,CUST003102,savings,9966.63
ACC0004971,CUST002442,checking,2641.16
ACC0004972,CUST002796,credit_card,38173.01
ACC0004973,CUST003259,checking,5229.29
ACC0004974,CUST003598,savings,2856.46
ACC0004975,CUST004347,savings,940.82
ACC0004976,CUST004578,credit_card,2042.93
ACC0004977,CUST000410,credit_card,5213.23
ACC0004978,CUST003195,savings,5143.76
ACC0004979,CUST004279,checking,2704.72
ACC0004980,CUST001718,checking,1764.87
ACC0004981,CUST002726,savings,1982.95
ACC0004982,CUST002037,checking,1365.98
ACC0004983,CUST001455,checking,2287.21
ACC0004984,CUST002748,checking,2163.36
ACC0004985,CUST004588,checking,11418.1
ACC0004986,CUST004620,checking,3615.23
ACC0004987,CUST000901,checking,4156.35
ACC0004988,CUST002399,checking,7096.73
ACC0004989,CUST004139,credit_card,649.75
ACC0004990,CUST000525,checking,6810.58
ACC0004991,CUST004729,checking,1936.02
ACC0004992,CUST002520,savings,2459.17
ACC0004993,CUST000538,checking,1447.86
ACC0004994,CUST000375,savings,9938.85
ACC0004995,CUST003073,checking,1096.69
ACC0004996,CUST003940,checking,141.18
ACC0004997,CUST002723,savings,2100.77
ACC0004998,CUST000403,credit_card,1992.91
ACC0004999,CUST002943,checking,713.14
ACC0005000,CUST003609,checking,3849.36
ACC0005001,CUST001139,savings,8366.3
ACC0005002,CUST000206,savings,5651.31
ACC0005003,CUST003298,savings,3306.94
ACC0005004,CUST002426,checking,2018.66
ACC0005005,CUST003611,checking,1888.25
ACC0005006,CUST000950,checking,2802.41
ACC0005007,CUST003680,checking,3226.03
ACC0005008,CUST004215,checking,5548.73
ACC0005009,CUST000396,savings,1243.81
ACC0005010,CUST004476,checking,7587.36
ACC0005011,CUST002093,savings,842.12
ACC0005012,CUST000479,credit_card,2355.22
ACC0005013,CUST002590,savings,562.46
ACC0005014,CUST002445,credit_card,463.4
ACC0005015,CUST004766,checking,20703.24
ACC0005016,CUST002901,credit_card,2363.07
ACC0005017,CUST001092,checking,8351.44
ACC0005018,CUST000709,checking,8208.88
ACC0005019,CUST004049,checking,8447.85
ACC0005020,CUST000193,credit_card,5671.47
ACC0005021,CUST002255,savings,5062.77
ACC0005022,CUST001851,savings,857.11
ACC0005023,CUST001055,checking,5182.82
ACC0005024,CUST003174,savings,3928.87
ACC0005025,CUST000325,checking,14006.74
ACC0005026,CUST000443,checking,2846.87
ACC0005027,CUST001993,savings,2714.43
ACC0005028,CUST002158,savings,2460.41
ACC0005029,CUST002474,checking,4524.61
ACC0005030,CUST000143,credit_card,7100.05
ACC0005031,CUST003393,checking,4011.97
ACC0005032,CUST002942,checking,6356.9
ACC0005033,CUST004834,checking,1519.47
ACC0005034,CUST000411,savings,5271.36
ACC0005035,CUST001170,checking,1524.6
ACC0005036,CUST003755,checking,654.18
ACC0005037,CUST003844,checking,2809.09
ACC0005038,CUST003515,checking,8301.68
ACC0005039,CUST003934,credit_card,2623.6
ACC0005040,CUST001869,checking,3806.99
ACC0005041,CUST004828,checking,3463.54
ACC0005042,CUST002388,checking,2925.45
ACC0005043,CUST004387,checking,1096.75
ACC0005044,CUST003891,checking,6740.29
ACC0005045,CUST002586,checking,20708.43
ACC0005046,CUST002227,checking,1183.78
ACC0005047,CUST000415,savings,4630.59
ACC0005048,CUST001593,checking,1790.73
ACC0005049,CUST001112,savings,8747.21
ACC0005050,CUST002868,checking,312.08
ACC0005051,CUST001001,savings,2673.18
ACC0005052,CUST000952,savings,1280.63
ACC0005053,CUST004475,checking,6263.87
ACC0005054,CUST000643,credit_card,6430.71
ACC0005055,CUST000009,checking,2000.6
ACC0005056,CUST002789,checking,4495.42
ACC0005057,CUST000657,savings,3602.53
ACC0005058,CUST002166,checking,234.41
ACC0005059,CUST004874,savings,1913.68
ACC0005060,CUST000081,savings,1727.74
ACC0005061,CUST001046,savings,464.86
ACC0005062,CUST001086,checking,3583.09
ACC0005063,CUST002439,checking,532.31
ACC0005064,CUST002626,checking,2225.19
ACC0005065,CUST000746,credit_card,3355.42
ACC0005066,CUST004437,savings,11455.43
ACC0005067,CUST001456,checking,38792.76
ACC0005068,CUST004209,savings,3342.18
ACC0005069,CUST004976,savings,18001.06
ACC0005070,CUST001556,savings,2144.18
ACC0005071,CUST001826,checking,1682.74
ACC0005072,CUST000975,credit_card,3102.49
ACC0005073,CUST002762,savings,1223.95
ACC0005074,CUST003096,savings,1463.21
ACC0005075,CUST002732,credit_card,5616.8
ACC0005076,CUST004699,checking,989.49
ACC0005077,CUST003776,savings,4462.16
ACC0005078,CUST000194,savings,6933.78
ACC0005079,CUST002301,savings,4015.58
ACC0005080,CUST001136,credit_card,2186.92
ACC0005081,CUST003731,credit_card,797.58
ACC0005082,CUST001217,savings,4374.25
ACC0005083,CUST000362,credit_card,2300.57
ACC0005084,CUST004743,credit_card,5631.6
ACC0005085,CUST001879,checking,4341.19
ACC0005086,CUST003844,checking,1829.12
ACC0005087,CUST002559,savings,9848.21
ACC0005088,CUST003906,checking,14212.87
ACC0005089,CUST002610,checking,10501.42
ACC0005090,CUST002305,savings,3547.77
ACC0005091,CUST004710,checking,1964.05
ACC0005092,CUST002776,checking,5302.64
ACC0005093,CUST004004,savings,2152.29
ACC0005094,CUST000059,checking,11829.66
ACC0005095,CUST002297,savings,5184.9
ACC0005096,CUST002478,savings,3187.04
ACC0005097,CUST001775,savings,5156.05
ACC0005098,CUST004447,checking,7398.59
ACC0005099,CUST000739,checking,8897.09
ACC0005100,CUST000029,checking,2364.11
ACC0005101,CUST004180,savings,4150.32
ACC0005102,CUST000135,checking,1016.44
ACC0005103,CUST002356,credit_card,2251.52
ACC0005104,CUST001533,savings,3766.35
ACC0005105,CUST003309,credit_card,1570.82
ACC0005106,CUST003638,savings,6449.35
ACC0005107,CUST004277,checking,1338.67
ACC0005108,CUST004714,checking,1206.02
ACC0005109,CUST001051,savings,8374.33
ACC0005110,CUST002460,savings,1202.52
ACC0005111,CUST004024,savings,2106.43
ACC0005112,CUST001164,checking,1269.36
ACC0005113,CUST000472,checking,747.25
ACC0005114,CUST003753,checking,304.61
ACC0005115,CUST001606,savings,3532.55
ACC0005116,CUST001581,checking,16000.91
ACC0005117,CUST000131,checking,3275.44
ACC0005118,CUST000907,checking,2301.62
ACC0005119,CUST001801,checking,6209.25
ACC0005120,CUST000054,checking,1607.04
ACC0005121,CUST000056,savings,6531.04
ACC0005122,CUST002019,checking,20383.16
ACC0005123,CUST003115,savings,478.11
ACC0005124,CUST001260,checking,2237.45
ACC0005125,CUST002357,credit_card,4077.01
ACC0005126,CUST000257,checking,3329.16
ACC0005127,CUST001163,checking,1699.35
ACC0005128,CUST004750,credit_card,7452.05
ACC0005129,CUST002325,checking,313.15
ACC0005130,CUST001538,checking,7874.76
ACC0005131,CUST000439,checking,648.28
ACC0005132,CUST004694,savings,4065.05
ACC0005133,CUST004833,credit_card,1057.31
ACC0005134,CUST000353,checking,8222.52
ACC0005135,CUST003722,checking,6879.58
ACC0005136,CUST002247,checking,11575.11
ACC0005137,CUST004805,checking,3828.42
ACC0005138,CUST000476,savings,10243.71
ACC0005139,CUST000966,savings,286.65
ACC0005140,CUST002551,credit_card,1905.61
ACC0005141,CUST000955,savings,4631.93
ACC0005142,CUST002295,credit_card,449.52
ACC0005143,CUST001926,checking,492.61
ACC0005144,CUST002035,savings,7990.3
ACC0005145,CUST001831,credit_card,3879.18
ACC0005146,CUST000880,savings,14116.7
ACC0005147,CUST003213,savings,3086.1
ACC0005148,CUST003706,checking,988.29
ACC0005149,CUST004454,savings,401.96
ACC0005150,CUST004045,checking,556.21
ACC0005151,CUST002533,credit_card,3020.7
ACC0005152,CUST004575,savings,2169.1
ACC0005153,CUST003524,checking,2367.85
ACC0005154,CUST000150,checking,1395.37
ACC0005155,CUST003931,checking,4733.67
ACC0005156,CUST001659,credit_card,3132.68
ACC0005157,CUST003104,checking,4225.01
ACC0005158,CUST002995,credit_card,42246.21
ACC0005159,CUST000183,savings,6442.25
ACC0005160,CUST004219,checking,7547.78
ACC0005161,CUST001059,checking,413.04
ACC0005162,CUST001049,checking,3103.32
ACC0005163,CUST002422,savings,1447.11
ACC0005164,CUST002323,savings,2778.74
ACC0005165,CUST001545,checking,3948.26
ACC0005166,CUST001936,savings,4392.66
ACC0005167,CUST002334,checking,6451.39
ACC0005168,CUST003619,savings,1542.49
ACC0005169,CUST004619,savings,3493.89
ACC0005170,CUST003237,checking,67988.61
ACC0005171,CUST000901,credit_card,1976.8
ACC0005172,CUST003341,credit_card,4873.98
ACC0005173,CUST002520,checking,5455.53
ACC0005174,CUST002947,checking,16610.15
ACC0005175,CUST002214,checking,17036.57
ACC0005176,CUST001207,savings,4106.88
ACC0005177,CUST004061,checking,4081.06
ACC0005178,CUST000491,checking,1076.59
ACC0005179,CUST004372,checking,2764.12
ACC0005180,CUST003102,checking,1185.0
ACC0005181,CUST004941,savings,719.05
ACC0005182,CUST003560,checking,3828.08
ACC0005183,CUST003790,credit_card,2011.05
ACC0005184,CUST000714,checking,981.41
ACC0005185,CUST000394,credit_card,3306.61
ACC0005186,CUST001905,checking,1988.41
ACC0005187,CUST001364,checking,940.58
ACC0005188,CUST002469,checking,1423.57
ACC0005189,CUST001724,savings,5669.78
ACC0005190,CUST003759,checking,9406.9
ACC0005191,CUST002788,checking,1614.97
ACC0005192,CUST003315,savings,1468.8
ACC0005193,CUST000475,checking,2924.3
ACC0005194,CUST004714,checking,3523.05
ACC0005195,CUST003743,savings,16280.18
ACC0005196,CUST002109,checking,7488.2
ACC0005197,CUST001606,checking,2994.02
ACC0005198,CUST000548,credit_card,1348.06
ACC0005199,CUST004181,savings,3170.09
ACC0005200,CUST002553,checking,3260.18
ACC0005201,CUST003639,savings,1262.34
ACC0005202,CUST004688,checking,1815.31
ACC0005203,CUST001144,savings,1838.62
ACC0005204,CUST001496,credit_card,1303.62
ACC0005205,CUST000909,savings,1086.8
ACC0005206,CUST003150,checking,5401.68
ACC0005207,CUST002430,checking,12566.69
ACC0005208,CUST004836,checking,359.12
ACC0005209,CUST003364,checking,742.52
ACC0005210,CUST003700,checking,2899.54
ACC0005211,CUST001784,savings,1184.37
ACC0005212,CUST000700,checking,1147.64
ACC0005213,CUST002065,savings,5998.76
ACC0005214,CUST002394,savings,890.71
ACC0005215,CUST004558,credit_card,2105.74
ACC0005216,CUST004339,credit_card,2737.99
ACC0005217,CUST000224,savings,8247.75
ACC0005218,CUST001902,savings,12941.96
ACC0005219,CUST003322,checking,1496.22
ACC0005220,CUST004942,checking,1133.05
ACC0005221,CUST002971,savings,2255.43
ACC0005222,CUST001085,checking,1004.9
ACC0005223,CUST004521,credit_card,2941.27
ACC0005224,CUST000054,credit_card,5802.7
ACC0005225,CUST002162,checking,7073.13
ACC0005226,CUST000805,checking,1989.78
ACC0005227,CUST003751,savings,167.0
ACC0005228,CUST002925,savings,579.22
ACC0005229,CUST000688,checking,2324.75
ACC0005230,CUST001873,savings,1387.42
ACC0005231,CUST003776,savings,3244.4
ACC0005232,CUST002372,checking,1387.84
ACC0005233,CUST003345,checking,2587.46
ACC0005234,CUST002323,checking,1515.68
ACC0005235,CUST002393,credit_card,10190.07
ACC0005236,CUST004089,checking,1284.65
ACC0005237,CUST001929,checking,19095.94
ACC0005238,CUST002393,savings,1739.71
ACC0005239,CUST001415,credit_card,15860.98
ACC0005240,CUST003023,checking,2231.18
ACC0005241,CUST004083,checking,2237.04
ACC0005242,CUST002010,checking,2427.75
ACC0005243,CUST000975,credit_card,5704.56
ACC0005244,CUST000715,savings,1023.54
ACC0005245,CUST002482,savings,2203.12
ACC0005246,CUST000444,savings,761.19
ACC0005247,CUST003180,savings,1912.33
ACC0005248,CUST000793,credit_card,1655.09
ACC0005249,CUST004043,checking,3743.8
ACC0005250,CUST003728,checking,4009.69
ACC0005251,CUST001684,checking,1155.69
ACC0005252,CUST002516,credit_card,10587.66
ACC0005253,CUST001548,savings,10111.34
ACC0005254,CUST000611,checking,2004.28
ACC0005255,CUST000291,checking,6248.12
ACC0005256,CUST004165,credit_card,1228.35
ACC0005257,CUST000810,checking,339.09
ACC0005258,CUST004152,checking,3305.09
ACC0005259,CUST000439,checking,3405.99
ACC0005260,CUST001992,credit_card,2028.95
ACC0005261,CUST001012,checking,1989.01
ACC0005262,CUST004257,checking,1656.27
ACC0005263,CUST003191,checking,4356.64
ACC0005264,CUST001797,credit_card,4604.88
ACC0005265,CUST003064,credit_card,3191.24
ACC0005266,CUST003611,checking,1456.38
ACC0005267,CUST000196,credit_card,6094.68
ACC0005268,CUST004968,checking,8944.03
ACC0005269,CUST004267,savings,11419.1
ACC0005270,CUST001829,savings,5002.7
ACC0005271,CUST002683,checking,351.73
ACC0005272,CUST000445,checking,1556.43
ACC0005273,CUST002822,credit_card,1906.98
ACC0005274,CUST001886,savings,4950.26
ACC0005275,CUST002376,savings,16061.47
ACC0005276,CUST000535,savings,283.21
ACC0005277,CUST000892,savings,9092.39
ACC0005278,CUST002191,checking,1087.36
ACC0005279,CUST003443,savings,5086.41
ACC0005280,CUST004863,checking,1307.95
ACC0005281,CUST000859,credit_card,862.83
ACC0005282,CUST002453,credit_card,2457.67
ACC0005283,CUST000326,credit_card,17738.87
ACC0005284,CUST001783,checking,1352.66
ACC0005285,CUST004541,checking,1204.55
ACC0005286,CUST004565,savings,2939.9
ACC0005287,CUST004598,savings,2593.97
ACC0005288,CUST000235,checking,6641.24
ACC0005289,CUST001274,savings,6322.09
ACC0005290,CUST004928,credit_card,15632.42
ACC0005291,CUST000044,savings,7958.35
ACC0005292,CUST002633,savings,2591.11
ACC0005293,CUST004708,checking,3416.2
ACC0005294,CUST001720,credit_card,1233.17
ACC0005295,CUST000925,checking,1552.07
ACC0005296,CUST004227,checking,854.33
ACC0005297,CUST004000,checking,786.86
ACC0005298,CUST004116,checking,6482.62
ACC0005299,CUST003627,savings,12253.8
ACC0005300,CUST000607,checking,8803.38
ACC0005301,CUST004502,credit_card,1815.67
ACC0005302,CUST001840,savings,2232.08
ACC0005303,CUST001076,checking,6363.81
ACC0005304,CUST003437,credit_card,2237.63
ACC0005305,CUST003787,checking,2177.66
ACC0005306,CUST001257,checking,1067.55
ACC0005307,CUST002856,credit_card,2076.15
ACC0005308,CUST001725,checking,1690.62
ACC0005309,CUST003763,savings,1646.21
ACC0005310,CUST000350,checking,4171.05
ACC0005311,CUST002776,credit_card,15669.54
ACC0005312,CUST004592,checking,967.46
ACC0005313,CUST001184,checking,7855.57
ACC0005314,CUST000074,checking,2732.86
ACC0005315,CUST004110,checking,3072.35
ACC0005316,CUST002395,credit_card,4287.8
ACC0005317,CUST003945,savings,1901.91
ACC0005318,CUST000216,savings,2787.86
ACC0005319,CUST003412,checking,1712.82
ACC0005320,CUST001639,savings,3877.23
ACC0005321,CUST002487,savings,3844.21
ACC0005322,CUST001052,savings,1049.63
ACC0005323,CUST000201,credit_card,961.82
ACC0005324,CUST004650,checking,785.04
ACC0005325,CUST001181,savings,1206.38
ACC0005326,CUST000833,checking,4022.66
ACC0005327,CUST004914,checking,2600.24
ACC0005328,CUST002827,savings,5226.03
ACC0005329,CUST002824,checking,860.2
ACC0005330,CUST004247,savings,7002.79
ACC0005331,CUST001003,credit_card,4281.51
ACC0005332,CUST002180,checking,806.88
ACC0005333,CUST001550,checking,645.17
ACC0005334,CUST000529,credit_card,2180.11
ACC0005335,CUST004518,credit_card,11120.2
ACC0005336,CUST002726,savings,8050.93
ACC0005337,CUST000593,checking,4016.84
ACC0005338,CUST002313,checking,1460.08
ACC0005339,CUST004878,checking,5347.18
ACC0005340,CUST002204,credit_card,3313.14
ACC0005341,CUST001237,checking,11714.61
ACC0005342,CUST000531,credit_card,1362.55
ACC0005343,CUST000762,savings,1246.44
ACC0005344,CUST001249,checking,754.05
ACC0005345,CUST003430,checking,3546.11
ACC0005346,CUST001055,savings,2380.19
ACC0005347,CUST003343,checking,12039.32
ACC0005348,CUST002767,credit_card,17659.47
ACC0005349,CUST001752,checking,214.68
ACC0005350,CUST002246,savings,19807.53
ACC0005351,CUST004983,checking,3025.08
ACC0005352,CUST001408,checking,1097.65
ACC0005353,CUST001150,checking,2415.69
ACC0005354,CUST002208,checking,8516.59
ACC0005355,CUST001934,checking,1371.51
ACC0005356,CUST000117,checking,1405.68
ACC0005357,CUST004965,checking,6173.07
ACC0005358,CUST003107,checking,3644.82
ACC0005359,CUST000264,savings,1277.39
ACC0005360,CUST002269,checking,4228.01
ACC0005361,CUST004122,credit_card,216.89
ACC0005362,CUST000450,checking,1083.23
ACC0005363,CUST001182,credit_card,22788.15
ACC0005364,CUST003543,checking,7651.0
ACC0005365,CUST002759,credit_card,765.29
ACC0005366,CUST000906,checking,2732.34
ACC0005367,CUST004722,checking,6166.99
ACC0005368,CUST004670,savings,5172.15
ACC0005369,CUST003377,checking,1560.94
ACC0005370,CUST004292,savings,1474.35
ACC0005371,CUST003148,checking,1466.53
ACC0005372,CUST000288,savings,1859.6
ACC0005373,CUST001191,checking,3273.46
ACC0005374,CUST003478,checking,509.56
ACC0005375,CUST003171,savings,2668.97
ACC0005376,CUST003770,credit_card,2937.15
ACC0005377,CUST002695,savings,4941.92
ACC0005378,CUST001519,savings,3077.69
ACC0005379,CUST004642,checking,4955.65
ACC0005380,CUST000513,credit_card,1355.88
ACC0005381,CUST001998,credit_card,2710.65
ACC0005382,CUST004222,checking,1157.73
ACC0005383,CUST002325,checking,1212.28
ACC0005384,CUST002619,checking,2010.94
ACC0005385,CUST000850,savings,2277.33
ACC0005386,CUST001706,checking,2712.32
ACC0005387,CUST000128,credit_card,3128.33
ACC0005388,CUST000952,credit_card,5881.56
ACC0005389,CUST001906,credit_card,11476.7
ACC0005390,CUST000670,savings,4207.23
ACC0005391,CUST002027,checking,2156.53
ACC0005392,CUST003984,checking,919.86
ACC0005393,CUST002944,savings,3433.37
ACC0005394,CUST003705,checking,6977.19
ACC0005395,CUST003887,checking,8473.15
ACC0005396,CUST002323,checking,1663.9
ACC0005397,CUST001477,checking,2664.4
ACC0005398,CUST000256,credit_card,3307.23
ACC0005399,CUST003533,checking,25471.35
ACC0005400,CUST002931,credit_card,983.52
ACC0005401,CUST002053,checking,1576.77
ACC0005402,CUST001968,checking,995.04
ACC0005403,CUST000263,checking,2495.64
ACC0005404,CUST003540,checking,9118.73
ACC0005405,CUST003441,credit_card,8413.01
ACC0005406,CUST003918,checking,9014.22
ACC0005407,CUST003284,checking,1787.73
ACC0005408,CUST000874,checking,1179.21
ACC0005409,CUST004581,checking,3579.04
ACC0005410,CUST000621,checking,5738.84
ACC0005411,CUST002554,savings,1325.67
ACC0005412,CUST004945,checking,1425.92
ACC0005413,CUST003328,checking,2315.87
ACC0005414,CUST003506,checking,11329.6
ACC0005415,CUST004219,credit_card,3286.31
ACC0005416,CUST000167,checking,10004.21
ACC0005417,CUST004487,savings,1147.3
ACC0005418,CUST003603,checking,1238.05
ACC0005419,CUST001013,checking,928.15
ACC0005420,CUST003346,checking,14180.56
ACC0005421,CUST004600,checking,9314.95
ACC0005422,CUST002942,checking,2150.96
ACC0005423,CUST001592,checking,828.49
ACC0005424,CUST002664,savings,3727.2
ACC0005425,CUST003870,checking,2380.29
ACC0005426,CUST004456,checking,7609.81
ACC0005427,CUST003307,savings,11049.44
ACC0005428,CUST002101,savings,4155.51
ACC0005429,CUST000179,checking,7465.47
ACC0005430,CUST003675,checking,3284.33
ACC0005431,CUST004087,savings,870.27
ACC0005432,CUST000324,checking,5120.87
ACC0005433,CUST000697,savings,1111.55
ACC0005434,CUST004236,credit_card,1289.07
ACC0005435,CUST002919,checking,295.95
ACC0005436,CUST004262,checking,5404.95
ACC0005437,CUST004908,checking,6630.88
ACC0005438,CUST004546,credit_card,12663.79
ACC0005439,CUST002282,savings,12397.08
ACC0005440,CUST000056,checking,3928.79
ACC0005441,CUST000302,credit_card,11160.89
ACC0005442,CUST002702,credit_card,1854.13
ACC0005443,CUST000540,checking,7389.09
ACC0005444,CUST000935,savings,1286.02
ACC0005445,CUST002547,checking,720.53
ACC0005446,CUST003380,checking,1389.79
ACC0005447,CUST001002,savings,5063.51
ACC0005448,CUST000908,checking,10521.66
ACC0005449,CUST004792,checking,3956.0
ACC0005450,CUST004295,savings,1645.83
ACC0005451,CUST003096,savings,788.56
ACC0005452,CUST002180,checking,7066.53
ACC0005453,CUST001248,savings,5714.24
ACC0005454,CUST001560,checking,2507.72
ACC0005455,CUST002243,credit_card,716.48
ACC0005456,CUST003121,savings,11829.58
ACC0005457,CUST002283,checking,2544.62
ACC0005458,CUST004471,savings,2513.65
ACC0005459,CUST004962,credit_card,3212.12
ACC0005460,CUST003217,savings,2099.51
ACC0005461,CUST001322,savings,825.53
ACC0005462,CUST001424,checking,547.76
ACC0005463,CUST001001,credit_card,446.81
ACC0005464,CUST002664,checking,5438.0
ACC0005465,CUST003454,checking,1008.78
ACC0005466,CUST003893,savings,751.13
ACC0005467,CUST003363,checking,8649.82
ACC0005468,CUST001819,checking,3157.87
ACC0005469,CUST004731,savings,1457.11
ACC0005470,CUST004733,checking,1986.81
ACC0005471,CUST000081,checking,1838.86
ACC0005472,CUST000698,checking,1243.65
ACC0005473,CUST001407,savings,2476.26
ACC0005474,CUST001007,credit_card,2440.78
ACC0005475,CUST001216,checking,1364.77
ACC0005476,CUST001758,checking,1638.82
ACC0005477,CUST003636,credit_card,5928.35
ACC0005478,CUST000193,checking,8412.77
ACC0005479,CUST001169,checking,1324.8
ACC0005480,CUST003671,savings,1681.02
ACC0005481,CUST000991,checking,3265.52
ACC0005482,CUST004100,checking,558.14
ACC0005483,CUST000242,checking,83084.11
ACC0005484,CUST000578,credit_card,2783.64
ACC0005485,CUST000038,credit_card,978.07
ACC0005486,CUST004564,checking,1019.9
ACC0005487,CUST000689,checking,6545.85
ACC0005488,CUST001908,checking,725.3
ACC0005489,CUST004320,checking,2677.93
ACC0005490,CUST004813,credit_card,4115.57
ACC0005491,CUST000732,credit_card,3623.34
ACC0005492,CUST001256,checking,13150.48
ACC0005493,CUST003499,savings,877.5
ACC0005494,CUST000862,checking,8947.25
ACC0005495,CUST001302,savings,10737.39
ACC0005496,CUST003534,checking,1162.51
ACC0005497,CUST002160,credit_card,617.7
ACC0005498,CUST000247,savings,740.98
ACC0005499,CUST002117,credit_card,5320.25
ACC0005500,CUST001752,checking,2664.67
ACC0005501,CUST002654,credit_card,344.97
ACC0005502,CUST000813,checking,1724.74
ACC0005503,CUST004968,checking,4508.88
ACC0005504,CUST004629,savings,1676.15
ACC0005505,CUST000210,savings,11354.49
ACC0005506,CUST001557,credit_card,1992.3
ACC0005507,CUST002715,checking,4255.91
ACC0005508,CUST003295,savings,18366.48
ACC0005509,CUST003542,savings,3525.86
ACC0005510,CUST000894,savings,1851.27
ACC0005511,CUST003892,checking,5949.39
ACC0005512,CUST002567,savings,1276.71
ACC0005513,CUST003236,checking,558.63
ACC0005514,CUST000608,checking,2159.83
ACC0005515,CUST001004,checking,1272.34
ACC0005516,CUST000842,savings,135.77
ACC0005517,CUST003536,credit_card,4702.47
ACC0005518,CUST000171,savings,1757.17
ACC0005519,CUST003847,savings,3794.52
ACC0005520,CUST002452,checking,2472.13
ACC0005521,CUST003401,checking,4948.61
ACC0005522,CUST003249,checking,5891.48
ACC0005523,CUST002387,checking,14375.2
ACC0005524,CUST004630,checking,1875.87
ACC0005525,CUST004853,savings,1505.53
ACC0005526,CUST004965,checking,19614.45
ACC0005527,CUST001607,checking,3786.76
ACC0005528,CUST003482,savings,4142.39
ACC0005529,CUST003223,checking,6206.53
ACC0005530,CUST003237,savings,1829.16
ACC0005531,CUST000573,credit_card,3043.64
ACC0005532,CUST000341,credit_card,1456.54
ACC0005533,CUST002069,savings,10716.05
ACC0005534,CUST004912,checking,6619.4
ACC0005535,CUST002986,savings,2956.85
ACC0005536,CUST001192,checking,26483.99
ACC0005537,CUST003458,checking,12962.46
ACC0005538,CUST001741,savings,1332.36
ACC0005539,CUST001865,checking,1292.04
ACC0005540,CUST003085,credit_card,3892.24
ACC0005541,CUST003636,checking,2928.03
ACC0005542,CUST002628,checking,961.7
ACC0005543,CUST000580,checking,1239.63
ACC0005544,CUST001174,checking,934.86
ACC0005545,CUST002373,checking,11798.78
ACC0005546,CUST002184,checking,3342.19
ACC0005547,CUST000132,checking,6932.61
ACC0005548,CUST003961,checking,2101.59
ACC0005549,CUST000616,checking,2472.78
ACC0005550,CUST002439,credit_card,1526.45
ACC0005551,CUST001180,checking,11359.32
ACC0005552,CUST002319,checking,2317.83
ACC0005553,CUST000682,savings,800.24
ACC0005554,CUST004700,checking,3129.92
ACC0005555,CUST000996,checking,2551.55
ACC0005556,CUST001735,credit_card,11288.59
ACC0005557,CUST001673,savings,12044.23
ACC0005558,CUST003222,savings,2416.74
ACC0005559,CUST003113,checking,1432.45
ACC0005560,CUST002186,checking,3690.23
ACC0005561,CUST004978,credit_card,4944.87
ACC0005562,CUST002666,checking,1777.95
ACC0005563,CUST000176,checking,3051.51
ACC0005564,CUST000233,savings,1744.75
ACC0005565,CUST000007,credit_card,1177.91
ACC0005566,CUST003715,checking,4421.48
ACC0005567,CUST004663,savings,18719.69
ACC0005568,CUST000152,savings,1497.54
ACC0005569,CUST001928,checking,1780.5
ACC0005570,CUST000234,checking,3098.29
ACC0005571,CUST004341,savings,5298.25
ACC0005572,CUST001584,savings,1787.74
ACC0005573,CUST001437,checking,969.46
ACC0005574,CUST004085,savings,1458.16
ACC0005575,CUST003788,checking,1152.11
ACC0005576,CUST003574,savings,8124.21
ACC0005577,CUST002724,checking,4441.8
ACC0005578,CUST000438,checking,4360.92
ACC0005579,CUST004758,checking,876.92
ACC0005580,CUST000686,checking,4591.22
ACC0005581,CUST001284,checking,5819.04
ACC0005582,CUST000292,savings,7886.3
ACC0005583,CUST003092,credit_card,472.46
ACC0005584,CUST000024,checking,6090.63
ACC0005585,CUST000585,checking,36918.07
ACC0005586,CUST000525,checking,1787.67
ACC0005587,CUST003765,credit_card,21607.33
ACC0005588,CUST000831,credit_card,16323.89
ACC0005589,CUST000949,checking,2682.85
ACC0005590,CUST002721,savings,1515.84
ACC0005591,CUST004815,checking,1555.68
ACC0005592,CUST001340,savings,767.34
ACC0005593,CUST002900,checking,3528.9
ACC0005594,CUST003716,checking,5585.31
ACC0005595,CUST000410,checking,903.38
ACC0005596,CUST002477,checking,4609.19
ACC0005597,CUST000912,savings,1864.51
ACC0005598,CUST001221,checking,5919.99
ACC0005599,CUST004426,checking,1478.34
ACC0005600,CUST003567,savings,10717.01
ACC0005601,CUST004324,savings,3928.75
ACC0005602,CUST000721,checking,2794.76
ACC0005603,CUST000903,credit_card,3667.32
ACC0005604,CUST003877,savings,1092.06
ACC0005605,CUST003657,checking,1533.22
ACC0005606,CUST000480,savings,2007.4
ACC0005607,CUST004131,savings,2170.37
ACC0005608,CUST003080,checking,1555.11
ACC0005609,CUST001808,credit_card,8183.36
ACC0005610,CUST002018,credit_card,3562.99
ACC0005611,CUST001015,credit_card,4445.23
ACC0005612,CUST000451,checking,4931.5
ACC0005613,CUST001565,savings,1430.05
ACC0005614,CUST001110,checking,5391.65
ACC0005615,CUST003635,credit_card,4073.19
ACC0005616,CUST004212,savings,1442.4
ACC0005617,CUST003183,checking,1377.35
ACC0005618,CUST003114,checking,3551.76
ACC0005619,CUST004400,savings,6991.43
ACC0005620,CUST000076,checking,1160.18
ACC0005621,CUST004779,credit_card,1696.24
ACC0005622,CUST000018,savings,1984.03
ACC0005623,CUST001170,savings,929.74
ACC0005624,CUST004226,checking,21661.51
ACC0005625,CUST002357,credit_card,2843.58
ACC0005626,CUST000149,checking,919.4
ACC0005627,CUST003436,checking,2513.44
ACC0005628,CUST003207,checking,1018.41
ACC0005629,CUST003988,savings,4425.1
ACC0005630,CUST001492,credit_card,1415.59
ACC0005631,CUST002914,savings,8385.27
ACC0005632,CUST002701,checking,1312.71
ACC0005633,CUST002135,savings,3192.27
ACC0005634,CUST001280,savings,1024.71
ACC0005635,CUST002910,savings,2012.05
ACC0005636,CUST000877,checking,709.02
ACC0005637,CUST004353,credit_card,972.88
ACC0005638,CUST000953,savings,8475.92
ACC0005639,CUST001421,savings,10403.76
ACC0005640,CUST000897,savings,794.46
ACC0005641,CUST000218,checking,2657.34
ACC0005642,CUST004273,checking,6140.59
ACC0005643,CUST002064,checking,652.89
ACC0005644,CUST001142,credit_card,7762.78
ACC0005645,CUST001140,checking,8148.62
ACC0005646,CUST001737,savings,1323.24
ACC0005647,CUST002203,credit_card,11889.92
ACC0005648,CUST004355,checking,5296.83
ACC0005649,CUST004109,checking,730.78
ACC0005650,CUST004517,savings,4520.55
ACC0005651,CUST002239,checking,4703.53
ACC0005652,CUST001379,checking,5438.26
ACC0005653,CUST000562,credit_card,9390.51
ACC0005654,CUST000598,checking,5853.18
ACC0005655,CUST002940,checking,929.82
ACC0005656,CUST004479,checking,854.2
ACC0005657,CUST003107,credit_card,8669.19
ACC0005658,CUST001564,checking,12846.62
ACC0005659,CUST001193,savings,1854.18
ACC0005660,CUST003538,checking,3310.44
ACC0005661,CUST002982,savings,1002.0
ACC0005662,CUST003717,credit_card,3829.23
ACC0005663,CUST003080,checking,14097.35
ACC0005664,CUST000256,checking,4312.42
ACC0005665,CUST004795,checking,17076.37
ACC0005666,CUST000446,savings,27110.71
ACC0005667,CUST001765,savings,9337.19
ACC0005668,CUST004989,checking,37100.89
ACC0005669,CUST004115,checking,4467.21
ACC0005670,CUST004612,savings,3164.03
ACC0005671,CUST000127,credit_card,2466.68
ACC0005672,CUST004673,checking,8969.69
ACC0005673,CUST000822,savings,4245.19
ACC0005674,CUST002779,checking,3076.39
ACC0005675,CUST000300,checking,2755.67
ACC0005676,CUST002461,savings,1540.03
ACC0005677,CUST004835,checking,5488.77
ACC0005678,CUST000205,checking,1377.79
ACC0005679,CUST000806,savings,395.17
ACC0005680,CUST000469,savings,11051.63
ACC0005681,CUST000987,credit_card,825.87
ACC0005682,CUST000303,checking,3922.56
ACC0005683,CUST000191,savings,2724.8
ACC0005684,CUST000242,checking,4256.76
ACC0005685,CUST001513,checking,2017.27
ACC0005686,CUST000539,checking,2040.23
ACC0005687,CUST002724,credit_card,1647.46
ACC0005688,CUST000947,credit_card,5715.17
ACC0005689,CUST002805,savings,3789.37
ACC0005690,CUST003965,savings,27400.96
ACC0005691,CUST001764,credit_card,1055.67
ACC0005692,CUST002096,savings,4302.54
ACC0005693,CUST003060,savings,28625.89
ACC0005694,CUST003226,checking,5798.44
ACC0005695,CUST001223,savings,1338.63
ACC0005696,CUST003866,checking,4179.58
ACC0005697,CUST003299,savings,10171.75
ACC0005698,CUST002525,checking,7627.76
ACC0005699,CUST000837,savings,5187.35
ACC0005700,CUST001507,checking,1665.57
ACC0005701,CUST002660,savings,3272.01
ACC0005702,CUST000299,credit_card,968.32
ACC0005703,CUST003678,checking,5305.32
ACC0005704,CUST003392,savings,1769.68
ACC0005705,CUST000729,checking,4306.77
ACC0005706,CUST004151,savings,3507.36
ACC0005707,CUST004015,credit_card,10095.59
ACC0005708,CUST000450,checking,2890.69
ACC0005709,CUST004842,checking,3532.49
ACC0005710,CUST002858,credit_card,3553.17
ACC0005711,CUST000001,credit_card,8213.21
ACC0005712,CUST001821,checking,1365.97
ACC0005713,CUST003749,checking,1830.6
ACC0005714,CUST004766,savings,22658.39
ACC0005715,CUST003223,credit_card,1462.03
ACC0005716,CUST002511,savings,4435.54
ACC0005717,CUST002271,savings,1545.32
ACC0005718,CUST004267,savings,253.9
ACC0005719,CUST003970,checking,2349.1
ACC0005720,CUST001657,checking,3902.11
ACC0005721,CUST001944,checking,4105.57
ACC0005722,CUST004625,checking,2683.19
ACC0005723,CUST002830,checking,261.06
ACC0005724,CUST004430,savings,2191.74
ACC0005725,CUST000624,credit_card,3662.84
ACC0005726,CUST004674,checking,21780.82
ACC0005727,CUST003101,savings,1397.4
ACC0005728,CUST001642,checking,1484.41
ACC0005729,CUST003239,checking,1513.69
ACC0005730,CUST001522,checking,1497.47
ACC0005731,CUST002800,credit_card,8759.27
ACC0005732,CUST002160,checking,2799.63
ACC0005733,CUST001215,savings,9985.9
ACC0005734,CUST003122,checking,1365.21
ACC0005735,CUST001973,credit_card,3652.55
ACC0005736,CUST003598,checking,942.08
ACC0005737,CUST001074,checking,3313.61
ACC0005738,CUST004652,credit_card,10427.73
ACC0005739,CUST002364,credit_card,6305.13
ACC0005740,CUST003221,checking,1437.62
ACC0005741,CUST001130,checking,5436.08
ACC0005742,CUST002597,checking,2746.06
ACC0005743,CUST000516,checking,5127.2
ACC0005744,CUST003178,checking,1741.99
ACC0005745,CUST004839,credit_card,622.34
ACC0005746,CUST001440,savings,1273.7
ACC0005747,CUST003840,checking,1100.75
ACC0005748,CUST004418,checking,422.42
ACC0005749,CUST000926,savings,2152.59
ACC0005750,CUST003855,checking,2707.53
ACC0005751,CUST001278,savings,1646.53
ACC0005752,CUST004500,credit_card,26153.64
ACC0005753,CUST002679,checking,2853.93
ACC0005754,CUST003671,credit_card,9052.71
ACC0005755,CUST002594,savings,1243.63
ACC0005756,CUST003357,savings,1498.07
ACC0005757,CUST000611,checking,848.42
ACC0005758,CUST002840,savings,1197.0
ACC0005759,CUST000575,checking,2334.38
ACC0005760,CUST003337,checking,2049.83
ACC0005761,CUST001811,credit_card,1253.49
ACC0005762,CUST004380,credit_card,1005.41
ACC0005763,CUST004366,savings,4205.27
ACC0005764,CUST002194,savings,2364.84
ACC0005765,CUST004566,checking,4392.22
ACC0005766,CUST002644,checking,3730.23
ACC0005767,CUST002143,savings,9039.82
ACC0005768,CUST001295,checking,380.77
ACC0005769,CUST004469,checking,4095.6
ACC0005770,CUST004276,savings,401.15
ACC0005771,CUST003234,checking,8112.7
ACC0005772,CUST001617,credit_card,3540.92
ACC0005773,CUST003105,checking,2845.23
ACC0005774,CUST004676,checking,2328.8
ACC0005775,CUST001911,checking,2980.79
ACC0005776,CUST000309,savings,311.77
ACC0005777,CUST002569,checking,1683.51
ACC0005778,CUST002079,checking,1024.86
ACC0005779,CUST002888,checking,3518.86
ACC0005780,CUST000653,checking,978.69
ACC0005781,CUST004299,checking,840.42
ACC0005782,CUST004128,savings,3605.84
ACC0005783,CUST001406,checking,3437.18
ACC0005784,CUST000738,checking,2129.06
ACC0005785,CUST002971,checking,2472.96
ACC0005786,CUST001420,savings,8397.44
ACC0005787,CUST000351,savings,2747.07
ACC0005788,CUST003388,checking,2190.67
ACC0005789,CUST004884,checking,3147.08
ACC0005790,CUST001021,checking,7907.82
ACC0005791,CUST003455,checking,1256.9
ACC0005792,CUST002999,credit_card,20653.37
ACC0005793,CUST000128,checking,11534.2
ACC0005794,CUST003847,checking,1419.51
ACC0005795,CUST001456,savings,6020.69
ACC0005796,CUST000695,checking,15534.97
ACC0005797,CUST001001,checking,4459.89
ACC0005798,CUST004715,savings,966.21
ACC0005799,CUST003866,checking,1583.61
ACC0005800,CUST004348,checking,2427.59
ACC0005801,CUST003248,checking,10213.43
ACC0005802,CUST004908,checking,896.56
ACC0005803,CUST000078,checking,1923.34
ACC0005804,CUST001035,savings,638.4
ACC0005805,CUST001563,credit_card,4009.53
ACC0005806,CUST002910,checking,814.57
ACC0005807,CUST003950,checking,1088.84
ACC0005808,CUST001009,checking,12781.95
ACC0005809,CUST002174,checking,668.41
ACC0005810,CUST000671,checking,4310.92
ACC0005811,CUST001305,checking,4323.17
ACC0005812,CUST002147,savings,1400.48
ACC0005813,CUST003489,credit_card,2434.59
ACC0005814,CUST004768,savings,6851.06
ACC0005815,CUST001937,credit_card,515.29
ACC0005816,CUST003298,checking,853.23
ACC0005817,CUST000547,savings,1514.61
ACC0005818,CUST001526,credit_card,11493.59
ACC0005819,CUST001931,credit_card,521.75
ACC0005820,CUST000686,savings,3681.43
ACC0005821,CUST001608,savings,6565.8
ACC0005822,CUST004319,checking,12510.91
ACC0005823,CUST002673,checking,3376.05
ACC0005824,CUST003601,checking,4756.4
ACC0005825,CUST003701,savings,1169.4
ACC0005826,CUST004330,checking,1077.48
ACC0005827,CUST004462,credit_card,2889.75
ACC0005828,CUST003161,savings,1268.65
ACC0005829,CUST000050,credit_card,2041.34
ACC0005830,CUST001811,checking,6829.3
ACC0005831,CUST000294,checking,4644.27
ACC0005832,CUST000745,savings,616.79
ACC0005833,CUST003018,checking,1927.4
ACC0005834,CUST001183,savings,12697.35
ACC0005835,CUST000270,savings,1849.46
ACC0005836,CUST000486,savings,2716.77
ACC0005837,CUST001907,savings,2656.12
ACC0005838,CUST001522,checking,11331.12
ACC0005839,CUST002971,checking,12703.29
ACC0005840,CUST000994,checking,3035.03
ACC0005841,CUST000146,checking,1090.74
ACC0005842,CUST000487,checking,3780.05
ACC0005843,CUST002621,credit_card,3434.02
ACC0005844,CUST004483,checking,5471.71
ACC0005845,CUST003011,checking,1289.14
ACC0005846,CUST004770,credit_card,1755.98
ACC0005847,CUST000215,checking,369.4
ACC0005848,CUST001641,savings,2747.84
ACC0005849,CUST003027,savings,1151.93
ACC0005850,CUST004028,savings,2842.77
ACC0005851,CUST003248,checking,1031.2
ACC0005852,CUST002610,checking,17952.08
ACC0005853,CUST002138,checking,906.89
ACC0005854,CUST004055,checking,11333.43
ACC0005855,CUST003643,checking,10575.44
ACC0005856,CUST003797,checking,8382.23
ACC0005857,CUST002156,checking,9041.02
ACC0005858,CUST001432,credit_card,3919.44
ACC0005859,CUST002992,savings,384.43
ACC0005860,CUST002647,checking,2326.03
ACC0005861,CUST001400,checking,2856.43
ACC0005862,CUST000336,savings,726.24
ACC0005863,CUST004477,savings,3916.12
ACC0005864,CUST001969,savings,4669.93
ACC0005865,CUST000004,savings,1705.49
ACC0005866,CUST003066,savings,1304.95
ACC0005867,CUST003828,savings,5440.26
ACC0005868,CUST001633,checking,3030.86
ACC0005869,CUST000791,savings,1668.81
ACC0005870,CUST002616,savings,544.01
ACC0005871,CUST002109,checking,1872.5
ACC0005872,CUST001279,credit_card,6329.77
ACC0005873,CUST000639,checking,1619.57
ACC0005874,CUST004495,credit_card,6635.45
ACC0005875,CUST003502,savings,10509.57
ACC0005876,CUST001813,credit_card,3704.33
ACC0005877,CUST003283,savings,2713.41
ACC0005878,CUST003796,checking,3791.35
ACC0005879,CUST000647,checking,2564.02
ACC0005880,CUST000060,savings,971.3
ACC0005881,CUST003327,savings,6783.2
ACC0005882,CUST002883,savings,1101.0
ACC0005883,CUST001685,checking,3100.41
ACC0005884,CUST001965,checking,7454.42
ACC0005885,CUST003272,checking,1156.4
ACC0005886,CUST002738,checking,6214.9
ACC0005887,CUST000119,checking,1891.31
ACC0005888,CUST000163,checking,4138.59
ACC0005889,CUST001548,savings,7992.85
ACC0005890,CUST003126,savings,7951.78
ACC0005891,CUST001557,savings,437.47
ACC0005892,CUST004858,credit_card,2632.98
ACC0005893,CUST001552,savings,10283.86
ACC0005894,CUST003031,checking,11897.83
ACC0005895,CUST000264,savings,4919.77
ACC0005896,CUST002268,checking,448.21
ACC0005897,CUST004198,savings,2263.52
ACC0005898,CUST000841,checking,2263.17
ACC0005899,CUST004738,checking,10156.19
ACC0005900,CUST004107,savings,3991.29
ACC0005901,CUST000003,checking,2859.33
ACC0005902,CUST004243,checking,1383.6
ACC0005903,CUST002287,credit_card,1610.99
ACC0005904,CUST002827,checking,9725.58
ACC0005905,CUST001144,savings,3124.4
ACC0005906,CUST000929,savings,975.73
ACC0005907,CUST003082,savings,4591.19
ACC0005908,CUST004472,savings,4119.79
ACC0005909,CUST002953,checking,9834.04
ACC0005910,CUST002772,checking,33123.69
ACC0005911,CUST002894,credit_card,1244.85
ACC0005912,CUST002424,checking,5456.83
ACC0005913,CUST000102,checking,3771.16
ACC0005914,CUST004837,checking,5891.32
ACC0005915,CUST004670,savings,7937.34
ACC0005916,CUST003774,checking,567.76
ACC0005917,CUST003213,checking,912.68
ACC0005918,CUST003089,checking,4789.91
ACC0005919,CUST004167,checking,6202.33
ACC0005920,CUST000327,checking,4966.2
ACC0005921,CUST001682,checking,15880.37
ACC0005922,CUST003194,savings,31392.28
ACC0005923,CUST001633,savings,4705.08
ACC0005924,CUST000123,savings,1843.3
ACC0005925,CUST004410,savings,3719.66
ACC0005926,CUST000645,checking,39229.86
ACC0005927,CUST000355,checking,3569.53
ACC0005928,CUST000160,credit_card,7228.6
ACC0005929,CUST000220,checking,1047.59
ACC0005930,CUST001182,savings,1105.99
ACC0005931,CUST000795,credit_card,5305.87
ACC0005932,CUST002241,checking,1329.11
ACC0005933,CUST004180,savings,5865.6
ACC0005934,CUST004025,savings,1653.13
ACC0005935,CUST004099,checking,2605.48
ACC0005936,CUST001071,savings,1786.54
ACC0005937,CUST000896,checking,6944.69
ACC0005938,CUST004971,checking,7529.14
ACC0005939,CUST002112,checking,1835.86
ACC0005940,CUST001712,credit_card,972.98
ACC0005941,CUST004440,checking,3725.92
ACC0005942,CUST000908,checking,2301.68
ACC0005943,CUST001604,savings,4938.71
ACC0005944,CUST004854,savings,5041.93
ACC0005945,CUST002917,checking,4389.17
ACC0005946,CUST002403,checking,6999.13
ACC0005947,CUST001277,savings,1983.3
ACC0005948,CUST001370,savings,3399.44
ACC0005949,CUST004448,checking,2090.23
ACC0005950,CUST003227,savings,212.7
ACC0005951,CUST004412,savings,981.15
ACC0005952,CUST003102,checking,3857.79
ACC0005953,CUST004188,savings,1948.2
ACC0005954,CUST002737,checking,4958.17
ACC0005955,CUST002423,checking,4025.53
ACC0005956,CUST002525,checking,1429.57
ACC0005957,CUST002343,credit_card,1936.62
ACC0005958,CUST003368,checking,4165.73
ACC0005959,CUST003011,savings,750.16
ACC0005960,CUST002384,checking,3517.29
ACC0005961,CUST001901,checking,1505.76
ACC0005962,CUST004381,checking,426.27
ACC0005963,CUST000653,savings,1767.61
ACC0005964,CUST002931,checking,193.19
ACC0005965,CUST002720,checking,10302.51
ACC0005966,CUST001879,credit_card,1361.26
ACC0005967,CUST001119,savings,2858.13
ACC0005968,CUST001005,checking,982.92
ACC0005969,CUST002110,checking,1028.48
ACC0005970,CUST001711,checking,1271.8
ACC0005971,CUST002330,checking,7173.62
ACC0005972,CUST001065,checking,4048.39
ACC0005973,CUST003116,checking,873.75
ACC0005974,CUST001488,checking,1490.92
ACC0005975,CUST002961,checking,10128.33
ACC0005976,CUST002242,savings,11806.41
ACC0005977,CUST002522,credit_card,2381.43
ACC0005978,CUST002030,savings,1570.47
ACC0005979,CUST002790,credit_card,1952.96
ACC0005980,CUST000726,savings,10492.03
ACC0005981,CUST003068,checking,5646.72
ACC0005982,CUST001999,savings,812.35
ACC0005983,CUST002871,checking,2942.53
ACC0005984,CUST001565,savings,3504.05
ACC0005985,CUST003912,checking,930.23
ACC0005986,CUST001915,savings,8600.84
ACC0005987,CUST002855,checking,6861.32
ACC0005988,CUST004151,checking,1179.85
ACC0005989,CUST004179,checking,7255.32
ACC0005990,CUST002244,credit_card,4774.79
ACC0005991,CUST003856,checking,2901.17
ACC0005992,CUST004435,credit_card,2754.47
ACC0005993,CUST001956,checking,1269.08
ACC0005994,CUST002374,savings,8972.89
ACC0005995,CUST003743,checking,7491.13
ACC0005996,CUST004400,savings,18583.91
ACC0005997,CUST000626,savings,1471.24
ACC0005998,CUST004374,credit_card,2006.11
ACC0005999,CUST002845,savings,5019.9
ACC0006000,CUST000242,checking,905.34
ACC0006001,CUST001018,savings,1221.18
ACC0006002,CUST000700,checking,970.53
ACC0006003,CUST000826,checking,2783.51
ACC0006004,CUST000116,checking,3487.08
ACC0006005,CUST001749,checking,566.79
ACC0006006,CUST002178,savings,2591.47
ACC0006007,CUST002737,checking,6349.32
ACC0006008,CUST001571,savings,2857.37
ACC0006009,CUST000586,checking,4512.2
ACC0006010,CUST000011,checking,12986.44
ACC0006011,CUST000272,checking,2406.63
ACC0006012,CUST002424,checking,4653.81
ACC0006013,CUST004772,checking,1145.31
ACC0006014,CUST004734,checking,9552.54
ACC0006015,CUST000127,savings,7618.52
ACC0006016,CUST002357,savings,2170.47
ACC0006017,CUST000238,savings,975.88
ACC0006018,CUST001409,credit_card,2272.12
ACC0006019,CUST002179,checking,2331.5
ACC0006020,CUST003865,checking,2574.88
ACC0006021,CUST001549,checking,5830.05
ACC0006022,CUST001779,checking,8295.63
ACC0006023,CUST001042,savings,1982.1
ACC0006024,CUST001709,checking,734.59
ACC0006025,CUST001879,savings,805.9
ACC0006026,CUST002145,savings,10466.24
ACC0006027,CUST002759,credit_card,5863.52
ACC0006028,CUST004867,savings,4799.86
ACC0006029,CUST004403,checking,460.55
ACC0006030,CUST001031,checking,1377.79
ACC0006031,CUST000891,checking,2582.28
ACC0006032,CUST000830,checking,1805.92
ACC0006033,CUST000818,checking,4757.26
ACC0006034,CUST004748,savings,5441.39
ACC0006035,CUST001297,checking,3309.21
ACC0006036,CUST001040,checking,1289.36
ACC0006037,CUST000521,savings,11933.57
ACC0006038,CUST000032,savings,3991.29
ACC0006039,CUST001288,checking,11224.29
ACC0006040,CUST002926,savings,14337.64
ACC0006041,CUST001882,savings,5235.5
ACC0006042,CUST001843,checking,12693.98
ACC0006043,CUST004889,checking,1532.65
ACC0006044,CUST003020,checking,1515.56
ACC0006045,CUST003877,checking,4441.27
ACC0006046,CUST004989,checking,218.19
ACC0006047,CUST003821,checking,2005.05
ACC0006048,CUST000506,checking,1537.94
ACC0006049,CUST001921,savings,2105.17
ACC0006050,CUST002999,checking,11029.0
ACC0006051,CUST003330,checking,26083.42
ACC0006052,CUST002612,credit_card,3054.22
ACC0006053,CUST001314,savings,1783.37
ACC0006054,CUST001780,savings,13744.79
ACC0006055,CUST003053,savings,3484.25
ACC0006056,CUST000342,savings,3203.45
ACC0006057,CUST002078,checking,11343.95
ACC0006058,CUST002297,savings,4048.68
ACC0006059,CUST004845,checking,563.97
ACC0006060,CUST000399,checking,17729.1
ACC0006061,CUST002074,credit_card,10259.04
ACC0006062,CUST000299,savings,2165.75
ACC0006063,CUST000149,credit_card,5374.11
ACC0006064,CUST001652,credit_card,8741.66
ACC0006065,CUST004894,credit_card,1811.81
ACC0006066,CUST004024,checking,2259.54
ACC0006067,CUST001482,savings,717.13
ACC0006068,CUST004177,savings,4625.99
ACC0006069,CUST002791,savings,3358.89
ACC0006070,CUST001310,checking,6981.28
ACC0006071,CUST003800,checking,4787.95
ACC0006072,CUST004846,checking,1565.92
ACC0006073,CUST002049,savings,4148.14
ACC0006074,CUST001514,checking,9022.04
ACC0006075,CUST001904,savings,8790.06
ACC0006076,CUST004012,savings,2254.87
ACC0006077,CUST001460,checking,761.78
ACC0006078,CUST003686,checking,734.41
ACC0006079,CUST000879,checking,2692.75
ACC0006080,CUST003163,savings,11575.82
ACC0006081,CUST003268,savings,470.64
ACC0006082,CUST002250,savings,1231.86
ACC0006083,CUST000552,checking,631.6
ACC0006084,CUST002820,savings,4292.28
ACC0006085,CUST002764,checking,2446.26
ACC0006086,CUST000797,checking,4492.13
ACC0006087,CUST000455,checking,14365.32
ACC0006088,CUST000498,savings,1290.9
ACC0006089,CUST004929,credit_card,914.51
ACC0006090,CUST001480,credit_card,4638.34
ACC0006091,CUST001020,checking,4140.37
ACC0006092,CUST004246,checking,5570.09
ACC0006093,CUST003123,savings,293.52
ACC0006094,CUST004539,savings,3284.15
ACC0006095,CUST001167,savings,3987.86
ACC0006096,CUST001875,checking,3522.09
ACC0006097,CUST001656,credit_card,2188.6
ACC0006098,CUST004089,checking,1884.66
ACC0006099,CUST004301,checking,4927.4
ACC0006100,CUST002635,checking,277.43
ACC0006101,CUST003904,savings,13612.88
ACC0006102,CUST000752,checking,3877.18
ACC0006103,CUST001889,savings,2685.43
ACC0006104,CUST001467,checking,4663.1
ACC0006105,CUST001755,savings,1853.99
ACC0006106,CUST002244,checking,2153.58
ACC0006107,CUST003807,checking,5182.72
ACC0006108,CUST000938,savings,1708.38
ACC0006109,CUST003217,checking,2432.99
ACC0006110,CUST003150,savings,20529.57
ACC0006111,CUST001295,credit_card,4650.57
ACC0006112,CUST004871,checking,1254.34
ACC0006113,CUST004255,checking,2181.92
ACC0006114,CUST002712,checking,3359.37
ACC0006115,CUST000092,checking,8733.68
ACC0006116,CUST002836,checking,13198.06
ACC0006117,CUST003108,savings,6447.76
ACC0006118,CUST000961,checking,2120.36
ACC0006119,CUST003740,checking,10007.44
ACC0006120,CUST004302,checking,11513.63
ACC0006121,CUST003503,checking,777.13
ACC0006122,CUST001236,checking,3193.35
ACC0006123,CUST000501,credit_card,8895.46
ACC0006124,CUST003438,credit_card,662.67
ACC0006125,CUST002948,savings,41442.38
ACC0006126,CUST000504,checking,2478.65
ACC0006127,CUST003751,checking,913.88
ACC0006128,CUST004384,savings,909.58
ACC0006129,CUST003729,checking,4107.4
ACC0006130,CUST002146,checking,4316.19
ACC0006131,CUST004344,checking,3186.9
ACC0006132,CUST000595,savings,5738.06
ACC0006133,CUST004788,checking,10004.81
ACC0006134,CUST001570,savings,7599.9
ACC0006135,CUST004212,checking,1054.88
ACC0006136,CUST004407,checking,1627.0
ACC0006137,CUST003874,checking,7441.75
ACC0006138,CUST004374,credit_card,1343.77
ACC0006139,CUST002189,credit_card,655.2
ACC0006140,CUST004082,checking,1779.08
ACC0006141,CUST003597,savings,1409.45
ACC0006142,CUST003728,checking,9768.32
ACC0006143,CUST002346,checking,4242.75
ACC0006144,CUST001284,checking,4990.46
ACC0006145,CUST002800,checking,1460.72
ACC0006146,CUST001844,checking,11028.45
ACC0006147,CUST002584,checking,847.76
ACC0006148,CUST004538,savings,5038.46
ACC0006149,CUST003872,checking,9869.36
ACC0006150,CUST004356,checking,522.77
ACC0006151,CUST001485,savings,15683.66
ACC0006152,CUST001991,checking,1482.57
ACC0006153,CUST001794,checking,961.99
ACC0006154,CUST003244,savings,42453.62
ACC0006155,CUST004059,credit_card,6177.04
ACC0006156,CUST001799,savings,2283.43
ACC0006157,CUST001858,savings,4373.69
ACC0006158,CUST000091,savings,204.87
ACC0006159,CUST003282,savings,2124.79
ACC0006160,CUST004590,credit_card,1478.02
ACC0006161,CUST001341,savings,5085.6
ACC0006162,CUST000443,checking,4960.42
ACC0006163,CUST003627,checking,3731.4
ACC0006164,CUST002836,checking,3218.54
ACC0006165,CUST004366,checking,5141.9
ACC0006166,CUST002511,checking,8319.03
ACC0006167,CUST003072,savings,20970.61
ACC0006168,CUST000552,checking,2260.69
ACC0006169,CUST001978,checking,1932.63
ACC0006170,CUST000275,checking,2523.63
ACC0006171,CUST004799,savings,2612.67
ACC0006172,CUST000244,savings,2850.85
ACC0006173,CUST001061,credit_card,3559.0
ACC0006174,CUST002102,credit_card,1006.47
ACC0006175,CUST001358,checking,15662.26
ACC0006176,CUST002013,checking,7869.98
ACC0006177,CUST002268,checking,15044.57
ACC0006178,CUST002864,checking,10489.12
ACC0006179,CUST000635,savings,708.61
ACC0006180,CUST000912,credit_card,2760.52
ACC0006181,CUST000820,credit_card,1398.23
ACC0006182,CUST002376,checking,26259.53
ACC0006183,CUST002654,checking,1021.09
ACC0006184,CUST003561,checking,967.76
ACC0006185,CUST000830,credit_card,1957.67
ACC0006186,CUST001627,checking,7971.73
ACC0006187,CUST002922,savings,524.94
ACC0006188,CUST001824,checking,4068.61
ACC0006189,CUST004942,savings,3549.07
ACC0006190,CUST004015,savings,531.18
ACC0006191,CUST004400,checking,1619.07
ACC0006192,CUST000935,checking,4549.31
ACC0006193,CUST004155,credit_card,1876.15
ACC0006194,CUST003286,checking,2374.77
ACC0006195,CUST003995,checking,7054.32
ACC0006196,CUST000477,credit_card,17148.02
ACC0006197,CUST001224,checking,670.27
ACC0006198,CUST001316,savings,16968.69
ACC0006199,CUST000261,savings,1264.05
ACC0006200,CUST004164,checking,20773.86
ACC0006201,CUST000346,savings,57209.37
ACC0006202,CUST003381,checking,3826.13
ACC0006203,CUST004515,savings,2248.59
ACC0006204,CUST000926,checking,1861.14
ACC0006205,CUST002886,checking,1116.64
ACC0006206,CUST001952,savings,2537.22
ACC0006207,CUST001384,checking,4184.05
ACC0006208,CUST004851,checking,6498.06
ACC0006209,CUST003226,credit_card,5310.73
ACC0006210,CUST004574,checking,1042.98
ACC0006211,CUST000075,checking,10810.48
ACC0006212,CUST003803,savings,968.0
ACC0006213,CUST004317,checking,558.73
ACC0006214,CUST004315,checking,11876.42
ACC0006215,CUST001089,credit_card,3283.29
ACC0006216,CUST000249,checking,32726.81
ACC0006217,CUST001575,savings,1338.08
ACC0006218,CUST002975,checking,4477.5
ACC0006219,CUST004928,credit_card,2048.18
ACC0006220,CUST000569,savings,2993.13
ACC0006221,CUST004979,credit_card,9011.08
ACC0006222,CUST000581,checking,5562.46
ACC0006223,CUST000354,savings,3527.51
ACC0006224,CUST002022,checking,6908.21
ACC0006225,CUST001566,credit_card,5030.55
ACC0006226,CUST001754,checking,16861.6
ACC0006227,CUST001199,checking,5553.84
ACC0006228,CUST000489,credit_card,9122.13
ACC0006229,CUST004205,checking,4230.02
ACC0006230,CUST000580,checking,1383.39
ACC0006231,CUST003119,checking,14004.11
ACC0006232,CUST003571,checking,1456.23
ACC0006233,CUST002113,checking,4116.05
ACC0006234,CUST004414,savings,10171.37
ACC0006235,CUST000304,checking,576.85
ACC0006236,CUST002563,credit_card,1718.55
ACC0006237,CUST000243,checking,3094.47
ACC0006238,CUST001185,savings,847.95
ACC0006239,CUST004005,checking,1157.08
ACC0006240,CUST002637,checking,2021.81
ACC0006241,CUST004744,checking,4946.23
ACC0006242,CUST004229,checking,1269.31
ACC0006243,CUST002796,savings,4109.13
ACC0006244,CUST004725,checking,1051.18
ACC0006245,CUST002823,savings,5797.43
ACC0006246,CUST000305,checking,1344.45
ACC0006247,CUST002573,checking,1772.05
ACC0006248,CUST001996,checking,1312.55
ACC0006249,CUST000735,savings,436.74
ACC0006250,CUST000551,savings,3252.39
ACC0006251,CUST004562,checking,616.42
ACC0006252,CUST002137,checking,4368.82
ACC0006253,CUST000755,savings,19444.78
ACC0006254,CUST002597,savings,5372.48
ACC0006255,CUST001344,checking,708.52
ACC0006256,CUST004030,credit_card,1197.91
ACC0006257,CUST004980,savings,14955.09
ACC0006258,CUST000803,savings,2510.87
ACC0006259,CUST002272,checking,7394.05
ACC0006260,CUST002544,checking,645.67
ACC0006261,CUST002952,credit_card,1502.46
ACC0006262,CUST002380,checking,2367.16
ACC0006263,CUST004453,savings,1965.18
ACC0006264,CUST004013,checking,1370.07
ACC0006265,CUST003947,checking,2997.43
ACC0006266,CUST004907,checking,1974.78
ACC0006267,CUST000779,savings,4232.54
ACC0006268,CUST001379,checking,6640.7
ACC0006269,CUST004800,checking,29058.02
ACC0006270,CUST001401,checking,1697.7
ACC0006271,CUST003836,savings,1944.27
ACC0006272,CUST001519,checking,4747.67
ACC0006273,CUST003373,checking,5914.41
ACC0006274,CUST001747,checking,15953.9
ACC0006275,CUST003015,checking,5198.54
ACC0006276,CUST001726,checking,10261.19
ACC0006277,CUST000613,savings,14294.98
ACC0006278,CUST001334,checking,13578.05
ACC0006279,CUST003704,savings,1651.3
ACC0006280,CUST001523,checking,13566.0
ACC0006281,CUST000990,checking,5178.73
ACC0006282,CUST003886,savings,4684.63
ACC0006283,CUST002916,savings,1279.77
ACC0006284,CUST001862,checking,642.96
ACC0006285,CUST003220,checking,5445.82
ACC0006286,CUST000698,credit_card,786.86
ACC0006287,CUST000390,credit_card,2925.36
ACC0006288,CUST000681,credit_card,8620.02
ACC0006289,CUST004638,checking,337.53
ACC0006290,CUST000820,checking,2758.77
ACC0006291,CUST000743,checking,429.12
ACC0006292,CUST004075,credit_card,4920.32
ACC0006293,CUST001880,credit_card,671.47
ACC0006294,CUST000907,checking,2717.92
ACC0006295,CUST001040,checking,3291.72
ACC0006296,CUST003574,checking,1233.99
ACC0006297,CUST004133,savings,2521.79
ACC0006298,CUST002444,checking,1342.57
ACC0006299,CUST001687,checking,2950.97
ACC0006300,CUST000506,savings,4472.69
ACC0006301,CUST001700,checking,2500.15
ACC0006302,CUST003103,checking,2092.55
ACC0006303,CUST000169,checking,2250.73
ACC0006304,CUST002480,checking,5246.99
ACC0006305,CUST002239,credit_card,7427.43
ACC0006306,CUST003252,credit_card,23000.73
ACC0006307,CUST004689,savings,2941.57
ACC0006308,CUST002195,checking,14118.95
ACC0006309,CUST003474,checking,6652.64
ACC0006310,CUST004627,savings,1324.35
ACC0006311,CUST004127,savings,8127.31
ACC0006312,CUST004701,checking,6394.02
ACC0006313,CUST003012,checking,609.25
ACC0006314,CUST003741,checking,1285.47
ACC0006315,CUST003962,savings,1887.23
ACC0006316,CUST002978,checking,8932.48
ACC0006317,CUST002658,checking,210.46
ACC0006318,CUST001674,savings,6462.03
ACC0006319,CUST001963,checking,1018.57
ACC0006320,CUST003996,checking,4231.97
ACC0006321,CUST004269,credit_card,1472.21
ACC0006322,CUST001087,checking,307.35
ACC0006323,CUST003564,checking,557.94
ACC0006324,CUST000984,checking,3174.25
ACC0006325,CUST003617,checking,6133.92
ACC0006326,CUST001401,checking,273.03
ACC0006327,CUST000210,checking,2228.54
ACC0006328,CUST001201,checking,3249.61
ACC0006329,CUST001668,savings,1416.02
ACC0006330,CUST001967,checking,2107.91
ACC0006331,CUST001277,savings,1525.2
ACC0006332,CUST000560,checking,8619.77
ACC0006333,CUST003707,checking,1302.28
ACC0006334,CUST002593,checking,2335.67
ACC0006335,CUST000569,credit_card,737.54
ACC0006336,CUST004158,savings,2724.2
ACC0006337,CUST004258,savings,1646.43
ACC0006338,CUST001137,checking,5768.15
ACC0006339,CUST000540,checking,23663.57
ACC0006340,CUST001745,checking,8421.33
ACC0006341,CUST001740,savings,9064.55
ACC0006342,CUST004924,checking,4807.28
ACC0006343,CUST004210,credit_card,1371.48
ACC0006344,CUST002849,savings,2199.96
ACC0006345,CUST003428,savings,9099.16
ACC0006346,CUST002434,credit_card,1814.98
ACC0006347,CUST001811,savings,294.33
ACC0006348,CUST002068,checking,610.1
ACC0006349,CUST004239,checking,7771.97
ACC0006350,CUST002390,checking,3416.71
ACC0006351,CUST004000,checking,6126.89
ACC0006352,CUST004627,checking,2147.11
ACC0006353,CUST001183,savings,2658.72
ACC0006354,CUST000933,checking,886.2
ACC0006355,CUST002156,checking,2173.89
ACC0006356,CUST002940,credit_card,866.67
ACC0006357,CUST004060,checking,1923.08
ACC0006358,CUST003626,checking,2875.05
ACC0006359,CUST001723,checking,3033.82
ACC0006360,CUST003503,checking,548.84
ACC0006361,CUST004335,checking,2369.15
ACC0006362,CUST000815,credit_card,7874.04
ACC0006363,CUST003618,credit_card,1821.04
ACC0006364,CUST003654,credit_card,5010.03
ACC0006365,CUST001725,savings,9172.14
ACC0006366,CUST004814,savings,1027.05
ACC0006367,CUST004136,checking,27697.39
ACC0006368,CUST002460,savings,2857.67
ACC0006369,CUST001826,savings,6548.43
ACC0006370,CUST001979,savings,465.53
ACC0006371,CUST003532,credit_card,1759.8
ACC0006372,CUST004935,checking,2247.04
ACC0006373,CUST001414,checking,5865.0
ACC0006374,CUST003751,checking,2698.57
ACC0006375,CUST001543,credit_card,1655.51
ACC0006376,CUST003926,checking,556.16
ACC0006377,CUST002208,savings,3430.15
ACC0006378,CUST000776,credit_card,6258.94
ACC0006379,CUST000754,savings,6914.33
ACC0006380,CUST001033,savings,12520.77
ACC0006381,CUST003976,checking,4942.85
ACC0006382,CUST004415,checking,588.5
ACC0006383,CUST001664,checking,2884.73
ACC0006384,CUST001657,savings,419.96
ACC0006385,CUST003640,checking,2093.65
ACC0006386,CUST002037,checking,1639.35
ACC0006387,CUST002301,checking,764.53
ACC0006388,CUST000720,checking,6075.74
ACC0006389,CUST004181,savings,1496.67
ACC0006390,CUST001987,checking,7840.16
ACC0006391,CUST001854,checking,8568.36
ACC0006392,CUST001903,checking,18003.42
ACC0006393,CUST002218,checking,17457.38
ACC0006394,CUST000104,credit_card,3776.0
ACC0006395,CUST002801,checking,3015.76
ACC0006396,CUST002670,savings,5101.11
ACC0006397,CUST003753,savings,744.82
ACC0006398,CUST004687,savings,1688.4
ACC0006399,CUST004471,checking,212.29
ACC0006400,CUST001938,checking,722.95
ACC0006401,CUST002705,checking,5547.68
ACC0006402,CUST002841,checking,8005.66
ACC0006403,CUST002771,checking,3306.32
ACC0006404,CUST003203,checking,664.67
ACC0006405,CUST002547,checking,1467.19
ACC0006406,CUST001227,savings,3102.1
ACC0006407,CUST001363,savings,607.86
ACC0006408,CUST000029,checking,14497.69
ACC0006409,CUST001898,checking,1223.25
ACC0006410,CUST004086,checking,2821.01
ACC0006411,CUST001362,checking,9853.11
ACC0006412,CUST003698,savings,6988.96
ACC0006413,CUST003805,checking,8227.38
ACC0006414,CUST003184,checking,1682.42
ACC0006415,CUST002230,checking,662.63
ACC0006416,CUST004602,savings,1509.39
ACC0006417,CUST004537,savings,1294.78
ACC0006418,CUST003812,savings,702.88
ACC0006419,CUST002861,checking,24275.79
ACC0006420,CUST001548,credit_card,6979.94
ACC0006421,CUST002055,checking,4885.65
ACC0006422,CUST001246,checking,4657.25
ACC0006423,CUST001297,checking,2158.58
ACC0006424,CUST002858,checking,9156.55
ACC0006425,CUST004744,checking,1803.4
ACC0006426,CUST000028,checking,2387.45
ACC0006427,CUST000543,checking,6803.72
ACC0006428,CUST001166,savings,13116.95
ACC0006429,CUST000300,savings,5399.59
ACC0006430,CUST000417,credit_card,2014.79
ACC0006431,CUST004738,checking,14168.86
ACC0006432,CUST003627,savings,4563.02
ACC0006433,CUST003205,checking,2670.75
ACC0006434,CUST004727,savings,27977.02
ACC0006435,CUST002154,checking,5450.59
ACC0006436,CUST001142,checking,6104.6
ACC0006437,CUST003138,checking,4593.03
ACC0006438,CUST003574,checking,311.6
ACC0006439,CUST000486,savings,7999.0
ACC0006440,CUST001434,savings,9408.47
ACC0006441,CUST004019,credit_card,25538.73
ACC0006442,CUST000930,savings,4554.42
ACC0006443,CUST003556,checking,6168.55
ACC0006444,CUST001701,checking,10168.34
ACC0006445,CUST001790,checking,1411.98
ACC0006446,CUST000129,savings,3939.41
ACC0006447,CUST000386,checking,8050.83
ACC0006448,CUST003906,checking,463.58
ACC0006449,CUST004864,credit_card,2514.45
ACC0006450,CUST003117,checking,1833.81
ACC0006451,CUST002153,checking,8173.22
ACC0006452,CUST002803,checking,1599.44
ACC0006453,CUST004373,checking,2680.43
ACC0006454,CUST004189,checking,1465.12
ACC0006455,CUST004818,credit_card,424.1
ACC0006456,CUST001714,checking,539.05
ACC0006457,CUST002642,credit_card,30505.16
ACC0006458,CUST003965,checking,18866.98
ACC0006459,CUST002266,checking,570.76
ACC0006460,CUST003715,savings,2265.4
ACC0006461,CUST001226,credit_card,6099.85
ACC0006462,CUST002676,credit_card,11869.07
ACC0006463,CUST002436,checking,645.9
ACC0006464,CUST002477,checking,5340.49
ACC0006465,CUST004404,checking,977.55
ACC0006466,CUST002794,savings,1719.63
ACC0006467,CUST004808,credit_card,14120.97
ACC0006468,CUST003301,savings,16582.15
ACC0006469,CUST000076,savings,2826.16
ACC0006470,CUST000265,checking,7563.99
ACC0006471,CUST001416,checking,5253.38
ACC0006472,CUST001162,savings,1968.02
ACC0006473,CUST002200,checking,9108.1
ACC0006474,CUST004295,checking,768.85
ACC0006475,CUST003626,checking,1995.0
ACC0006476,CUST003555,checking,7947.02
ACC0006477,CUST001997,checking,3644.21
ACC0006478,CUST004648,credit_card,3493.69
ACC0006479,CUST002551,credit_card,1373.14
ACC0006480,CUST004758,checking,16136.13
ACC0006481,CUST001627,savings,2136.11
ACC0006482,CUST000346,checking,3225.1
ACC0006483,CUST001122,checking,1901.63
ACC0006484,CUST000558,credit_card,6187.69
ACC0006485,CUST000334,savings,3447.79
ACC0006486,CUST002601,savings,2763.76
ACC0006487,CUST001339,checking,16819.26
ACC0006488,CUST002842,checking,5114.52
ACC0006489,CUST004118,checking,10548.57
ACC0006490,CUST001640,credit_card,3333.52
ACC0006491,CUST004787,checking,2075.37
ACC0006492,CUST003573,checking,684.29
ACC0006493,CUST004626,checking,2968.33
ACC0006494,CUST003001,savings,4838.08
ACC0006495,CUST000969,credit_card,1802.35
ACC0006496,CUST000908,checking,967.47
ACC0006497,CUST002038,savings,796.71
ACC0006498,CUST000909,savings,2606.54
ACC0006499,CUST004362,checking,4781.85
ACC0006500,CUST003923,savings,23196.26
ACC0006501,CUST000564,checking,1256.89
ACC0006502,CUST004709,savings,1794.75
ACC0006503,CUST001633,credit_card,13037.2
ACC0006504,CUST003631,checking,1893.1
ACC0006505,CUST004837,checking,644.27
ACC0006506,CUST001473,credit_card,3076.98
ACC0006507,CUST002062,savings,2178.85
ACC0006508,CUST000039,savings,5243.63
ACC0006509,CUST000612,checking,10087.61
ACC0006510,CUST002887,savings,1829.45
ACC0006511,CUST000656,checking,3693.02
ACC0006512,CUST002834,checking,3033.8
ACC0006513,CUST000808,savings,902.82
ACC0006514,CUST003561,checking,8317.62
ACC0006515,CUST000299,checking,3285.77
ACC0006516,CUST002565,checking,9584.54
ACC0006517,CUST002973,savings,4414.67
ACC0006518,CUST004899,checking,5344.96
ACC0006519,CUST000600,savings,3308.35
ACC0006520,CUST000831,savings,3861.19
ACC0006521,CUST000319,checking,502.56
ACC0006522,CUST003291,savings,4059.67
ACC0006523,CUST000350,checking,744.71
ACC0006524,CUST000777,checking,8708.53
ACC0006525,CUST001482,checking,20045.25
ACC0006526,CUST000049,checking,2474.65
ACC0006527,CUST001747,checking,2258.61
ACC0006528,CUST004742,checking,2497.65
ACC0006529,CUST002629,checking,2518.08
ACC0006530,CUST001222,checking,8030.45
ACC0006531,CUST003933,savings,1928.0
ACC0006532,CUST000409,checking,6744.35
ACC0006533,CUST002854,savings,2240.43
ACC0006534,CUST004308,savings,1888.41
ACC0006535,CUST000294,credit_card,2738.12
ACC0006536,CUST000920,credit_card,2122.91
ACC0006537,CUST004213,checking,5447.25
ACC0006538,CUST003291,checking,5623.32
ACC0006539,CUST004964,checking,10079.93
ACC0006540,CUST003067,checking,5129.03
ACC0006541,CUST004351,checking,4786.85
ACC0006542,CUST001720,checking,1307.15
ACC0006543,CUST002204,checking,1271.93
ACC0006544,CUST000390,credit_card,1188.72
ACC0006545,CUST003359,savings,355.79
ACC0006546,CUST004968,checking,9374.93
ACC0006547,CUST000141,checking,2565.59
ACC0006548,CUST000007,checking,65668.21
ACC0006549,CUST000492,checking,2950.34
ACC0006550,CUST003591,credit_card,4548.37
ACC0006551,CUST000986,checking,324.03
ACC0006552,CUST002061,savings,1365.85
ACC0006553,CUST004408,savings,795.51
ACC0006554,CUST003276,checking,4971.47
ACC0006555,CUST002939,credit_card,4260.37
ACC0006556,CUST002730,checking,4000.32
ACC0006557,CUST002407,checking,6301.36
ACC0006558,CUST003899,credit_card,9357.56
ACC0006559,CUST000931,checking,5194.43
ACC0006560,CUST000029,checking,5856.8
ACC0006561,CUST001919,savings,6192.52
ACC0006562,CUST001821,checking,5452.32
ACC0006563,CUST004737,savings,6346.87
ACC0006564,CUST000238,checking,1352.72
ACC0006565,CUST001570,checking,16200.76
ACC0006566,CUST001505,credit_card,27359.64
ACC0006567,CUST001861,checking,2283.41
ACC0006568,CUST004573,savings,3013.98
ACC0006569,CUST002047,checking,394.15
ACC0006570,CUST004585,savings,6373.94
ACC0006571,CUST000258,credit_card,6316.84
ACC0006572,CUST002419,savings,5569.32
ACC0006573,CUST003652,credit_card,7600.54
ACC0006574,CUST002320,credit_card,482.63
ACC0006575,CUST004580,checking,663.19
ACC0006576,CUST004926,savings,23403.04
ACC0006577,CUST002333,checking,10605.39
ACC0006578,CUST001863,checking,3668.28
ACC0006579,CUST001818,checking,3697.61
ACC0006580,CUST001850,savings,723.59
ACC0006581,CUST001716,checking,623.48
ACC0006582,CUST004015,checking,611.35
ACC0006583,CUST001289,credit_card,4972.01
ACC0006584,CUST002646,checking,3064.89
ACC0006585,CUST001740,credit_card,2119.87
ACC0006586,CUST000547,savings,3729.39
ACC0006587,CUST001280,savings,1845.31
ACC0006588,CUST002031,savings,1436.99
ACC0006589,CUST004420,checking,1853.72
ACC0006590,CUST000430,checking,593.0
ACC0006591,CUST003736,credit_card,3731.7
ACC0006592,CUST002515,checking,2325.19
ACC0006593,CUST003810,savings,1234.01
ACC0006594,CUST000109,savings,2793.53
ACC0006595,CUST001039,checking,880.32
ACC0006596,CUST002090,checking,3677.55
ACC0006597,CUST004431,checking,2188.94
ACC0006598,CUST000584,checking,3210.16
ACC0006599,CUST004057,checking,1939.82
ACC0006600,CUST000010,checking,3513.14
ACC0006601,CUST004327,savings,3583.29
ACC0006602,CUST003535,credit_card,2208.31
ACC0006603,CUST000710,checking,5572.17
ACC0006604,CUST000936,savings,1560.14
ACC0006605,CUST003056,credit_card,1503.23
ACC0006606,CUST000850,checking,2476.06
ACC0006607,CUST003318,credit_card,1349.77
ACC0006608,CUST000370,savings,3770.63
ACC0006609,CUST002025,checking,3346.46
ACC0006610,CUST003801,checking,1478.61
ACC0006611,CUST003165,savings,338.44
ACC0006612,CUST002713,checking,4497.38
ACC0006613,CUST003924,savings,3124.7
ACC0006614,CUST003794,credit_card,4947.43
ACC0006615,CUST003533,checking,3269.05
ACC0006616,CUST001029,savings,989.82
ACC0006617,CUST002298,checking,1810.62
ACC0006618,CUST000291,savings,1288.26
ACC0006619,CUST003683,checking,1189.67
ACC0006620,CUST003261,savings,4421.71
ACC0006621,CUST003519,checking,1567.39
ACC0006622,CUST003263,credit_card,4172.77
ACC0006623,CUST002823,savings,3139.0
ACC0006624,CUST002104,checking,772.91
ACC0006625,CUST003829,checking,5130.92
ACC0006626,CUST000223,checking,3556.51
ACC0006627,CUST004755,checking,1292.13
ACC0006628,CUST004156,credit_card,1235.85
ACC0006629,CUST003506,checking,12049.75
ACC0006630,CUST003348,savings,2678.61
ACC0006631,CUST000365,checking,12986.23
ACC0006632,CUST003103,checking,5040.24
ACC0006633,CUST000664,savings,1382.52
ACC0006634,CUST001805,savings,1805.59
ACC0006635,CUST002654,savings,2912.22
ACC0006636,CUST003116,checking,10294.48
ACC0006637,CUST000675,checking,8759.2
ACC0006638,CUST002828,credit_card,296.42
ACC0006639,CUST004327,checking,593.8
ACC0006640,CUST004024,savings,9408.2
ACC0006641,CUST000407,savings,15477.02
ACC0006642,CUST001893,savings,754.73
ACC0006643,CUST002729,checking,1233.07
ACC0006644,CUST003465,checking,2934.89
ACC0006645,CUST001132,checking,3322.3
ACC0006646,CUST000077,checking,1563.86
ACC0006647,CUST003890,credit_card,5360.22
ACC0006648,CUST003984,savings,1909.04
ACC0006649,CUST003031,checking,3142.49
ACC0006650,CUST001106,savings,1977.61
ACC0006651,CUST003724,checking,6461.06
ACC0006652,CUST003860,checking,4381.27
ACC0006653,CUST004478,checking,1278.7
ACC0006654,CUST002590,credit_card,3536.7
ACC0006655,CUST000300,credit_card,3439.33
ACC0006656,CUST004657,credit_card,5628.29
ACC0006657,CUST000377,checking,7740.04
ACC0006658,CUST004197,checking,16833.94
ACC0006659,CUST002023,savings,5876.83
ACC0006660,CUST005000,checking,591.75
ACC0006661,CUST000149,credit_card,1755.19
ACC0006662,CUST002534,savings,512.24
ACC0006663,CUST001550,credit_card,1600.97
ACC0006664,CUST003452,credit_card,2711.17
ACC0006665,CUST000869,checking,557.2
ACC0006666,CUST001413,checking,6604.2
ACC0006667,CUST000883,checking,2031.73
ACC0006668,CUST002792,checking,5871.11
ACC0006669,CUST002109,savings,4848.0
ACC0006670,CUST001457,checking,703.0
ACC0006671,CUST004473,checking,6516.14
ACC0006672,CUST003974,savings,2770.7
ACC0006673,CUST003760,checking,1837.27
ACC0006674,CUST004124,savings,642.12
ACC0006675,CUST004965,checking,1527.71
ACC0006676,CUST002366,savings,8629.38
ACC0006677,CUST001780,savings,2645.32
ACC0006678,CUST000234,savings,1270.31
ACC0006679,CUST004979,checking,2144.6
ACC0006680,CUST000695,credit_card,1546.66
ACC0006681,CUST002405,credit_card,1716.73
ACC0006682,CUST004881,credit_card,2294.75
ACC0006683,CUST002392,checking,5418.14
ACC0006684,CUST004792,checking,4818.26
ACC0006685,CUST000521,credit_card,1517.15
ACC0006686,CUST004357,checking,3063.17
ACC0006687,CUST000343,checking,16257.83
ACC0006688,CUST004195,checking,2205.89
ACC0006689,CUST004682,savings,1389.76
ACC0006690,CUST004946,checking,1736.81
ACC0006691,CUST002996,savings,4890.86
ACC0006692,CUST002638,savings,1302.96
ACC0006693,CUST002341,savings,15702.95
ACC0006694,CUST003751,checking,1779.76
ACC0006695,CUST000008,savings,884.22
ACC0006696,CUST001010,credit_card,3016.88
ACC0006697,CUST001455,checking,948.35
ACC0006698,CUST002573,savings,14019.94
ACC0006699,CUST001772,checking,30738.61
ACC0006700,CUST000435,savings,712.89
ACC0006701,CUST004809,checking,6194.8
ACC0006702,CUST000680,checking,2824.15
ACC0006703,CUST003684,savings,6103.85
ACC0006704,CUST000783,credit_card,3983.02
ACC0006705,CUST000939,savings,772.9
ACC0006706,CUST000896,checking,1649.46
ACC0006707,CUST004102,credit_card,1842.24
ACC0006708,CUST004980,savings,1034.0
ACC0006709,CUST004385,checking,3327.0
ACC0006710,CUST000579,savings,1847.97
ACC0006711,CUST004389,checking,2755.44
ACC0006712,CUST003738,checking,542.87
ACC0006713,CUST003065,checking,2115.54
ACC0006714,CUST002167,checking,930.23
ACC0006715,CUST002615,checking,4649.03
ACC0006716,CUST004160,credit_card,12693.56
ACC0006717,CUST000759,checking,22789.05
ACC0006718,CUST002658,savings,2753.23
ACC0006719,CUST001654,savings,1227.42
ACC0006720,CUST003002,checking,3416.07
ACC0006721,CUST004439,savings,1101.16
ACC0006722,CUST003795,checking,2493.07
ACC0006723,CUST001614,checking,10919.22
ACC0006724,CUST002798,checking,5531.35
ACC0006725,CUST004457,savings,6251.69
ACC0006726,CUST004071,credit_card,5024.38
ACC0006727,CUST004807,savings,1278.32
ACC0006728,CUST004992,savings,2079.71
ACC0006729,CUST004073,savings,5349.15
ACC0006730,CUST003740,checking,593.45
ACC0006731,CUST002830,checking,3739.13
ACC0006732,CUST004586,checking,16067.64
ACC0006733,CUST002673,savings,4002.69
ACC0006734,CUST001794,credit_card,4296.63
ACC0006735,CUST000095,checking,2327.55
ACC0006736,CUST003443,checking,3024.29
ACC0006737,CUST004638,checking,14194.11
ACC0006738,CUST003680,savings,6469.59
ACC0006739,CUST004934,checking,519.35
ACC0006740,CUST000040,checking,8139.61
ACC0006741,CUST001259,checking,16688.37
ACC0006742,CUST003976,savings,4057.38
ACC0006743,CUST002979,checking,3713.71
ACC0006744,CUST000710,savings,856.75
ACC0006745,CUST004480,savings,2615.35
ACC0006746,CUST003381,credit_card,3149.98
ACC0006747,CUST004399,credit_card,1469.86
ACC0006748,CUST003843,checking,2325.87
ACC0006749,CUST001471,checking,8065.98
ACC0006750,CUST003772,checking,3523.22
ACC0006751,CUST002241,checking,1838.37
ACC0006752,CUST003588,checking,32685.1
ACC0006753,CUST001662,savings,963.43
ACC0006754,CUST001834,savings,4528.6
ACC0006755,CUST000878,checking,11803.26
ACC0006756,CUST004292,savings,470.46
ACC0006757,CUST001287,checking,2535.89
ACC0006758,CUST001456,checking,3593.01
ACC0006759,CUST004570,checking,28814.54
ACC0006760,CUST000511,checking,813.8
ACC0006761,CUST003933,checking,2679.15
ACC0006762,CUST004555,checking,1565.35
ACC0006763,CUST004985,checking,35829.79
ACC0006764,CUST002471,checking,4552.78
ACC0006765,CUST003530,checking,7383.84
ACC0006766,CUST001700,savings,1257.78
ACC0006767,CUST001024,savings,5566.8
ACC0006768,CUST000179,credit_card,2772.52
ACC0006769,CUST003229,checking,11736.79
ACC0006770,CUST000371,credit_card,4868.85
ACC0006771,CUST001575,savings,2127.49
ACC0006772,CUST001841,checking,5913.64
ACC0006773,CUST001944,credit_card,2836.26
ACC0006774,CUST000971,checking,1296.58
ACC0006775,CUST002720,savings,5477.92
ACC0006776,CUST003901,credit_card,3868.85
ACC0006777,CUST000352,checking,9742.9
ACC0006778,CUST002777,checking,4107.79
ACC0006779,CUST004169,credit_card,4829.8
ACC0006780,CUST000503,checking,1826.59
ACC0006781,CUST001685,savings,5034.48
ACC0006782,CUST002746,savings,483.36
ACC0006783,CUST004256,savings,1857.81
ACC0006784,CUST001267,checking,4703.49
ACC0006785,CUST001817,credit_card,12692.02
ACC0006786,CUST001816,checking,2905.1
ACC0006787,CUST003310,credit_card,1794.4
ACC0006788,CUST003711,checking,1659.09
ACC0006789,CUST004371,credit_card,1411.97
ACC0006790,CUST001151,credit_card,17014.57
ACC0006791,CUST000189,checking,578.09
ACC0006792,CUST000998,checking,5128.92
ACC0006793,CUST001919,checking,2385.54
ACC0006794,CUST002248,credit_card,1168.55
ACC0006795,CUST002461,checking,5916.07
ACC0006796,CUST002231,credit_card,17402.14
ACC0006797,CUST004067,checking,13829.41
ACC0006798,CUST004923,checking,7668.55
ACC0006799,CUST004532,savings,650.4
ACC0006800,CUST001129,savings,576.66
ACC0006801,CUST000001,credit_card,8842.35
ACC0006802,CUST000656,savings,3240.05
ACC0006803,CUST001939,checking,2974.99
ACC0006804,CUST002389,checking,2819.85
ACC0006805,CUST001701,checking,6687.92
ACC0006806,CUST001048,checking,4160.89
ACC0006807,CUST001878,savings,1223.69
ACC0006808,CUST003805,savings,12247.79
ACC0006809,CUST001651,savings,9806.88
ACC0006810,CUST001713,savings,3127.47
ACC0006811,CUST002927,checking,337.9
ACC0006812,CUST004227,checking,1689.3
ACC0006813,CUST003456,checking,7733.41
ACC0006814,CUST000452,checking,969.63
ACC0006815,CUST003251,checking,3821.72
ACC0006816,CUST001404,checking,2417.87
ACC0006817,CUST000519,checking,3414.92
ACC0006818,CUST002779,savings,7844.23
ACC0006819,CUST004492,checking,15657.95
ACC0006820,CUST004413,savings,1828.42
ACC0006821,CUST002192,checking,1516.19
ACC0006822,CUST004552,checking,6967.87
ACC0006823,CUST001626,credit_card,1003.0
ACC0006824,CUST003881,checking,6520.56
ACC0006825,CUST003048,checking,4688.99
ACC0006826,CUST003174,savings,740.06
ACC0006827,CUST002105,savings,5640.5
ACC0006828,CUST004485,savings,917.07
ACC0006829,CUST002991,checking,1832.38
ACC0006830,CUST002629,credit_card,1589.73
ACC0006831,CUST002243,checking,1255.71
ACC0006832,CUST000258,savings,56016.74
ACC0006833,CUST001298,savings,5981.9
ACC0006834,CUST003285,checking,9645.0
ACC0006835,CUST003279,savings,712.27
ACC0006836,CUST002898,checking,2097.59
ACC0006837,CUST003455,credit_card,852.22
ACC0006838,CUST001869,checking,2337.47
ACC0006839,CUST003956,savings,3658.65
ACC0006840,CUST003091,checking,1367.48
ACC0006841,CUST000471,checking,240.6
ACC0006842,CUST000243,checking,1503.78
ACC0006843,CUST003645,credit_card,2677.21
ACC0006844,CUST001680,savings,292.14
ACC0006845,CUST002813,savings,4031.98
ACC0006846,CUST001179,checking,5667.96
ACC0006847,CUST004938,savings,3471.64
ACC0006848,CUST003841,checking,12551.1
ACC0006849,CUST004507,savings,914.14
ACC0006850,CUST000087,credit_card,4911.73
ACC0006851,CUST004789,savings,4577.64
ACC0006852,CUST002407,credit_card,23483.51
ACC0006853,CUST000283,savings,12913.25
ACC0006854,CUST002334,credit_card,1606.01
ACC0006855,CUST000643,credit_card,4580.39
ACC0006856,CUST001028,checking,448.87
ACC0006857,CUST002166,checking,2207.32
ACC0006858,CUST004254,checking,4323.76
ACC0006859,CUST003226,savings,9281.88
ACC0006860,CUST000100,savings,1338.87
ACC0006861,CUST004639,checking,11852.47
ACC0006862,CUST001994,savings,2448.8
ACC0006863,CUST001398,checking,2380.03
ACC0006864,CUST003048,checking,4340.01
ACC0006865,CUST001944,checking,5085.99
ACC0006866,CUST000470,checking,4459.57
ACC0006867,CUST004511,savings,9820.11
ACC0006868,CUST001602,checking,6353.81
ACC0006869,CUST002672,savings,1361.11
ACC0006870,CUST003274,savings,3239.45
ACC0006871,CUST003007,credit_card,14444.23
ACC0006872,CUST002730,checking,2432.31
ACC0006873,CUST001906,checking,10000.42
ACC0006874,CUST002087,checking,12205.41
ACC0006875,CUST004100,checking,4182.0
ACC0006876,CUST004983,savings,2586.5
ACC0006877,CUST000768,checking,4958.39
ACC0006878,CUST000204,savings,4767.45
ACC0006879,CUST000346,checking,213.41
ACC0006880,CUST001748,credit_card,11626.85
ACC0006881,CUST002029,checking,5240.71
ACC0006882,CUST004289,checking,9174.76
ACC0006883,CUST004767,checking,2591.63
ACC0006884,CUST001730,checking,2589.08
ACC0006885,CUST003327,checking,4336.44
ACC0006886,CUST004292,checking,374.58
ACC0006887,CUST003063,checking,3063.05
ACC0006888,CUST004406,checking,1296.22
ACC0006889,CUST000932,checking,505.74
ACC0006890,CUST003470,checking,2812.4
ACC0006891,CUST004669,checking,1367.51
ACC0006892,CUST004531,savings,8739.3
ACC0006893,CUST004441,checking,2121.88
ACC0006894,CUST002929,credit_card,2985.31
ACC0006895,CUST001038,checking,2027.88
ACC0006896,CUST002439,savings,1667.73
ACC0006897,CUST000868,savings,4187.46
ACC0006898,CUST002166,savings,2186.29
ACC0006899,CUST003711,checking,1323.38
ACC0006900,CUST003859,checking,1762.91
ACC0006901,CUST002717,checking,4840.76
ACC0006902,CUST003677,checking,3040.29
ACC0006903,CUST004647,checking,4048.73
ACC0006904,CUST002968,checking,4138.37
ACC0006905,CUST002531,savings,2241.73
ACC0006906,CUST004340,savings,4448.12
ACC0006907,CUST000935,savings,4034.77
ACC0006908,CUST001093,savings,5047.44
ACC0006909,CUST004004,checking,1092.87
ACC0006910,CUST003775,savings,13111.36
ACC0006911,CUST001659,savings,3230.06
ACC0006912,CUST001199,savings,1971.51
ACC0006913,CUST004899,checking,2565.49
ACC0006914,CUST003082,savings,6606.04
ACC0006915,CUST000162,credit_card,582.71
ACC0006916,CUST000942,savings,3300.35
ACC0006917,CUST000048,savings,47885.36
ACC0006918,CUST004054,checking,4890.86
ACC0006919,CUST004504,checking,440.63
ACC0006920,CUST000399,savings,2784.43
ACC0006921,CUST003068,checking,16874.34
ACC0006922,CUST002598,checking,2632.89
ACC0006923,CUST002819,checking,2012.76
ACC0006924,CUST004956,checking,932.32
ACC0006925,CUST001469,savings,576.56
ACC0006926,CUST004492,checking,1342.1
ACC0006927,CUST001604,checking,10630.79
ACC0006928,CUST000840,savings,2148.28
ACC0006929,CUST000009,credit_card,5176.58
ACC0006930,CUST001385,checking,2326.66
ACC0006931,CUST001726,credit_card,1199.58
ACC0006932,CUST002475,checking,2600.54
ACC0006933,CUST003114,checking,964.26
ACC0006934,CUST000356,checking,4165.61
ACC0006935,CUST004751,credit_card,3049.02
ACC0006936,CUST003191,checking,2829.11
ACC0006937,CUST000749,savings,2460.91
ACC0006938,CUST001876,checking,7780.36
ACC0006939,CUST000432,credit_card,8490.49
ACC0006940,CUST003685,checking,129.38
ACC0006941,CUST001413,checking,2498.96
ACC0006942,CUST004954,savings,3708.62
ACC0006943,CUST001074,checking,3267.26
ACC0006944,CUST002617,checking,13055.5
ACC0006945,CUST001039,checking,3264.09
ACC0006946,CUST001495,savings,1099.8
ACC0006947,CUST002059,checking,12818.36
ACC0006948,CUST002578,savings,1881.92
ACC0006949,CUST002377,savings,2485.67
ACC0006950,CUST003994,savings,1626.82
ACC0006951,CUST000717,checking,4434.47
ACC0006952,CUST004657,credit_card,6298.12
ACC0006953,CUST004788,checking,907.21
ACC0006954,CUST002960,checking,10103.85
ACC0006955,CUST001569,savings,2724.97
ACC0006956,CUST004629,checking,6224.15
ACC0006957,CUST003935,savings,4240.88
ACC0006958,CUST004418,savings,1670.28
ACC0006959,CUST004979,checking,4037.43
ACC0006960,CUST000199,savings,8949.27
ACC0006961,CUST003255,checking,2495.87
ACC0006962,CUST000511,checking,4507.78
ACC0006963,CUST000034,checking,4966.65
ACC0006964,CUST002718,checking,3801.96
ACC0006965,CUST001184,checking,1531.55
ACC0006966,CUST000208,checking,3305.44
ACC0006967,CUST002488,savings,2097.13
ACC0006968,CUST003148,checking,2935.53
ACC0006969,CUST004366,savings,7596.94
ACC0006970,CUST001252,checking,6559.25
ACC0006971,CUST003181,savings,1819.17
ACC0006972,CUST004204,credit_card,980.75
ACC0006973,CUST000701,savings,155.22
ACC0006974,CUST004831,credit_card,390.25
ACC0006975,CUST001875,credit_card,1797.63
ACC0006976,CUST001372,checking,13825.01
ACC0006977,CUST004276,savings,824.15
ACC0006978,CUST001751,savings,4988.11
ACC0006979,CUST001994,checking,3004.2
ACC0006980,CUST000252,savings,13017.77
ACC0006981,CUST001453,credit_card,8001.32
ACC0006982,CUST004093,savings,6865.75
ACC0006983,CUST001350,credit_card,1377.25
ACC0006984,CUST001009,checking,24282.02
ACC0006985,CUST000760,savings,1753.88
ACC0006986,CUST000741,savings,902.33
ACC0006987,CUST000304,checking,3451.62
ACC0006988,CUST004083,savings,996.96
ACC0006989,CUST003491,checking,4769.8
ACC0006990,CUST000051,checking,26979.08
ACC0006991,CUST002732,savings,2164.56
ACC0006992,CUST004913,checking,608.51
ACC0006993,CUST004435,credit_card,13874.96
ACC0006994,CUST002255,savings,11088.74
ACC0006995,CUST002580,checking,2789.81
ACC0006996,CUST000271,savings,4223.88
ACC0006997,CUST004558,savings,15762.66
ACC0006998,CUST000051,checking,6409.72
ACC0006999,CUST000961,credit_card,13192.74
ACC0007000,CUST002540,checking,17924.71
ACC0007001,CUST000508,checking,1283.69
ACC0007002,CUST003402,checking,5937.71
ACC0007003,CUST004591,savings,6747.12
ACC0007004,CUST004927,credit_card,2827.78
ACC0007005,CUST000276,savings,1413.46
ACC0007006,CUST000202,checking,5119.4
ACC0007007,CUST002466,checking,4787.73
ACC0007008,CUST001936,checking,13869.11
ACC0007009,CUST000933,checking,664.55
ACC0007010,CUST004596,checking,18647.08
ACC0007011,CUST000469,checking,1954.83
ACC0007012,CUST003460,checking,414.03
ACC0007013,CUST003598,checking,3943.25
ACC0007014,CUST000024,savings,710.47
ACC0007015,CUST002802,savings,2077.69
ACC0007016,CUST003474,checking,2757.62
ACC0007017,CUST000093,checking,6352.2
ACC0007018,CUST002434,savings,7902.55
ACC0007019,CUST003472,savings,5958.26
ACC0007020,CUST004175,credit_card,2838.04
ACC0007021,CUST004171,checking,13060.0
ACC0007022,CUST002281,checking,4650.61
ACC0007023,CUST004319,checking,3269.35
ACC0007024,CUST000272,savings,5443.35
ACC0007025,CUST002490,savings,1036.13
ACC0007026,CUST001378,credit_card,947.26
ACC0007027,CUST004852,checking,5971.51
ACC0007028,CUST002756,checking,3457.91
ACC0007029,CUST002361,credit_card,2089.25
ACC0007030,CUST001705,checking,21778.57
ACC0007031,CUST003916,savings,16622.34
ACC0007032,CUST001186,credit_card,4429.43
ACC0007033,CUST001450,credit_card,1202.58
ACC0007034,CUST000794,checking,8403.16
ACC0007035,CUST003954,checking,2855.29
ACC0007036,CUST001823,credit_card,2913.35
ACC0007037,CUST000720,savings,10527.6
ACC0007038,CUST002022,checking,19287.78
ACC0007039,CUST000108,checking,34381.06
ACC0007040,CUST001852,savings,577.56
ACC0007041,CUST000570,savings,1765.38
ACC0007042,CUST000630,credit_card,5543.33
ACC0007043,CUST001704,credit_card,814.18
ACC0007044,CUST004126,checking,13355.58
ACC0007045,CUST001284,checking,3261.45
ACC0007046,CUST004777,savings,1239.21
ACC0007047,CUST002328,credit_card,6089.7
ACC0007048,CUST001650,checking,5746.49
ACC0007049,CUST003978,savings,3813.7
ACC0007050,CUST001990,savings,1235.06
ACC0007051,CUST004770,savings,2062.76
ACC0007052,CUST001770,savings,1254.65
ACC0007053,CUST001340,checking,546.07
ACC0007054,CUST003903,checking,1767.54
ACC0007055,CUST001483,checking,3295.03
ACC0007056,CUST004669,checking,595.01
ACC0007057,CUST000742,checking,8577.33
ACC0007058,CUST001527,credit_card,1419.32
ACC0007059,CUST004180,checking,8276.02
ACC0007060,CUST004151,checking,310.14
ACC0007061,CUST003996,savings,1139.0
ACC0007062,CUST001166,checking,3546.04
ACC0007063,CUST003166,checking,913.65
ACC0007064,CUST001748,checking,2716.69
ACC0007065,CUST000440,savings,5472.29
ACC0007066,CUST001413,savings,3643.11
ACC0007067,CUST002145,checking,2235.3
ACC0007068,CUST000394,checking,8248.82
ACC0007069,CUST003237,checking,6902.56
ACC0007070,CUST001555,checking,9493.6
ACC0007071,CUST001218,savings,1887.18
ACC0007072,CUST002833,credit_card,5769.06
ACC0007073,CUST003495,savings,5822.43
ACC0007074,CUST000045,checking,7955.54
ACC0007075,CUST003822,checking,3282.51
ACC0007076,CUST001260,checking,184.16
ACC0007077,CUST001333,checking,4893.38
ACC0007078,CUST000494,checking,1036.58
ACC0007079,CUST003455,savings,24631.73
ACC0007080,CUST001371,savings,6891.24
ACC0007081,CUST004309,savings,3993.46
ACC0007082,CUST000255,checking,18550.94
ACC0007083,CUST003450,checking,2598.25
ACC0007084,CUST001812,checking,326.75
ACC0007085,CUST001779,checking,17716.58
ACC0007086,CUST000245,checking,2248.51
ACC0007087,CUST002086,checking,1329.27
ACC0007088,CUST000915,savings,3165.73
ACC0007089,CUST003397,checking,9090.58
ACC0007090,CUST002794,checking,5151.07
ACC0007091,CUST003028,checking,1517.26
ACC0007092,CUST001531,credit_card,3682.99
ACC0007093,CUST002522,checking,4627.71
ACC0007094,CUST003387,savings,604.6
ACC0007095,CUST003196,checking,1162.83
ACC0007096,CUST003715,savings,5596.78
ACC0007097,CUST000497,checking,3217.15
ACC0007098,CUST002505,checking,4127.64
ACC0007099,CUST004135,checking,3591.96
ACC0007100,CUST000100,checking,3243.2
ACC0007101,CUST003640,credit_card,963.78
ACC0007102,CUST001245,credit_card,2777.91
ACC0007103,CUST001546,credit_card,2778.99
ACC0007104,CUST003049,checking,1393.93
ACC0007105,CUST003105,checking,2599.46
ACC0007106,CUST004121,checking,342.66
ACC0007107,CUST002925,checking,3390.22
ACC0007108,CUST003837,checking,1179.95
ACC0007109,CUST001752,checking,2374.36
ACC0007110,CUST000128,credit_card,1749.06
ACC0007111,CUST003525,checking,1744.54
ACC0007112,CUST004270,savings,5897.51
ACC0007113,CUST000262,checking,307.03
ACC0007114,CUST003238,checking,530.04
ACC0007115,CUST002445,checking,2249.21
ACC0007116,CUST004796,credit_card,6532.13
ACC0007117,CUST001810,savings,2261.39
ACC0007118,CUST003722,savings,3702.74
ACC0007119,CUST003356,checking,1456.56
ACC0007120,CUST001229,checking,3158.33
ACC0007121,CUST002770,savings,4467.15
ACC0007122,CUST001643,credit_card,1823.12
ACC0007123,CUST003506,checking,12715.11
ACC0007124,CUST004167,checking,1921.6
ACC0007125,CUST003243,savings,3748.67
ACC0007126,CUST004975,credit_card,588.66
ACC0007127,CUST003771,checking,2680.72
ACC0007128,CUST003987,checking,1059.91
ACC0007129,CUST001324,checking,865.11
ACC0007130,CUST004485,savings,916.26
ACC0007131,CUST001426,savings,14187.18
ACC0007132,CUST001992,savings,8053.7
ACC0007133,CUST000828,checking,5314.73
ACC0007134,CUST001346,credit_card,3143.81
ACC0007135,CUST002584,checking,1015.76
ACC0007136,CUST003952,checking,1146.0
ACC0007137,CUST001935,savings,9281.53
ACC0007138,CUST000054,checking,310.75
ACC0007139,CUST002442,savings,755.63
ACC0007140,CUST001724,checking,3489.7
ACC0007141,CUST003529,checking,6806.91
ACC0007142,CUST004149,savings,6143.81
ACC0007143,CUST002282,checking,1353.61
ACC0007144,CUST002962,checking,242.52
ACC0007145,CUST003332,checking,2034.92
ACC0007146,CUST004508,savings,2953.81
ACC0007147,CUST003067,checking,8716.72
ACC0007148,CUST000550,savings,2053.1
ACC0007149,CUST002433,checking,3552.62
ACC0007150,CUST004663,savings,7766.92
ACC0007151,CUST004330,savings,5347.25
ACC0007152,CUST002720,checking,2770.48
ACC0007153,CUST002140,checking,2454.58
ACC0007154,CUST004558,checking,28467.27
ACC0007155,CUST003691,checking,13683.74
ACC0007156,CUST000731,savings,778.4
ACC0007157,CUST002592,savings,1288.63
ACC0007158,CUST001332,checking,1327.05
ACC0007159,CUST003673,checking,1391.32
ACC0007160,CUST004180,checking,3110.26
ACC0007161,CUST003153,credit_card,5516.61
ACC0007162,CUST001446,savings,16140.16
ACC0007163,CUST003476,savings,259.56
ACC0007164,CUST000037,savings,4868.92
ACC0007165,CUST002130,checking,5015.44
ACC0007166,CUST003062,checking,429.57
ACC0007167,CUST003373,checking,15776.89
ACC0007168,CUST004287,savings,14572.03
ACC0007169,CUST000119,checking,299.15
ACC0007170,CUST000087,checking,3559.76
ACC0007171,CUST004517,savings,4501.0
ACC0007172,CUST001432,credit_card,741.18
ACC0007173,CUST003991,checking,3955.29
ACC0007174,CUST001476,checking,1470.25
ACC0007175,CUST003403,checking,3020.69
ACC0007176,CUST002936,savings,1921.24
ACC0007177,CUST002640,checking,6083.32
ACC0007178,CUST002577,checking,4572.37
ACC0007179,CUST004221,checking,3435.53
ACC0007180,CUST001401,checking,2351.71
ACC0007181,CUST002313,checking,342.54
ACC0007182,CUST002637,checking,621.46
ACC0007183,CUST001545,checking,3476.93
ACC0007184,CUST001975,savings,4844.08
ACC0007185,CUST001486,savings,1824.91
ACC0007186,CUST003489,checking,2125.8
ACC0007187,CUST002218,credit_card,1825.86
ACC0007188,CUST000404,checking,892.92
ACC0007189,CUST004585,checking,1244.35
ACC0007190,CUST004967,savings,7480.06
ACC0007191,CUST000822,credit_card,1355.48
ACC0007192,CUST000995,checking,6962.87
ACC0007193,CUST000078,savings,2986.21
ACC0007194,CUST003908,checking,1909.73
ACC0007195,CUST001250,checking,11840.96
ACC0007196,CUST002840,savings,7135.88
ACC0007197,CUST003424,checking,277.73
ACC0007198,CUST004443,savings,3348.68
ACC0007199,CUST003767,checking,1353.25
ACC0007200,CUST002976,credit_card,4189.65
ACC0007201,CUST003655,savings,1342.36
ACC0007202,CUST000072,savings,30600.83
ACC0007203,CUST003287,checking,9827.49
ACC0007204,CUST004198,credit_card,492.6
ACC0007205,CUST002173,checking,15255.76
ACC0007206,CUST001215,checking,4673.12
ACC0007207,CUST000365,savings,559.25
ACC0007208,CUST000588,checking,6136.52
ACC0007209,CUST000008,savings,2159.18
ACC0007210,CUST004799,savings,13982.17
ACC0007211,CUST002675,checking,926.15
ACC0007212,CUST000386,credit_card,847.42
ACC0007213,CUST004614,savings,602.98
ACC0007214,CUST001766,checking,235.7
ACC0007215,CUST001314,savings,1465.58
ACC0007216,CUST001684,checking,1455.95
ACC0007217,CUST000432,credit_card,25253.08
ACC0007218,CUST001381,checking,895.85
ACC0007219,CUST004790,savings,14569.66
ACC0007220,CUST000708,checking,2249.67
ACC0007221,CUST001796,savings,590.04
ACC0007222,CUST002666,savings,1119.59
ACC0007223,CUST004500,checking,2278.02
ACC0007224,CUST003192,savings,2155.78
ACC0007225,CUST002530,savings,6649.84
ACC0007226,CUST004579,checking,2201.45
ACC0007227,CUST000994,credit_card,4978.71
ACC0007228,CUST004951,savings,1007.51
ACC0007229,CUST001766,checking,2277.22
ACC0007230,CUST000564,checking,4307.45
ACC0007231,CUST001580,savings,1363.79
ACC0007232,CUST001541,credit_card,6174.32
ACC0007233,CUST002620,checking,4447.4
ACC0007234,CUST001342,savings,797.3
ACC0007235,CUST004304,savings,2621.37
ACC0007236,CUST002866,checking,1994.85
ACC0007237,CUST004530,checking,1607.05
ACC0007238,CUST002872,checking,2753.25
ACC0007239,CUST001776,checking,5369.13
ACC0007240,CUST002327,credit_card,6386.03
ACC0007241,CUST004143,savings,22786.64
ACC0007242,CUST003963,credit_card,4085.07
ACC0007243,CUST003379,checking,8210.26
ACC0007244,CUST001754,checking,664.59
ACC0007245,CUST002988,savings,6275.56
ACC0007246,CUST000726,checking,736.64
ACC0007247,CUST001592,credit_card,8654.37
ACC0007248,CUST003830,savings,1154.57
ACC0007249,CUST002832,checking,1037.98
ACC0007250,CUST002684,checking,3786.22
ACC0007251,CUST000883,checking,12122.23
ACC0007252,CUST002570,credit_card,2828.45
ACC0007253,CUST004799,checking,4661.92
ACC0007254,CUST001498,savings,1816.16
ACC0007255,CUST000957,checking,399.81
ACC0007256,CUST003682,checking,7710.59
ACC0007257,CUST001440,checking,2741.03
ACC0007258,CUST004042,checking,16251.75
ACC0007259,CUST000103,checking,1377.97
ACC0007260,CUST000788,checking,2641.59
ACC0007261,CUST002750,checking,26408.51
ACC0007262,CUST000047,checking,3978.3
ACC0007263,CUST002734,savings,369.7
ACC0007264,CUST001189,checking,3918.25
ACC0007265,CUST000432,checking,2540.07
ACC0007266,CUST004602,checking,1484.76
ACC0007267,CUST001184,savings,2968.13
ACC0007268,CUST000339,checking,462.98
ACC0007269,CUST004306,checking,1000.59
ACC0007270,CUST002136,checking,604.54
ACC0007271,CUST003794,credit_card,1917.61
ACC0007272,CUST004418,savings,1813.72
ACC0007273,CUST001347,savings,6586.0
ACC0007274,CUST000255,credit_card,2466.13
ACC0007275,CUST004046,checking,9458.12
ACC0007276,CUST004191,credit_card,1398.32
ACC0007277,CUST000448,savings,9529.19
ACC0007278,CUST003622,savings,3248.65
ACC0007279,CUST003231,checking,1719.65
ACC0007280,CUST002770,checking,921.79
ACC0007281,CUST003968,checking,13231.49
ACC0007282,CUST001326,savings,1316.92
ACC0007283,CUST004832,checking,3136.83
ACC0007284,CUST003745,checking,1052.15
ACC0007285,CUST003014,savings,5187.05
ACC0007286,CUST003876,checking,2521.66
ACC0007287,CUST003368,savings,6476.9
ACC0007288,CUST003579,checking,1143.38
ACC0007289,CUST003431,checking,1493.2
ACC0007290,CUST002674,checking,4446.55
ACC0007291,CUST001234,credit_card,4524.05
ACC0007292,CUST001458,savings,9458.7
ACC0007293,CUST004890,checking,4650.56
ACC0007294,CUST000707,checking,18537.18
ACC0007295,CUST004582,savings,503.18
ACC0007296,CUST000812,checking,3816.78
ACC0007297,CUST003862,savings,1641.29
ACC0007298,CUST004583,savings,13813.86
ACC0007299,CUST000673,checking,2164.65
ACC0007300,CUST000630,savings,1247.51
ACC0007301,CUST003124,savings,1242.41
ACC0007302,CUST001660,savings,2979.76
ACC0007303,CUST004849,checking,8160.88
ACC0007304,CUST002045,checking,12983.06
ACC0007305,CUST001338,savings,861.49
ACC0007306,CUST000626,checking,1638.47
ACC0007307,CUST001660,savings,6377.99
ACC0007308,CUST000665,checking,902.26
ACC0007309,CUST004982,savings,424.49
ACC0007310,CUST004280,checking,10600.25
ACC0007311,CUST001292,checking,7480.73
ACC0007312,CUST004367,checking,4019.67
ACC0007313,CUST000218,checking,3225.73
ACC0007314,CUST004180,credit_card,8409.78
ACC0007315,CUST002056,savings,6080.25
ACC0007316,CUST003020,checking,1997.02
ACC0007317,CUST003338,savings,4821.04
ACC0007318,CUST001580,checking,17407.16
ACC0007319,CUST002014,savings,387.97
ACC0007320,CUST003228,checking,7314.67
ACC0007321,CUST001064,checking,9743.25
ACC0007322,CUST004570,savings,1166.77
ACC0007323,CUST002217,credit_card,4411.79
ACC0007324,CUST004072,savings,957.82
ACC0007325,CUST000203,checking,2668.24
ACC0007326,CUST001011,savings,7025.0
ACC0007327,CUST001498,savings,12475.0
ACC0007328,CUST001347,checking,864.02
ACC0007329,CUST001754,savings,814.33
ACC0007330,CUST000960,credit_card,436.7
ACC0007331,CUST004838,checking,11252.97
ACC0007332,CUST001497,checking,3352.69
ACC0007333,CUST004209,savings,5766.04
ACC0007334,CUST000258,checking,1088.15
ACC0007335,CUST004437,savings,4301.35
ACC0007336,CUST001985,checking,3625.32
ACC0007337,CUST000485,checking,6795.43
ACC0007338,CUST003493,checking,7893.31
ACC0007339,CUST000861,credit_card,1534.57
ACC0007340,CUST000053,checking,5875.48
ACC0007341,CUST003641,savings,13837.5
ACC0007342,CUST003391,checking,24077.66
ACC0007343,CUST004569,checking,726.19
ACC0007344,CUST002838,checking,11143.55
ACC0007345,CUST001085,checking,5453.97
ACC0007346,CUST002006,savings,6531.31
ACC0007347,CUST001790,credit_card,15893.14
ACC0007348,CUST002543,savings,6197.67
ACC0007349,CUST001377,checking,2457.07
ACC0007350,CUST001349,checking,2114.12
ACC0007351,CUST004167,savings,1656.66
ACC0007352,CUST001032,checking,3143.61
ACC0007353,CUST003020,savings,4935.54
ACC0007354,CUST003416,credit_card,2365.9
ACC0007355,CUST003451,savings,7160.12
ACC0007356,CUST003791,checking,11662.75
ACC0007357,CUST004858,checking,3015.38
ACC0007358,CUST002934,savings,12048.56
ACC0007359,CUST001295,savings,1999.94
ACC0007360,CUST002231,checking,2194.47
ACC0007361,CUST002430,checking,1087.45
ACC0007362,CUST002705,savings,7503.66
ACC0007363,CUST002688,checking,7761.76
ACC0007364,CUST001039,checking,2976.92
ACC0007365,CUST002659,savings,2950.24
ACC0007366,CUST004885,savings,1802.21
ACC0007367,CUST000544,checking,12955.84
ACC0007368,CUST000690,savings,14441.13
ACC0007369,CUST004538,credit_card,1741.94
ACC0007370,CUST003025,credit_card,2782.65
ACC0007371,CUST004574,savings,1383.96
ACC0007372,CUST004852,checking,1760.14
ACC0007373,CUST001238,checking,1157.57
ACC0007374,CUST002239,credit_card,3257.32
ACC0007375,CUST003549,credit_card,1073.99
ACC0007376,CUST002129,savings,1213.42
ACC0007377,CUST001865,checking,2018.26
ACC0007378,CUST004067,checking,7049.8
ACC0007379,CUST001086,savings,8434.43
ACC0007380,CUST000766,checking,568.42
ACC0007381,CUST001652,savings,771.91
ACC0007382,CUST001018,checking,625.31
ACC0007383,CUST004274,checking,225.67
ACC0007384,CUST004222,savings,21764.7
ACC0007385,CUST003629,checking,2335.5
ACC0007386,CUST000668,checking,3916.89
ACC0007387,CUST002890,checking,2297.85
ACC0007388,CUST003354,checking,1743.21
ACC0007389,CUST004158,checking,1241.71
ACC0007390,CUST003287,savings,4386.73
ACC0007391,CUST000010,savings,1102.38
ACC0007392,CUST004731,checking,6334.83
ACC0007393,CUST004173,checking,6560.0
ACC0007394,CUST002452,checking,203.77
ACC0007395,CUST004969,credit_card,1907.77
ACC0007396,CUST001078,checking,1374.35
ACC0007397,CUST002588,savings,2355.04
ACC0007398,CUST002803,checking,1222.23
ACC0007399,CUST003310,credit_card,1953.96
ACC0007400,CUST003684,savings,4429.78
ACC0007401,CUST004013,checking,2538.81
ACC0007402,CUST003539,savings,9393.52
ACC0007403,CUST000433,checking,3191.52
ACC0007404,CUST003710,checking,19557.26
ACC0007405,CUST003493,savings,2236.98
ACC0007406,CUST003713,credit_card,1276.09
ACC0007407,CUST003164,savings,5894.52
ACC0007408,CUST003886,checking,4963.61
ACC0007409,CUST002664,checking,2929.49
ACC0007410,CUST002894,checking,3855.08
ACC0007411,CUST000212,savings,1041.61
ACC0007412,CUST003455,checking,4186.26
ACC0007413,CUST001335,checking,7296.29
ACC0007414,CUST001827,checking,10424.58
ACC0007415,CUST001851,checking,1552.28
ACC0007416,CUST000986,credit_card,956.36
ACC0007417,CUST001848,savings,11916.16
ACC0007418,CUST002544,checking,5436.11
ACC0007419,CUST002250,checking,3020.7
ACC0007420,CUST001452,savings,627.52
ACC0007421,CUST001194,checking,6842.63
ACC0007422,CUST003729,checking,19286.91
ACC0007423,CUST003789,checking,3438.77
ACC0007424,CUST000531,savings,22355.48
ACC0007425,CUST004485,checking,1353.16
ACC0007426,CUST001537,checking,2140.76
ACC0007427,CUST001888,credit_card,6143.45
ACC0007428,CUST002569,checking,4160.26
ACC0007429,CUST003330,credit_card,2053.82
ACC0007430,CUST001164,savings,4386.25
ACC0007431,CUST001058,savings,1444.8
ACC0007432,CUST004547,checking,1932.47
ACC0007433,CUST001783,checking,9933.81
ACC0007434,CUST000788,savings,2374.0
ACC0007435,CUST000657,checking,11782.98
ACC0007436,CUST001636,checking,500.76
ACC0007437,CUST002045,savings,2014.77
ACC0007438,CUST004634,credit_card,805.25
ACC0007439,CUST003925,checking,22625.98
ACC0007440,CUST002360,credit_card,1439.44
ACC0007441,CUST001023,credit_card,5088.46
ACC0007442,CUST000806,checking,2620.52
ACC0007443,CUST002814,checking,3105.55
ACC0007444,CUST001119,checking,2925.17
ACC0007445,CUST002048,checking,3882.11
ACC0007446,CUST003553,checking,2440.82
ACC0007447,CUST001036,checking,28982.68
ACC0007448,CUST002478,savings,3067.07
ACC0007449,CUST000062,checking,760.71
ACC0007450,CUST002120,checking,1040.05
ACC0007451,CUST001453,savings,2597.59
ACC0007452,CUST004490,checking,7539.81
ACC0007453,CUST003386,credit_card,3034.32
ACC0007454,CUST004304,checking,9640.51
ACC0007455,CUST004513,checking,4532.06
ACC0007456,CUST002885,checking,963.77
ACC0007457,CUST004429,checking,1855.87
ACC0007458,CUST003919,savings,4077.61
ACC0007459,CUST004447,checking,608.49
ACC0007460,CUST000131,savings,28393.27
ACC0007461,CUST000529,savings,3847.17
ACC0007462,CUST002856,savings,2012.92
ACC0007463,CUST003912,checking,393.82
ACC0007464,CUST002253,checking,14740.55
ACC0007465,CUST001355,checking,6475.11
ACC0007466,CUST001214,checking,9203.84
ACC0007467,CUST003778,checking,8936.77
ACC0007468,CUST001052,savings,1441.53
ACC0007469,CUST001887,savings,1897.79
ACC0007470,CUST003619,savings,5412.59
ACC0007471,CUST004914,credit_card,895.58
ACC0007472,CUST002131,checking,5681.88
ACC0007473,CUST004042,savings,7548.23
ACC0007474,CUST000030,checking,3440.95
ACC0007475,CUST004139,checking,3850.36
ACC0007476,CUST000772,checking,13281.21
ACC0007477,CUST003622,checking,2803.81
ACC0007478,CUST004500,savings,1780.58
ACC0007479,CUST001039,credit_card,1455.66
ACC0007480,CUST003849,checking,4302.04
ACC0007481,CUST004513,checking,2039.13
ACC0007482,CUST001215,checking,12010.58
ACC0007483,CUST001444,checking,7192.72
ACC0007484,CUST000259,checking,6582.9
ACC0007485,CUST001296,savings,11541.39
ACC0007486,CUST002897,credit_card,19395.61
ACC0007487,CUST002591,credit_card,4985.01
ACC0007488,CUST002491,checking,4889.54
ACC0007489,CUST003348,savings,898.85
ACC0007490,CUST001845,savings,1333.63
ACC0007491,CUST003427,savings,844.19
ACC0007492,CUST001399,checking,7933.04
ACC0007493,CUST000655,checking,10721.32
ACC0007494,CUST000618,checking,725.66
ACC0007495,CUST002509,savings,2371.67
ACC0007496,CUST003304,checking,18628.68
ACC0007497,CUST002625,credit_card,4993.83
ACC0007498,CUST000941,checking,676.59
ACC0007499,CUST003861,savings,10325.29
ACC0007500,CUST004068,checking,4174.55
