customer_id,age,state,customer_tenure_months
CUST000001,23,SC,61
CUST000002,65,NC,40
CUST000003,58,NY,94
CUST000004,45,NY,120
CUST000005,44,CA,48
CUST000006,71,AZ,139
CUST000007,23,FL,115
CUST000008,61,IL,30
CUST000009,30,CA,169
CUST000010,23,VA,8
CUST000011,50,IL,118
CUST000012,78,NC,80
CUST000013,63,TX,118
CUST000014,65,AZ,140
CUST000015,62,NY,124
CUST000016,66,AZ,118
CUST000017,49,NC,152
CUST000018,25,TX,127
CUST000019,70,CA,147
CUST000020,45,NY,73
CUST000021,49,IL,37
CUST000022,40,FL,43
CUST000023,29,NY,111
CUST000024,75,FL,96
CUST000025,66,IL,14
CUST000026,57,SC,37
CUST000027,42,VA,175
CUST000028,69,NC,131
CUST000029,51,CA,136
CUST000030,45,VA,36
CUST000031,45,GA,12
CUST000032,32,IL,53
CUST000033,23,GA,155
CUST000034,52,SC,92
CUST000035,73,NC,142
CUST000036,21,VA,88
CUST000037,71,AZ,89
CUST000038,69,TX,109
CUST000039,35,AZ,173
CUST000040,57,VA,79
CUST000041,28,GA,108
CUST000042,65,SC,166
CUST000043,61,GA,68
CUST000044,39,TX,152
CUST000045,22,IL,97
CUST000046,78,GA,159
CUST000047,45,CA,85
CUST000048,73,NY,114
CUST000049,60,VA,59
CUST000050,66,AZ,115
CUST000051,65,FL,59
CUST000052,30,SC,110
CUST000053,40,AZ,142
CUST000054,46,AZ,79
CUST000055,48,NC,78
CUST000056,20,AZ,58
CUST000057,51,AZ,132
CUST000058,27,IL,107
CUST000059,64,VA,93
CUST000060,60,NY,5
CUST000061,75,TX,20
CUST000062,64,NY,2
CUST000063,40,NY,154
CUST000064,77,NY,154
CUST000065,43,TX,13
CUST000066,38,NY,9
CUST000067,74,TX,141
CUST000068,40,NC,95
CUST000069,22,NC,56
CUST000070,47,AZ,111
CUST000071,67,AZ,43
CUST000072,29,TX,36
CUST000073,46,SC,67
CUST000074,26,CA,162
CUST000075,60,SC,139
CUST000076,47,GA,35
CUST000077,38,GA,102
CUST000078,32,NC,160
CUST000079,52,IL,172
CUST000080,59,TX,138
CUST000081,76,GA,24
CUST000082,45,TX,44
CUST000083,27,NC,40
CUST000084,69,FL,28
CUST000085,57,TX,32
CUST000086,61,GA,57
CUST000087,24,IL,100
CUST000088,37,VA,72
CUST000089,65,SC,76
CUST000090,69,TX,45
CUST000091,44,IL,28
CUST000092,67,GA,180
CUST000093,70,NC,108
CUST000094,42,AZ,42
CUST000095,73,FL,146
CUST000096,35,SC,150
CUST000097,32,NY,175
CUST000098,60,GA,29
CUST000099,57,AZ,116
CUST000100,26,VA,177
CUST000101,69,TX,146
CUST000102,30,TX,41
CUST000103,67,VA,161
CUST000104,18,FL,76
CUST000105,67,SC,89
CUST000106,66,NY,101
CUST000107,66,CA,139
CUST000108,59,AZ,22
CUST000109,47,GA,98
CUST000110,61,VA,148
CUST000111,35,TX,99
CUST000112,66,NY,50
CUST000113,52,AZ,11
CUST000114,46,NC,99
CUST000115,49,VA,127
CUST000116,53,VA,99
CUST000117,20,VA,177
CUST000118,26,FL,109
CUST000119,33,IL,92
CUST000120,25,NC,10
CUST000121,45,IL,101
CUST000122,59,NY,31
CUST000123,58,NY,131
CUST000124,47,NY,30
CUST000125,71,SC,164
CUST000126,53,CA,55
CUST000127,22,VA,79
CUST000128,65,TX,27
CUST000129,53,NY,38
CUST000130,57,NY,166
CUST000131,53,GA,52
CUST000132,52,GA,93
CUST000133,23,FL,177
CUST000134,52,NC,113
CUST000135,67,CA,8
CUST000136,36,NC,65
CUST000137,55,FL,70
CUST000138,19,NY,50
CUST000139,39,NC,44
CUST000140,45,AZ,91
CUST000141,78,GA,68
CUST000142,31,NC,53
CUST000143,35,NY,75
CUST000144,43,TX,62
CUST000145,79,NY,42
CUST000146,70,CA,82
CUST000147,20,FL,170
CUST000148,32,IL,92
CUST000149,68,GA,108
CUST000150,21,TX,178
CUST000151,71,SC,111
CUST000152,35,NY,41
CUST000153,74,VA,72
CUST000154,36,NY,88
CUST000155,44,IL,86
CUST000156,59,IL,27
CUST000157,25,AZ,20
CUST000158,52,SC,63
CUST000159,49,SC,165
CUST000160,66,AZ,130
CUST000161,79,GA,152
CUST000162,59,NC,32
CUST000163,43,VA,75
CUST000164,43,IL,105
CUST000165,43,GA,79
CUST000166,68,NC,76
CUST000167,37,CA,65
CUST000168,28,SC,10
CUST000169,38,GA,155
CUST000170,19,NC,168
CUST000171,24,NY,15
CUST000172,23,FL,75
CUST000173,65,IL,94
CUST000174,62,GA,142
CUST000175,61,VA,178
CUST000176,46,SC,75
CUST000177,62,VA,135
CUST000178,27,FL,169
CUST000179,73,NC,150
CUST000180,49,FL,53
CUST000181,76,IL,148
CUST000182,27,CA,75
CUST000183,48,NY,4
CUST000184,61,IL,137
CUST000185,48,CA,151
CUST000186,45,NY,62
CUST000187,28,IL,82
CUST000188,41,SC,66
CUST000189,32,IL,22
CUST000190,36,VA,180
CUST000191,60,CA,5
CUST000192,57,AZ,101
CUST000193,55,FL,3
CUST000194,40,NC,125
CUST000195,77,GA,163
CUST000196,23,FL,116
CUST000197,39,AZ,110
CUST000198,25,AZ,150
CUST000199,39,TX,176
CUST000200,77,AZ,156
CUST000201,40,FL,42
CUST000202,74,FL,102
CUST000203,48,IL,148
CUST000204,61,NY,54
CUST000205,46,TX,122
CUST000206,34,FL,5
CUST000207,65,CA,158
CUST000208,78,CA,111
CUST000209,34,FL,134
CUST000210,66,NC,149
CUST000211,34,SC,40
CUST000212,62,SC,82
CUST000213,66,FL,155
CUST000214,45,NY,30
CUST000215,63,IL,149
CUST000216,34,VA,52
CUST000217,22,CA,104
CUST000218,23,NY,92
CUST000219,45,NC,124
CUST000220,73,GA,151
CUST000221,25,GA,63
CUST000222,46,IL,31
CUST000223,61,AZ,77
CUST000224,30,IL,111
CUST000225,62,TX,136
CUST000226,36,FL,136
CUST000227,68,GA,62
CUST000228,53,CA,169
CUST000229,51,NC,15
CUST000230,28,VA,22
CUST000231,46,SC,5
CUST000232,71,FL,167
CUST000233,19,VA,33
CUST000234,65,SC,109
CUST000235,48,GA,147
CUST000236,62,IL,139
CUST000237,59,TX,171
CUST000238,44,IL,10
CUST000239,37,AZ,74
CUST000240,56,AZ,92
CUST000241,26,GA,126
CUST000242,54,IL,113
CUST000243,23,AZ,101
CUST000244,58,AZ,56
CUST000245,56,GA,20
CUST000246,23,VA,78
CUST000247,64,TX,47
CUST000248,43,AZ,100
CUST000249,66,AZ,144
CUST000250,20,TX,100
CUST000251,29,SC,105
CUST000252,48,FL,8
CUST000253,29,CA,117
CUST000254,38,TX,80
CUST000255,58,GA,23
CUST000256,26,GA,39
CUST000257,60,NC,141
CUST000258,24,VA,166
CUST000259,28,NY,92
CUST000260,54,VA,176
CUST000261,67,AZ,33
CUST000262,28,NC,54
CUST000263,36,TX,168
CUST000264,75,FL,32
CUST000265,79,IL,119
CUST000266,54,IL,40
CUST000267,45,TX,60
CUST000268,39,NY,86
CUST000269,55,NY,65
CUST000270,54,TX,158
CUST000271,36,SC,176
CUST000272,19,FL,91
CUST000273,27,VA,95
CUST000274,77,FL,10
CUST000275,43,NY,43
CUST000276,47,VA,8
CUST000277,46,VA,155
CUST000278,66,IL,41
CUST000279,22,GA,62
CUST000280,23,SC,152
CUST000281,35,CA,129
CUST000282,48,CA,112
CUST000283,59,IL,7
CUST000284,48,CA,102
CUST000285,45,AZ,101
CUST000286,76,TX,58
CUST000287,27,VA,135
CUST000288,53,IL,168
CUST000289,51,VA,47
CUST000290,47,VA,60
CUST000291,68,IL,59
CUST000292,34,IL,151
CUST000293,77,GA,14
CUST000294,38,CA,162
CUST000295,51,AZ,140
CUST000296,50,CA,88
CUST000297,70,NC,106
CUST000298,45,NY,161
CUST000299,35,SC,139
CUST000300,19,IL,50
CUST000301,40,NC,10
CUST000302,69,AZ,119
CUST000303,18,SC,27
CUST000304,73,FL,16
CUST000305,51,VA,177
CUST000306,26,IL,86
CUST000307,36,GA,118
CUST000308,52,CA,40
CUST000309,37,NC,19
CUST000310,24,FL,12
CUST000311,59,AZ,64
CUST000312,59,AZ,1
CUST000313,25,VA,76
CUST000314,35,GA,59
CUST000315,33,FL,95
CUST000316,58,TX,107
CUST000317,63,TX,56
CUST000318,63,SC,82
CUST000319,76,CA,15
CUST000320,65,VA,55
CUST000321,37,GA,177
CUST000322,24,IL,179
CUST000323,56,NY,88
CUST000324,74,GA,170
CUST000325,78,AZ,91
CUST000326,32,GA,23
CUST000327,32,TX,157
CUST000328,20,VA,75
CUST000329,26,SC,111
CUST000330,52,FL,117
CUST000331,51,TX,56
CUST000332,40,IL,133
CUST000333,37,GA,91
CUST000334,69,IL,66
CUST000335,46,NY,54
CUST000336,68,NC,135
CUST000337,77,CA,45
CUST000338,37,TX,23
CUST000339,30,GA,159
CUST000340,77,FL,60
CUST000341,57,GA,116
CUST000342,36,NY,129
CUST000343,56,TX,151
CUST000344,49,FL,113
CUST000345,74,VA,128
CUST000346,33,GA,151
CUST000347,79,FL,170
CUST000348,76,FL,9
CUST000349,29,GA,134
CUST000350,28,TX,32
CUST000351,51,VA,161
CUST000352,20,TX,9
CUST000353,36,SC,45
CUST000354,44,FL,35
CUST000355,78,CA,109
CUST000356,79,IL,1
CUST000357,27,NY,4
CUST000358,73,CA,91
CUST000359,23,NC,175
CUST000360,64,GA,96
CUST000361,70,NY,81
CUST000362,73,IL,119
CUST000363,31,TX,100
CUST000364,73,IL,70
CUST000365,25,VA,106
CUST000366,50,SC,1
CUST000367,47,NC,45
CUST000368,37,TX,122
CUST000369,19,NY,62
CUST000370,65,VA,10
CUST000371,38,CA,23
CUST000372,59,CA,156
CUST000373,43,GA,60
CUST000374,41,VA,5
CUST000375,72,CA,132
CUST000376,23,NY,96
CUST000377,63,SC,82
CUST000378,64,VA,162
CUST000379,41,FL,57
CUST000380,34,TX,104
CUST000381,18,SC,135
CUST000382,76,AZ,110
CUST000383,76,GA,38
CUST000384,32,GA,123
CUST000385,19,NC,134
CUST000386,25,IL,23
CUST000387,22,VA,30
CUST000388,69,AZ,122
CUST000389,73,FL,22
CUST000390,27,IL,159
CUST000391,64,SC,20
CUST000392,29,SC,176
CUST000393,40,IL,121
CUST000394,55,IL,80
CUST000395,62,TX,49
CUST000396,72,NC,63
CUST000397,20,AZ,135
CUST000398,30,GA,136
CUST000399,35,AZ,38
CUST000400,37,IL,98
CUST000401,79,IL,179
CUST000402,66,NY,47
CUST000403,37,NY,125
CUST000404,78,TX,31
CUST000405,48,NC,151
CUST000406,49,GA,31
CUST000407,44,CA,54
CUST000408,26,IL,83
CUST000409,75,TX,67
CUST000410,18,CA,31
CUST000411,28,NC,116
CUST000412,32,FL,4
CUST000413,35,TX,178
CUST000414,26,IL,10
CUST000415,19,GA,61
CUST000416,60,VA,168
CUST000417,78,GA,28
CUST000418,25,SC,14
CUST000419,36,TX,134
CUST000420,49,NY,14
CUST000421,75,IL,162
CUST000422,61,AZ,82
CUST000423,65,NC,157
CUST000424,54,VA,45
CUST000425,43,GA,26
CUST000426,30,VA,174
CUST000427,71,IL,138
CUST000428,67,SC,164
CUST000429,19,NC,58
CUST000430,62,IL,73
CUST000431,23,AZ,104
CUST000432,63,VA,81
CUST000433,69,GA,44
CUST000434,26,TX,68
CUST000435,44,TX,110
CUST000436,25,AZ,7
CUST000437,53,FL,61
CUST000438,75,NC,53
CUST000439,23,FL,13
CUST000440,42,TX,23
CUST000441,78,TX,90
CUST000442,36,TX,19
CUST000443,26,AZ,63
CUST000444,48,IL,101
CUST000445,49,VA,158
CUST000446,59,GA,18
CUST000447,37,NY,79
CUST000448,77,FL,19
CUST000449,50,FL,78
CUST000450,35,SC,87
CUST000451,77,VA,144
CUST000452,75,CA,80
CUST000453,48,IL,169
CUST000454,19,CA,25
CUST000455,55,GA,10
CUST000456,52,SC,1
CUST000457,27,SC,65
CUST000458,57,GA,35
CUST000459,70,TX,17
CUST000460,24,IL,43
CUST000461,62,IL,176
CUST000462,26,NC,145
CUST000463,64,CA,4
CUST000464,43,VA,165
CUST000465,18,SC,37
CUST000466,77,TX,74
CUST000467,28,NC,59
CUST000468,54,GA,73
CUST000469,29,TX,137
CUST000470,75,VA,129
CUST000471,63,TX,107
CUST000472,67,FL,113
CUST000473,44,CA,131
CUST000474,46,SC,34
CUST000475,57,NC,72
CUST000476,66,TX,20
CUST000477,70,VA,127
CUST000478,19,CA,79
CUST000479,59,NC,115
CUST000480,24,TX,102
CUST000481,35,AZ,50
CUST000482,69,NC,25
CUST000483,33,GA,176
CUST000484,67,IL,53
CUST000485,46,TX,20
CUST000486,32,SC,56
CUST000487,38,VA,163
CUST000488,50,CA,48
CUST000489,65,IL,178
CUST000490,55,GA,83
CUST000491,75,FL,156
CUST000492,71,CA,118
CUST000493,64,SC,8
CUST000494,55,VA,92
CUST000495,35,CA,76
CUST000496,43,SC,37
CUST000497,25,CA,99
CUST000498,41,FL,19
CUST000499,75,AZ,126
CUST000500,44,NC,148
CUST000501,25,AZ,17
CUST000502,58,VA,87
CUST000503,77,NC,118
CUST000504,71,CA,12
CUST000505,34,TX,71
CUST000506,46,IL,47
CUST000507,50,SC,8
CUST000508,33,NC,145
CUST000509,34,TX,81
CUST000510,32,IL,136
CUST000511,79,FL,106
CUST000512,64,CA,158
CUST000513,70,AZ,180
CUST000514,68,IL,109
CUST000515,77,TX,64
CUST000516,24,NY,77
CUST000517,72,TX,149
CUST000518,22,NY,77
CUST000519,47,TX,94
CUST000520,54,TX,35
CUST000521,40,FL,179
CUST000522,27,NY,118
CUST000523,29,CA,60
CUST000524,69,AZ,106
CUST000525,37,NY,73
CUST000526,37,SC,28
CUST000527,75,TX,158
CUST000528,26,GA,160
CUST000529,74,NC,151
CUST000530,75,NC,67
CUST000531,55,TX,47
CUST000532,28,AZ,9
CUST000533,27,TX,132
CUST000534,35,FL,60
CUST000535,53,NC,161
CUST000536,27,NY,157
CUST000537,46,NC,24
CUST000538,25,IL,166
CUST000539,51,IL,26
CUST000540,19,AZ,89
CUST000541,61,VA,86
CUST000542,21,SC,173
CUST000543,30,VA,119
CUST000544,28,CA,158
CUST000545,69,VA,108
CUST000546,21,IL,149
CUST000547,44,SC,154
CUST000548,54,NC,155
CUST000549,49,VA,75
CUST000550,60,CA,69
CUST000551,67,NY,178
CUST000552,42,GA,137
CUST000553,69,NY,166
CUST000554,37,NY,104
CUST000555,79,TX,168
CUST000556,49,TX,130
CUST000557,63,SC,134
CUST000558,72,VA,33
CUST000559,67,TX,103
CUST000560,70,SC,132
CUST000561,51,FL,137
CUST000562,20,SC,173
CUST000563,48,CA,59
CUST000564,29,SC,55
CUST000565,73,NC,175
CUST000566,32,NY,178
CUST000567,32,VA,33
CUST000568,33,GA,69
CUST000569,57,GA,171
CUST000570,53,VA,36
CUST000571,76,CA,141
CUST000572,43,NY,21
CUST000573,35,VA,33
CUST000574,21,NY,142
CUST000575,18,CA,110
CUST000576,41,TX,100
CUST000577,75,TX,155
CUST000578,50,AZ,56
CUST000579,73,FL,91
CUST000580,24,GA,110
CUST000581,23,TX,134
CUST000582,69,IL,60
CUST000583,24,CA,115
CUST000584,21,NC,81
CUST000585,43,FL,98
CUST000586,75,CA,156
CUST000587,60,VA,71
CUST000588,24,AZ,121
CUST000589,69,IL,170
CUST000590,70,IL,138
CUST000591,67,NC,178
CUST000592,73,TX,106
CUST000593,32,TX,51
CUST000594,78,NY,179
CUST000595,37,IL,117
CUST000596,67,GA,44
CUST000597,53,TX,58
CUST000598,66,NY,48
CUST000599,56,CA,151
CUST000600,57,CA,17
CUST000601,56,GA,134
CUST000602,66,AZ,100
CUST000603,63,NC,14
CUST000604,26,FL,111
CUST000605,69,NY,136
CUST000606,51,NC,131
CUST000607,38,FL,96
CUST000608,49,TX,61
CUST000609,77,NY,30
CUST000610,71,SC,3
CUST000611,69,VA,65
CUST000612,46,VA,114
CUST000613,66,NY,7
CUST000614,41,GA,180
CUST000615,60,TX,106
CUST000616,57,CA,54
CUST000617,33,CA,174
CUST000618,34,SC,34
CUST000619,21,AZ,173
CUST000620,26,SC,51
CUST000621,44,NC,69
CUST000622,47,NC,77
CUST000623,28,VA,180
CUST000624,43,IL,46
CUST000625,55,VA,176
CUST000626,32,NY,63
CUST000627,38,FL,52
CUST000628,40,NC,115
CUST000629,49,FL,125
CUST000630,40,NC,63
CUST000631,63,FL,25
CUST000632,38,TX,72
CUST000633,44,TX,98
CUST000634,41,VA,8
CUST000635,29,CA,15
CUST000636,60,TX,166
CUST000637,32,VA,7
CUST000638,36,FL,74
CUST000639,67,SC,138
CUST000640,76,AZ,60
CUST000641,59,CA,90
CUST000642,74,VA,16
CUST000643,70,NY,143
CUST000644,47,NY,115
CUST000645,65,NY,154
CUST000646,38,NC,156
CUST000647,46,IL,64
CUST000648,51,AZ,8
CUST000649,77,AZ,63
CUST000650,70,AZ,27
CUST000651,48,AZ,96
CUST000652,58,CA,27
CUST000653,30,NC,166
CUST000654,67,FL,109
CUST000655,52,VA,46
CUST000656,51,VA,166
CUST000657,65,IL,139
CUST000658,57,IL,79
CUST000659,22,TX,27
CUST000660,35,CA,62
CUST000661,28,SC,106
CUST000662,63,VA,138
CUST000663,20,IL,48
CUST000664,30,FL,134
CUST000665,55,TX,51
CUST000666,61,FL,45
CUST000667,49,VA,81
CUST000668,71,IL,29
CUST000669,74,CA,73
CUST000670,26,NY,65
CUST000671,77,GA,51
CUST000672,56,NY,140
CUST000673,57,AZ,60
CUST000674,23,NY,126
CUST000675,56,FL,130
CUST000676,62,VA,120
CUST000677,54,TX,49
CUST000678,23,GA,150
CUST000679,50,NY,43
CUST000680,76,NC,50
CUST000681,62,SC,158
CUST000682,26,CA,62
CUST000683,77,GA,126
CUST000684,77,FL,8
CUST000685,28,TX,111
CUST000686,67,FL,157
CUST000687,43,CA,128
CUST000688,54,VA,105
CUST000689,45,CA,153
CUST000690,66,VA,54
CUST000691,79,GA,68
CUST000692,67,TX,13
CUST000693,75,IL,126
CUST000694,76,VA,131
CUST000695,23,TX,136
CUST000696,33,NC,135
CUST000697,62,NC,23
CUST000698,54,CA,120
CUST000699,21,CA,138
CUST000700,23,GA,37
CUST000701,50,NY,86
CUST000702,56,GA,165
CUST000703,28,VA,75
CUST000704,28,FL,136
CUST000705,26,GA,96
CUST000706,53,IL,119
CUST000707,18,FL,113
CUST000708,53,GA,118
CUST000709,47,TX,141
CUST000710,46,CA,163
CUST000711,60,VA,54
CUST000712,50,AZ,168
CUST000713,63,FL,114
CUST000714,65,NY,108
CUST000715,75,AZ,59
CUST000716,67,FL,76
CUST000717,50,SC,118
CUST000718,48,CA,66
CUST000719,32,NC,52
CUST000720,55,FL,148
CUST000721,26,AZ,75
CUST000722,75,FL,117
CUST000723,70,NY,6
CUST000724,25,TX,14
CUST000725,66,VA,153
CUST000726,25,GA,26
CUST000727,62,TX,144
CUST000728,23,SC,163
CUST000729,48,FL,87
CUST000730,58,FL,160
CUST000731,63,IL,77
CUST000732,43,SC,172
CUST000733,75,IL,43
CUST000734,66,FL,78
CUST000735,30,NY,71
CUST000736,59,TX,142
CUST000737,63,VA,8
CUST000738,38,AZ,150
CUST000739,63,VA,5
CUST000740,73,NC,57
CUST000741,68,CA,108
CUST000742,65,NY,27
CUST000743,57,IL,89
CUST000744,34,FL,180
CUST000745,67,NC,149
CUST000746,40,NC,6
CUST000747,50,FL,107
CUST000748,37,VA,108
CUST000749,37,AZ,13
CUST000750,27,SC,118
CUST000751,77,IL,94
CUST000752,27,VA,123
CUST000753,23,SC,54
CUST000754,76,VA,47
CUST000755,52,SC,133
CUST000756,45,FL,130
CUST000757,63,GA,30
CUST000758,41,TX,39
CUST000759,25,TX,106
CUST000760,63,NC,150
CUST000761,28,SC,37
CUST000762,52,SC,40
CUST000763,76,SC,146
CUST000764,76,NC,126
CUST000765,40,GA,163
CUST000766,66,TX,142
CUST000767,55,GA,172
CUST000768,47,GA,35
CUST000769,26,FL,49
CUST000770,41,TX,43
CUST000771,58,GA,10
CUST000772,79,VA,141
CUST000773,18,FL,120
CUST000774,62,NC,16
CUST000775,70,FL,36
CUST000776,76,AZ,35
CUST000777,44,GA,73
CUST000778,25,SC,82
CUST000779,34,CA,53
CUST000780,70,SC,168
CUST000781,72,SC,39
CUST000782,57,SC,102
CUST000783,25,IL,79
CUST000784,25,AZ,70
CUST000785,47,TX,149
CUST000786,54,NY,177
CUST000787,20,NY,2
CUST000788,60,NY,84
CUST000789,51,TX,22
CUST000790,18,AZ,79
CUST000791,23,CA,112
CUST000792,46,NC,75
CUST000793,62,GA,56
CUST000794,69,AZ,57
CUST000795,44,FL,54
CUST000796,36,VA,59
CUST000797,78,IL,68
CUST000798,46,NY,124
CUST000799,37,TX,18
CUST000800,45,FL,8
CUST000801,18,SC,94
CUST000802,36,GA,123
CUST000803,49,FL,47
CUST000804,74,AZ,37
CUST000805,63,GA,113
CUST000806,66,SC,70
CUST000807,51,FL,133
CUST000808,24,AZ,27
CUST000809,42,FL,22
CUST000810,79,GA,100
CUST000811,20,NY,71
CUST000812,72,NY,132
CUST000813,60,VA,92
CUST000814,35,AZ,64
CUST000815,66,TX,29
CUST000816,69,NC,30
CUST000817,20,FL,137
CUST000818,24,AZ,41
CUST000819,59,GA,91
CUST000820,79,TX,148
CUST000821,19,NY,162
CUST000822,59,CA,49
CUST000823,26,IL,20
CUST000824,58,SC,140
CUST000825,56,TX,124
CUST000826,23,TX,60
CUST000827,60,SC,107
CUST000828,73,NY,34
CUST000829,71,SC,127
CUST000830,19,FL,131
CUST000831,33,GA,54
CUST000832,32,SC,85
CUST000833,46,IL,61
CUST000834,26,VA,6
CUST000835,70,VA,23
CUST000836,66,IL,173
CUST000837,68,IL,83
CUST000838,30,NC,27
CUST000839,18,VA,8
CUST000840,74,CA,64
CUST000841,35,CA,177
CUST000842,58,AZ,70
CUST000843,74,TX,180
CUST000844,20,NC,89
CUST000845,18,IL,138
CUST000846,18,SC,142
CUST000847,27,SC,6
CUST000848,21,NY,2
CUST000849,68,NY,167
CUST000850,55,NC,168
CUST000851,78,SC,24
CUST000852,67,TX,117
CUST000853,77,VA,167
CUST000854,32,NY,172
CUST000855,35,FL,54
CUST000856,70,TX,148
CUST000857,33,FL,117
CUST000858,21,GA,168
CUST000859,59,GA,27
CUST000860,67,NY,109
CUST000861,78,TX,5
CUST000862,75,TX,65
CUST000863,25,TX,3
CUST000864,65,VA,80
CUST000865,70,AZ,146
CUST000866,61,TX,119
CUST000867,68,CA,58
CUST000868,69,IL,77
CUST000869,45,AZ,67
CUST000870,20,NY,132
CUST000871,46,CA,48
CUST000872,30,FL,17
CUST000873,25,CA,92
CUST000874,25,GA,150
CUST000875,61,CA,86
CUST000876,49,NC,37
CUST000877,51,AZ,9
CUST000878,64,VA,170
CUST000879,51,NY,137
CUST000880,57,NC,28
CUST000881,23,SC,14
CUST000882,70,AZ,24
CUST000883,45,IL,68
CUST000884,27,VA,147
CUST000885,68,SC,29
CUST000886,63,IL,148
CUST000887,21,AZ,1
CUST000888,29,SC,133
CUST000889,18,NY,51
CUST000890,34,VA,173
CUST000891,24,CA,86
CUST000892,62,FL,49
CUST000893,50,SC,44
CUST000894,78,GA,149
CUST000895,64,TX,73
CUST000896,55,CA,64
CUST000897,49,NC,133
CUST000898,21,AZ,97
CUST000899,22,NY,120
CUST000900,56,IL,81
CUST000901,18,AZ,12
CUST000902,20,SC,2
CUST000903,31,NC,8
CUST000904,72,CA,104
CUST000905,46,SC,93
CUST000906,61,SC,135
CUST000907,43,FL,162
CUST000908,28,AZ,32
CUST000909,41,CA,173
CUST000910,23,TX,168
CUST000911,65,SC,111
CUST000912,29,GA,96
CUST000913,41,NY,32
CUST000914,78,SC,33
CUST000915,54,TX,4
CUST000916,46,NC,117
CUST000917,51,GA,78
CUST000918,66,VA,35
CUST000919,33,NY,25
CUST000920,57,AZ,12
CUST000921,72,SC,116
CUST000922,53,CA,124
CUST000923,45,NY,114
CUST000924,26,AZ,20
CUST000925,33,AZ,8
CUST000926,76,SC,20
CUST000927,51,CA,136
CUST000928,36,TX,134
CUST000929,43,SC,54
CUST000930,53,VA,10
CUST000931,51,AZ,58
CUST000932,61,TX,146
CUST000933,33,GA,26
CUST000934,58,GA,144
CUST000935,45,IL,84
CUST000936,76,VA,26
CUST000937,27,SC,169
CUST000938,27,TX,94
CUST000939,46,AZ,121
CUST000940,49,SC,18
CUST000941,60,VA,67
CUST000942,43,FL,114
CUST000943,74,SC,117
CUST000944,47,NY,12
CUST000945,26,VA,109
CUST000946,25,SC,171
CUST000947,78,VA,142
CUST000948,26,AZ,38
CUST000949,76,AZ,165
CUST000950,35,TX,123
CUST000951,23,FL,11
CUST000952,36,IL,24
CUST000953,56,SC,166
CUST000954,44,NY,38
CUST000955,66,NY,18
CUST000956,55,CA,82
CUST000957,42,VA,95
CUST000958,57,CA,104
CUST000959,78,NY,119
CUST000960,43,IL,180
CUST000961,27,SC,137
CUST000962,43,NY,5
CUST000963,70,IL,16
CUST000964,31,VA,1
CUST000965,76,CA,72
CUST000966,54,NC,64
CUST000967,55,CA,169
CUST000968,37,NY,66
CUST000969,75,SC,6
CUST000970,20,NC,160
CUST000971,36,CA,47
CUST000972,43,VA,165
CUST000973,47,FL,140
CUST000974,47,NC,159
CUST000975,27,AZ,148
CUST000976,31,TX,26
CUST000977,23,AZ,113
CUST000978,53,SC,75
CUST000979,39,VA,114
CUST000980,53,NY,135
CUST000981,54,NY,91
CUST000982,61,CA,57
CUST000983,51,AZ,165
CUST000984,58,IL,120
CUST000985,54,SC,160
CUST000986,58,GA,43
CUST000987,56,AZ,151
CUST000988,37,TX,59
CUST000989,33,IL,83
CUST000990,66,TX,155
CUST000991,39,NC,64
CUST000992,52,FL,46
CUST000993,30,IL,165
CUST000994,44,NY,174
CUST000995,50,SC,56
CUST000996,56,VA,56
CUST000997,50,IL,41
CUST000998,40,AZ,5
CUST000999,77,CA,100
CUST001000,49,NC,46
CUST001001,68,NY,153
CUST001002,63,IL,31
CUST001003,52,NY,115
CUST001004,72,TX,92
CUST001005,25,FL,111
CUST001006,75,VA,21
CUST001007,70,VA,84
CUST001008,49,CA,113
CUST001009,63,NC,62
CUST001010,50,NC,158
CUST001011,34,GA,96
CUST001012,67,CA,66
CUST001013,33,NY,6
CUST001014,37,TX,31
CUST001015,50,TX,86
CUST001016,69,SC,73
CUST001017,41,GA,157
CUST001018,48,NC,142
CUST001019,20,CA,29
CUST001020,25,CA,107
CUST001021,21,VA,82
CUST001022,22,VA,19
CUST001023,71,GA,120
CUST001024,70,IL,97
CUST001025,68,FL,16
CUST001026,21,CA,85
CUST001027,22,FL,132
CUST001028,35,NY,59
CUST001029,53,TX,65
CUST001030,38,VA,20
CUST001031,48,IL,37
CUST001032,28,CA,177
CUST001033,63,CA,112
CUST001034,37,AZ,32
CUST001035,22,VA,87
CUST001036,64,NC,35
CUST001037,73,TX,80
CUST001038,18,GA,27
CUST001039,45,FL,112
CUST001040,69,VA,103
CUST001041,61,GA,115
CUST001042,71,GA,80
CUST001043,43,GA,52
CUST001044,41,CA,45
CUST001045,61,TX,39
CUST001046,27,FL,78
CUST001047,32,SC,82
CUST001048,55,TX,122
CUST001049,59,SC,10
CUST001050,25,GA,51
CUST001051,49,FL,154
CUST001052,40,SC,165
CUST001053,49,GA,168
CUST001054,77,VA,56
CUST001055,22,IL,25
CUST001056,79,IL,36
CUST001057,45,NC,24
CUST001058,65,NY,172
CUST001059,44,NY,160
CUST001060,37,GA,146
CUST001061,65,FL,132
CUST001062,60,CA,62
CUST001063,26,GA,86
CUST001064,61,NC,152
CUST001065,64,GA,147
CUST001066,42,VA,94
CUST001067,75,GA,151
CUST001068,57,VA,63
CUST001069,38,SC,75
CUST001070,18,AZ,152
CUST001071,59,SC,68
CUST001072,30,CA,136
CUST001073,64,CA,82
CUST001074,50,NY,54
CUST001075,46,AZ,40
CUST001076,28,NC,110
CUST001077,62,GA,87
CUST001078,28,SC,67
CUST001079,43,TX,134
CUST001080,69,NY,1
CUST001081,75,IL,17
CUST001082,79,GA,174
CUST001083,77,VA,120
CUST001084,52,AZ,99
CUST001085,30,NY,3
CUST001086,70,CA,108
CUST001087,67,FL,79
CUST001088,79,FL,108
CUST001089,58,GA,8
CUST001090,26,CA,100
CUST001091,49,VA,105
CUST001092,45,AZ,53
CUST001093,70,SC,10
CUST001094,42,FL,175
CUST001095,38,GA,128
CUST001096,22,NY,112
CUST001097,69,NY,139
CUST001098,64,AZ,121
CUST001099,20,CA,25
CUST001100,44,VA,82
CUST001101,47,VA,160
CUST001102,47,IL,52
CUST001103,74,FL,175
CUST001104,27,NC,12
CUST001105,36,IL,60
CUST001106,29,NY,64
CUST001107,33,NC,112
CUST001108,74,CA,32
CUST001109,76,NY,42
CUST001110,20,NY,120
CUST001111,57,IL,52
CUST001112,32,FL,159
CUST001113,29,FL,157
CUST001114,36,NY,55
CUST001115,30,SC,101
CUST001116,48,SC,60
CUST001117,79,IL,63
CUST001118,54,VA,121
CUST001119,62,TX,53
CUST001120,48,VA,27
CUST001121,18,VA,47
CUST001122,23,TX,168
CUST001123,34,IL,47
CUST001124,33,FL,66
CUST001125,70,SC,114
CUST001126,70,VA,19
CUST001127,70,SC,49
CUST001128,57,IL,32
CUST001129,52,GA,167
CUST001130,58,GA,168
CUST001131,43,NC,137
CUST001132,59,FL,45
CUST001133,67,AZ,111
CUST001134,65,FL,120
CUST001135,56,NY,157
CUST001136,21,SC,29
CUST001137,62,SC,133
CUST001138,40,CA,35
CUST001139,64,NC,103
CUST001140,51,FL,159
CUST001141,72,GA,12
CUST001142,38,NC,27
CUST001143,75,TX,147
CUST001144,70,AZ,4
CUST001145,38,NC,124
CUST001146,47,IL,91
CUST001147,50,TX,63
CUST001148,65,CA,156
CUST001149,60,NC,153
CUST001150,70,IL,59
CUST001151,40,NC,1
CUST001152,49,AZ,24
CUST001153,44,NY,20
CUST001154,74,GA,177
CUST001155,36,NC,108
CUST001156,54,NY,122
CUST001157,25,NC,42
CUST001158,70,NY,154
CUST001159,41,CA,131
CUST001160,39,VA,136
CUST001161,54,VA,85
CUST001162,48,VA,126
CUST001163,70,VA,98
CUST001164,50,SC,70
CUST001165,50,VA,108
CUST001166,24,NY,59
CUST001167,19,GA,172
CUST001168,42,CA,130
CUST001169,79,IL,134
CUST001170,74,CA,130
CUST001171,56,TX,81
CUST001172,57,GA,172
CUST001173,42,AZ,38
CUST001174,29,VA,103
CUST001175,18,FL,13
CUST001176,39,FL,54
CUST001177,37,CA,104
CUST001178,29,TX,89
CUST001179,34,CA,170
CUST001180,19,AZ,111
CUST001181,55,GA,75
CUST001182,75,IL,77
CUST001183,60,SC,111
CUST001184,45,AZ,143
CUST001185,44,SC,50
CUST001186,37,IL,106
CUST001187,26,GA,104
CUST001188,55,AZ,2
CUST001189,53,SC,165
CUST001190,18,FL,103
CUST001191,43,AZ,44
CUST001192,35,NC,115
CUST001193,28,VA,123
CUST001194,61,NC,165
CUST001195,50,GA,7
CUST001196,57,GA,75
CUST001197,62,NY,33
CUST001198,78,VA,104
CUST001199,67,SC,91
CUST001200,56,SC,86
CUST001201,72,AZ,177
CUST001202,47,AZ,96
CUST001203,79,VA,74
CUST001204,65,SC,13
CUST001205,58,NC,53
CUST001206,74,AZ,162
CUST001207,49,CA,82
CUST001208,62,CA,164
CUST001209,35,VA,96
CUST001210,77,NY,99
CUST001211,56,NC,78
CUST001212,66,NY,101
CUST001213,46,TX,13
CUST001214,71,GA,11
CUST001215,22,CA,86
CUST001216,25,NY,108
CUST001217,49,FL,100
CUST001218,63,SC,78
CUST001219,68,NC,53
CUST001220,45,AZ,128
CUST001221,58,VA,109
CUST001222,52,GA,9
CUST001223,77,NY,82
CUST001224,58,VA,128
CUST001225,43,GA,142
CUST001226,78,CA,52
CUST001227,24,TX,167
CUST001228,79,NY,118
CUST001229,27,NC,79
CUST001230,35,FL,113
CUST001231,68,FL,157
CUST001232,63,NY,41
CUST001233,78,SC,28
CUST001234,64,SC,80
CUST001235,57,CA,16
CUST001236,39,NY,151
CUST001237,18,IL,175
CUST001238,25,VA,110
CUST001239,36,AZ,177
CUST001240,20,VA,13
CUST001241,49,NY,114
CUST001242,66,SC,80
CUST001243,77,AZ,50
CUST001244,48,GA,57
CUST001245,72,IL,99
CUST001246,79,GA,116
CUST001247,71,CA,30
CUST001248,46,FL,111
CUST001249,38,NC,167
CUST001250,78,SC,2
CUST001251,32,NY,159
CUST001252,43,SC,110
CUST001253,22,VA,62
CUST001254,67,TX,133
CUST001255,58,VA,112
CUST001256,23,SC,139
CUST001257,31,NY,15
CUST001258,52,NY,11
CUST001259,51,CA,116
CUST001260,67,AZ,55
CUST001261,34,SC,43
CUST001262,75,FL,76
CUST001263,45,VA,131
CUST001264,69,AZ,33
CUST001265,32,TX,176
CUST001266,20,NC,76
CUST001267,21,NY,28
CUST001268,41,NC,13
CUST001269,77,VA,155
CUST001270,21,CA,21
CUST001271,40,TX,76
CUST001272,24,CA,121
CUST001273,75,TX,93
CUST001274,59,IL,48
CUST001275,65,TX,20
CUST001276,62,NC,129
CUST001277,58,NC,89
CUST001278,65,CA,9
CUST001279,18,NC,33
CUST001280,71,GA,102
CUST001281,63,NC,31
CUST001282,63,GA,71
CUST001283,42,TX,23
CUST001284,67,SC,144
CUST001285,41,FL,114
CUST001286,21,AZ,142
CUST001287,74,NC,10
CUST001288,32,NC,68
CUST001289,24,VA,49
CUST001290,56,IL,113
CUST001291,32,FL,148
CUST001292,71,NY,41
CUST001293,45,NC,139
CUST001294,18,CA,105
CUST001295,77,NC,149
CUST001296,49,CA,15
CUST001297,34,SC,179
CUST001298,59,IL,79
CUST001299,50,VA,51
CUST001300,19,SC,33
CUST001301,65,GA,178
CUST001302,42,NC,160
CUST001303,61,SC,24
CUST001304,73,TX,81
CUST001305,55,GA,133
CUST001306,59,GA,107
CUST001307,33,IL,35
CUST001308,32,SC,65
CUST001309,43,GA,67
CUST001310,70,SC,52
CUST001311,50,FL,173
CUST001312,39,GA,37
CUST001313,66,NC,128
CUST001314,70,NC,165
CUST001315,73,IL,144
CUST001316,36,NC,144
CUST001317,61,CA,29
CUST001318,54,AZ,24
CUST001319,45,FL,141
CUST001320,42,GA,135
CUST001321,25,CA,134
CUST001322,35,AZ,76
CUST001323,52,SC,95
CUST001324,72,AZ,3
CUST001325,71,AZ,53
CUST001326,29,SC,96
CUST001327,60,NC,23
CUST001328,23,CA,24
CUST001329,59,NC,9
CUST001330,39,NY,38
CUST001331,45,NC,179
CUST001332,62,NY,126
CUST001333,44,VA,171
CUST001334,68,NC,47
CUST001335,51,NC,108
CUST001336,79,SC,161
CUST001337,57,TX,64
CUST001338,36,NC,119
CUST001339,66,IL,125
CUST001340,43,NY,150
CUST001341,51,VA,175
CUST001342,26,AZ,111
CUST001343,25,NY,105
CUST001344,53,NY,157
CUST001345,29,SC,124
CUST001346,79,CA,66
CUST001347,71,TX,114
CUST001348,61,AZ,99
CUST001349,63,FL,42
CUST001350,54,NY,93
CUST001351,21,GA,113
CUST001352,42,NC,163
CUST001353,48,SC,105
CUST001354,74,IL,30
CUST001355,31,CA,178
CUST001356,48,GA,105
CUST001357,39,NY,52
CUST001358,26,NC,136
CUST001359,24,NC,70
CUST001360,40,TX,67
CUST001361,23,NY,152
CUST001362,22,AZ,157
CUST001363,39,CA,95
CUST001364,30,VA,68
CUST001365,52,IL,156
CUST001366,19,FL,32
CUST001367,36,IL,135
CUST001368,46,SC,106
CUST001369,77,NC,154
CUST001370,57,NC,76
CUST001371,72,AZ,150
CUST001372,39,NC,3
CUST001373,45,AZ,137
CUST001374,44,CA,13
CUST001375,73,SC,116
CUST001376,77,IL,36
CUST001377,77,SC,174
CUST001378,64,SC,139
CUST001379,49,TX,19
CUST001380,51,VA,161
CUST001381,78,VA,46
CUST001382,35,SC,99
CUST001383,39,NY,16
CUST001384,73,NC,20
CUST001385,41,VA,44
CUST001386,32,TX,97
CUST001387,52,FL,98
CUST001388,38,NY,155
CUST001389,73,VA,30
CUST001390,74,NY,135
CUST001391,36,CA,2
CUST001392,50,GA,53
CUST001393,79,VA,32
CUST001394,64,TX,23
CUST001395,31,TX,106
CUST001396,54,NC,163
CUST001397,56,TX,121
CUST001398,58,SC,154
CUST001399,19,TX,107
CUST001400,36,AZ,10
CUST001401,70,TX,63
CUST001402,32,CA,149
CUST001403,36,GA,8
CUST001404,37,AZ,18
CUST001405,28,IL,151
CUST001406,27,AZ,12
CUST001407,39,CA,173
CUST001408,72,NY,137
CUST001409,18,TX,120
CUST001410,35,AZ,97
CUST001411,21,IL,17
CUST001412,52,FL,75
CUST001413,33,NC,146
CUST001414,67,NC,163
CUST001415,54,VA,81
CUST001416,66,NC,152
CUST001417,57,VA,140
CUST001418,45,SC,11
CUST001419,71,AZ,112
CUST001420,47,NC,111
CUST001421,76,NY,98
CUST001422,79,GA,140
CUST001423,54,SC,161
CUST001424,59,CA,100
CUST001425,33,AZ,58
CUST001426,68,CA,177
CUST001427,59,AZ,174
CUST001428,73,TX,124
CUST001429,34,NY,116
CUST001430,66,SC,19
CUST001431,47,IL,73
CUST001432,29,CA,36
CUST001433,28,VA,93
CUST001434,52,GA,149
CUST001435,37,NY,41
CUST001436,24,NC,180
CUST001437,44,IL,24
CUST001438,58,VA,18
CUST001439,37,NC,176
CUST001440,77,GA,19
CUST001441,66,IL,133
CUST001442,49,VA,138
CUST001443,75,TX,60
CUST001444,44,IL,12
CUST001445,26,NC,56
CUST001446,20,CA,13
CUST001447,76,VA,122
CUST001448,77,NY,160
CUST001449,63,SC,180
CUST001450,24,SC,145
CUST001451,36,CA,140
CUST001452,20,IL,159
CUST001453,21,AZ,139
CUST001454,33,NY,118
CUST001455,53,FL,180
CUST001456,22,SC,59
CUST001457,79,VA,75
CUST001458,46,NY,164
CUST001459,34,GA,56
CUST001460,49,FL,54
CUST001461,66,SC,28
CUST001462,37,FL,50
CUST001463,20,VA,107
CUST001464,21,SC,160
CUST001465,70,SC,25
CUST001466,24,TX,123
CUST001467,57,GA,138
CUST001468,41,NC,162
CUST001469,66,TX,136
CUST001470,21,SC,29
CUST001471,73,NC,89
CUST001472,61,SC,172
CUST001473,45,FL,164
CUST001474,30,AZ,111
CUST001475,78,VA,174
CUST001476,36,VA,121
CUST001477,48,VA,12
CUST001478,42,GA,165
CUST001479,32,CA,31
CUST001480,43,GA,69
CUST001481,27,NY,43
CUST001482,18,IL,130
CUST001483,35,AZ,6
CUST001484,24,TX,116
CUST001485,43,CA,156
CUST001486,71,AZ,142
CUST001487,28,CA,56
CUST001488,18,VA,162
CUST001489,24,SC,66
CUST001490,49,SC,123
CUST001491,35,IL,92
CUST001492,48,TX,13
CUST001493,19,VA,1
CUST001494,38,GA,33
CUST001495,43,VA,169
CUST001496,44,IL,172
CUST001497,52,NY,74
CUST001498,66,IL,175
CUST001499,46,GA,9
CUST001500,70,FL,175
CUST001501,50,SC,42
CUST001502,34,AZ,7
CUST001503,32,TX,137
CUST001504,37,TX,69
CUST001505,55,FL,53
CUST001506,33,VA,137
CUST001507,74,AZ,60
CUST001508,47,FL,136
CUST001509,71,NY,36
CUST001510,60,NC,16
CUST001511,38,VA,59
CUST001512,32,IL,110
CUST001513,64,NC,41
CUST001514,38,SC,26
CUST001515,33,IL,135
CUST001516,75,GA,89
CUST001517,47,VA,78
CUST001518,21,TX,44
CUST001519,48,SC,4
CUST001520,46,NC,10
CUST001521,71,NC,123
CUST001522,62,NC,15
CUST001523,29,SC,45
CUST001524,27,NY,164
CUST001525,55,VA,62
CUST001526,20,NC,135
CUST001527,37,NC,62
CUST001528,26,FL,168
CUST001529,19,IL,148
CUST001530,74,GA,85
CUST001531,23,NC,124
CUST001532,18,VA,75
CUST001533,75,FL,170
CUST001534,29,SC,65
CUST001535,68,AZ,151
CUST001536,19,CA,111
CUST001537,27,GA,116
CUST001538,24,AZ,64
CUST001539,61,GA,150
CUST001540,56,SC,135
CUST001541,47,AZ,147
CUST001542,32,AZ,145
CUST001543,23,GA,29
CUST001544,53,TX,158
CUST001545,32,SC,152
CUST001546,54,NY,44
CUST001547,60,NY,177
CUST001548,70,CA,95
CUST001549,48,TX,58
CUST001550,18,CA,41
CUST001551,35,TX,66
CUST001552,70,IL,7
CUST001553,51,SC,125
CUST001554,56,FL,128
CUST001555,46,FL,121
CUST001556,28,TX,99
CUST001557,73,SC,66
CUST001558,65,GA,131
CUST001559,79,AZ,157
CUST001560,71,SC,16
CUST001561,36,NY,69
CUST001562,33,NY,180
CUST001563,33,FL,156
CUST001564,74,NC,179
CUST001565,52,NC,33
CUST001566,46,VA,84
CUST001567,78,SC,24
CUST001568,55,NC,156
CUST001569,74,SC,94
CUST001570,79,SC,44
CUST001571,22,IL,17
CUST001572,40,NY,133
CUST001573,63,NC,147
CUST001574,68,NY,159
CUST001575,27,SC,175
CUST001576,37,FL,147
CUST001577,51,NC,142
CUST001578,67,NC,147
CUST001579,25,SC,180
CUST001580,55,FL,84
CUST001581,36,FL,137
CUST001582,31,GA,148
CUST001583,49,NY,21
CUST001584,43,CA,125
CUST001585,57,CA,61
CUST001586,37,TX,24
CUST001587,69,TX,31
CUST001588,22,FL,21
CUST001589,71,VA,162
CUST001590,19,FL,139
CUST001591,63,NC,19
CUST001592,39,AZ,113
CUST001593,41,GA,119
CUST001594,19,CA,94
CUST001595,61,AZ,110
CUST001596,28,FL,164
CUST001597,58,IL,94
CUST001598,62,FL,119
CUST001599,70,SC,103
CUST001600,61,NC,72
CUST001601,36,SC,161
CUST001602,63,AZ,75
CUST001603,69,FL,144
CUST001604,37,GA,109
CUST001605,25,FL,124
CUST001606,73,VA,137
CUST001607,27,IL,133
CUST001608,54,AZ,102
CUST001609,32,NC,111
CUST001610,25,CA,92
CUST001611,66,GA,62
CUST001612,26,NC,131
CUST001613,59,AZ,159
CUST001614,60,NC,127
CUST001615,21,VA,139
CUST001616,28,NC,150
CUST001617,67,FL,67
CUST001618,49,TX,12
CUST001619,25,GA,61
CUST001620,79,NC,136
CUST001621,34,SC,147
CUST001622,18,AZ,93
CUST001623,75,IL,141
CUST001624,19,AZ,14
CUST001625,52,TX,116
CUST001626,79,TX,123
CUST001627,53,CA,92
CUST001628,54,NY,129
CUST001629,42,FL,89
CUST001630,25,VA,95
CUST001631,53,FL,109
CUST001632,73,NC,143
CUST001633,23,SC,45
CUST001634,72,CA,55
CUST001635,43,IL,76
CUST001636,51,SC,37
CUST001637,28,NC,61
CUST001638,56,NC,64
CUST001639,29,CA,57
CUST001640,34,GA,74
CUST001641,62,GA,91
CUST001642,21,NC,126
CUST001643,45,AZ,55
CUST001644,54,FL,153
CUST001645,26,CA,87
CUST001646,36,CA,130
CUST001647,39,SC,21
CUST001648,59,IL,32
CUST001649,78,TX,82
CUST001650,69,NY,66
CUST001651,29,VA,90
CUST001652,19,IL,29
CUST001653,21,AZ,86
CUST001654,54,FL,124
CUST001655,27,NC,132
CUST001656,32,IL,45
CUST001657,70,IL,62
CUST001658,72,TX,95
CUST001659,70,TX,94
CUST001660,33,VA,143
CUST001661,56,NC,71
CUST001662,55,AZ,121
CUST001663,29,FL,160
CUST001664,52,VA,54
CUST001665,50,NY,149
CUST001666,42,NC,60
CUST001667,64,NC,61
CUST001668,60,VA,118
CUST001669,51,FL,112
CUST001670,62,GA,99
CUST001671,65,SC,42
CUST001672,53,GA,18
CUST001673,34,GA,164
CUST001674,65,TX,158
CUST001675,62,TX,160
CUST001676,78,IL,93
CUST001677,27,IL,160
CUST001678,43,VA,86
CUST001679,75,AZ,14
CUST001680,49,TX,36
CUST001681,76,SC,50
CUST001682,18,GA,68
CUST001683,20,CA,170
CUST001684,67,IL,60
CUST001685,40,GA,111
CUST001686,50,SC,49
CUST001687,44,SC,116
CUST001688,43,SC,103
CUST001689,76,NY,28
CUST001690,23,TX,84
CUST001691,65,FL,19
CUST001692,73,NY,161
CUST001693,58,IL,127
CUST001694,42,CA,170
CUST001695,27,SC,158
CUST001696,60,TX,40
CUST001697,47,IL,128
CUST001698,27,CA,19
CUST001699,40,GA,173
CUST001700,77,GA,142
CUST001701,34,IL,123
CUST001702,29,NC,180
CUST001703,60,TX,153
CUST001704,30,SC,156
CUST001705,75,IL,19
CUST001706,71,NC,5
CUST001707,78,NC,173
CUST001708,74,GA,46
CUST001709,33,VA,77
CUST001710,31,FL,8
CUST001711,39,VA,113
CUST001712,47,GA,148
CUST001713,72,TX,152
CUST001714,63,TX,105
CUST001715,57,AZ,120
CUST001716,72,FL,93
CUST001717,58,TX,81
CUST001718,41,NY,100
CUST001719,43,SC,169
CUST001720,50,NY,46
CUST001721,23,IL,85
CUST001722,63,GA,109
CUST001723,58,SC,103
CUST001724,63,GA,6
CUST001725,51,VA,52
CUST001726,66,TX,117
CUST001727,76,IL,125
CUST001728,53,TX,133
CUST001729,45,SC,179
CUST001730,24,GA,122
CUST001731,66,NY,105
CUST001732,74,GA,60
CUST001733,61,TX,67
CUST001734,71,NY,149
CUST001735,71,GA,85
CUST001736,67,NY,129
CUST001737,49,GA,23
CUST001738,24,SC,24
CUST001739,18,GA,39
CUST001740,30,FL,36
CUST001741,44,NC,110
CUST001742,64,IL,115
CUST001743,46,TX,101
CUST001744,19,NC,53
CUST001745,31,IL,104
CUST001746,78,IL,22
CUST001747,79,NC,86
CUST001748,41,SC,28
CUST001749,67,GA,14
CUST001750,62,TX,30
CUST001751,75,CA,21
CUST001752,73,FL,87
CUST001753,56,NY,99
CUST001754,42,NC,110
CUST001755,56,NY,80
CUST001756,37,AZ,32
CUST001757,39,TX,4
CUST001758,55,FL,129
CUST001759,53,VA,177
CUST001760,54,AZ,51
CUST001761,41,NC,37
CUST001762,43,VA,57
CUST001763,18,SC,39
CUST001764,55,IL,41
CUST001765,53,FL,90
CUST001766,75,AZ,142
CUST001767,49,NY,129
CUST001768,46,TX,173
CUST001769,22,TX,65
CUST001770,30,VA,89
CUST001771,38,TX,69
CUST001772,41,NY,8
CUST001773,40,AZ,70
CUST001774,42,TX,47
CUST001775,65,AZ,87
CUST001776,26,AZ,29
CUST001777,38,TX,134
CUST001778,28,FL,152
CUST001779,37,SC,173
CUST001780,60,VA,16
CUST001781,20,IL,22
CUST001782,39,SC,174
CUST001783,19,GA,153
CUST001784,77,NY,106
CUST001785,63,VA,58
CUST001786,33,AZ,94
CUST001787,30,NY,97
CUST001788,24,NC,153
CUST001789,47,VA,96
CUST001790,64,CA,5
CUST001791,54,IL,126
CUST001792,72,AZ,140
CUST001793,39,IL,54
CUST001794,35,NC,21
CUST001795,47,CA,26
CUST001796,30,SC,152
CUST001797,78,NC,81
CUST001798,29,NY,96
CUST001799,47,FL,173
CUST001800,50,NY,12
CUST001801,21,IL,38
CUST001802,47,NC,150
CUST001803,46,TX,98
CUST001804,34,IL,5
CUST001805,25,FL,127
CUST001806,20,TX,25
CUST001807,18,FL,141
CUST001808,47,AZ,144
CUST001809,23,NC,149
CUST001810,77,IL,84
CUST001811,33,IL,49
CUST001812,58,IL,159
CUST001813,59,FL,101
CUST001814,48,TX,115
CUST001815,72,GA,25
CUST001816,24,VA,113
CUST001817,32,IL,105
CUST001818,33,TX,53
CUST001819,26,CA,139
CUST001820,36,SC,25
CUST001821,37,CA,130
CUST001822,65,NY,174
CUST001823,36,AZ,103
CUST001824,72,SC,19
CUST001825,65,TX,100
CUST001826,73,TX,96
CUST001827,24,TX,100
CUST001828,79,NC,50
CUST001829,56,FL,113
CUST001830,78,VA,48
CUST001831,40,NY,101
CUST001832,77,VA,108
CUST001833,54,FL,117
CUST001834,22,NY,144
CUST001835,43,NC,159
CUST001836,26,CA,140
CUST001837,76,CA,144
CUST001838,36,NC,157
CUST001839,31,NC,44
CUST001840,52,IL,53
CUST001841,44,VA,96
CUST001842,24,IL,84
CUST001843,68,FL,127
CUST001844,70,GA,2
CUST001845,64,VA,26
CUST001846,56,NY,135
CUST001847,42,SC,148
CUST001848,51,FL,55
CUST001849,50,GA,56
CUST001850,28,SC,102
CUST001851,23,GA,86
CUST001852,33,TX,31
CUST001853,46,NY,91
CUST001854,27,NC,148
CUST001855,24,IL,132
CUST001856,70,IL,148
CUST001857,41,NY,116
CUST001858,54,AZ,158
CUST001859,50,FL,45
CUST001860,63,IL,9
CUST001861,63,CA,21
CUST001862,36,TX,179
CUST001863,70,SC,116
CUST001864,41,TX,45
CUST001865,69,AZ,154
CUST001866,43,AZ,56
CUST001867,24,FL,108
CUST001868,65,VA,45
CUST001869,19,CA,18
CUST001870,65,NC,49
CUST001871,20,SC,42
CUST001872,30,TX,100
CUST001873,55,AZ,4
CUST001874,76,GA,44
CUST001875,43,FL,103
CUST001876,25,GA,71
CUST001877,32,FL,115
CUST001878,73,NC,119
CUST001879,63,TX,174
CUST001880,24,TX,151
CUST001881,41,GA,42
CUST001882,34,VA,125
CUST001883,29,CA,113
CUST001884,70,SC,107
CUST001885,56,NC,144
CUST001886,29,NC,27
CUST001887,58,IL,68
CUST001888,43,GA,147
CUST001889,21,SC,161
CUST001890,45,IL,7
CUST001891,29,SC,85
CUST001892,33,GA,48
CUST001893,72,NC,31
CUST001894,62,NY,11
CUST001895,26,NY,97
CUST001896,70,CA,121
CUST001897,53,VA,96
CUST001898,72,GA,67
CUST001899,64,AZ,139
CUST001900,39,IL,118
CUST001901,51,NC,164
CUST001902,50,NY,63
CUST001903,62,IL,44
CUST001904,33,TX,83
CUST001905,38,NY,92
CUST001906,33,NC,83
CUST001907,36,NC,150
CUST001908,27,NC,9
CUST001909,20,SC,95
CUST001910,76,AZ,78
CUST001911,22,NY,38
CUST001912,73,CA,116
CUST001913,18,VA,145
CUST001914,66,AZ,99
CUST001915,38,SC,16
CUST001916,50,AZ,14
CUST001917,35,NC,76
CUST001918,48,NC,121
CUST001919,45,NC,57
CUST001920,50,CA,56
CUST001921,42,VA,155
CUST001922,51,FL,3
CUST001923,69,FL,15
CUST001924,44,CA,29
CUST001925,40,GA,178
CUST001926,26,NC,90
CUST001927,40,GA,29
CUST001928,25,VA,56
CUST001929,29,CA,175
CUST001930,77,CA,125
CUST001931,23,NC,41
CUST001932,47,CA,44
CUST001933,69,NC,14
CUST001934,77,NY,140
CUST001935,27,GA,25
CUST001936,28,GA,52
CUST001937,41,FL,63
CUST001938,52,GA,112
CUST001939,77,CA,110
CUST001940,30,AZ,144
CUST001941,28,IL,54
CUST001942,33,FL,70
CUST001943,72,TX,70
CUST001944,19,FL,9
CUST001945,41,CA,133
CUST001946,25,TX,97
CUST001947,27,FL,86
CUST001948,74,FL,180
CUST001949,18,GA,33
CUST001950,37,TX,175
CUST001951,74,NY,123
CUST001952,55,FL,40
CUST001953,22,IL,123
CUST001954,46,IL,137
CUST001955,78,FL,66
CUST001956,42,AZ,63
CUST001957,50,SC,151
CUST001958,50,AZ,29
CUST001959,58,VA,3
CUST001960,29,TX,120
CUST001961,70,VA,164
CUST001962,79,FL,91
CUST001963,26,GA,25
CUST001964,68,CA,98
CUST001965,68,NC,46
CUST001966,63,IL,149
CUST001967,40,AZ,111
CUST001968,47,TX,61
CUST001969,70,TX,113
CUST001970,27,NY,121
CUST001971,69,SC,123
CUST001972,75,CA,66
CUST001973,60,VA,103
CUST001974,39,NY,8
CUST001975,52,GA,73
CUST001976,21,CA,69
CUST001977,75,CA,97
CUST001978,39,VA,172
CUST001979,21,NY,172
CUST001980,67,FL,87
CUST001981,58,VA,117
CUST001982,56,TX,20
CUST001983,21,AZ,87
CUST001984,64,NC,124
CUST001985,57,AZ,123
CUST001986,67,IL,174
CUST001987,69,TX,84
CUST001988,31,NY,164
CUST001989,31,GA,177
CUST001990,75,SC,103
CUST001991,50,TX,17
CUST001992,45,IL,68
CUST001993,35,VA,138
CUST001994,57,CA,105
CUST001995,64,CA,169
CUST001996,18,CA,147
CUST001997,52,GA,12
CUST001998,79,GA,156
CUST001999,35,FL,65
CUST002000,35,IL,148
CUST002001,72,AZ,92
CUST002002,21,FL,82
CUST002003,42,AZ,14
CUST002004,46,TX,22
CUST002005,67,GA,108
CUST002006,25,NC,103
CUST002007,44,NY,100
CUST002008,27,NY,29
CUST002009,66,AZ,92
CUST002010,57,CA,11
CUST002011,48,NC,26
CUST002012,42,TX,90
CUST002013,27,CA,112
CUST002014,75,FL,118
CUST002015,58,FL,177
CUST002016,37,IL,154
CUST002017,43,NY,69
CUST002018,63,NY,141
CUST002019,62,FL,18
CUST002020,46,VA,155
CUST002021,36,TX,70
CUST002022,58,AZ,137
CUST002023,58,NY,175
CUST002024,55,CA,127
CUST002025,22,SC,166
CUST002026,47,AZ,2
CUST002027,56,VA,31
CUST002028,76,AZ,113
CUST002029,50,FL,98
CUST002030,39,AZ,22
CUST002031,52,IL,130
CUST002032,28,CA,11
CUST002033,23,AZ,179
CUST002034,60,NY,29
CUST002035,79,IL,81
CUST002036,70,SC,149
CUST002037,54,NC,93
CUST002038,20,TX,134
CUST002039,79,IL,127
CUST002040,45,CA,171
CUST002041,35,TX,84
CUST002042,73,TX,177
CUST002043,64,NY,94
CUST002044,64,IL,161
CUST002045,35,IL,132
CUST002046,79,SC,24
CUST002047,46,TX,116
CUST002048,50,GA,159
CUST002049,64,CA,24
CUST002050,58,TX,151
CUST002051,28,AZ,19
CUST002052,36,FL,157
CUST002053,40,NY,143
CUST002054,76,SC,28
CUST002055,62,AZ,131
CUST002056,40,SC,22
CUST002057,63,GA,103
CUST002058,63,IL,167
CUST002059,42,AZ,38
CUST002060,42,FL,32
CUST002061,73,FL,77
CUST002062,52,NC,67
CUST002063,27,AZ,9
CUST002064,62,NC,83
CUST002065,54,NC,47
CUST002066,49,FL,23
CUST002067,62,NC,50
CUST002068,74,SC,4
CUST002069,38,NY,165
CUST002070,43,CA,179
CUST002071,29,VA,67
CUST002072,58,CA,158
CUST002073,42,NY,84
CUST002074,39,VA,165
CUST002075,61,CA,32
CUST002076,43,TX,52
CUST002077,46,IL,134
CUST002078,45,SC,40
CUST002079,34,VA,149
CUST002080,25,GA,77
CUST002081,69,GA,73
CUST002082,23,IL,82
CUST002083,38,CA,144
CUST002084,59,TX,2
CUST002085,26,TX,136
CUST002086,58,IL,141
CUST002087,63,FL,148
CUST002088,59,VA,180
CUST002089,36,SC,141
CUST002090,19,GA,96
CUST002091,73,NY,84
CUST002092,38,FL,70
CUST002093,67,FL,149
CUST002094,30,FL,71
CUST002095,28,AZ,104
CUST002096,66,AZ,18
CUST002097,76,SC,58
CUST002098,71,SC,48
CUST002099,64,VA,79
CUST002100,33,IL,91
CUST002101,74,FL,129
CUST002102,59,IL,78
CUST002103,28,NY,28
CUST002104,26,TX,99
CUST002105,72,VA,10
CUST002106,35,GA,153
CUST002107,65,SC,139
CUST002108,26,TX,41
CUST002109,35,VA,48
CUST002110,35,VA,5
CUST002111,35,NC,66
CUST002112,59,CA,7
CUST002113,74,AZ,169
CUST002114,74,FL,25
CUST002115,63,TX,119
CUST002116,30,AZ,103
CUST002117,77,TX,43
CUST002118,51,NY,146
CUST002119,51,FL,20
CUST002120,61,TX,160
CUST002121,65,TX,134
CUST002122,77,CA,115
CUST002123,54,NY,159
CUST002124,55,TX,73
CUST002125,64,NC,51
CUST002126,33,AZ,28
CUST002127,37,IL,167
CUST002128,56,SC,73
CUST002129,21,VA,150
CUST002130,37,AZ,60
CUST002131,62,GA,172
CUST002132,78,IL,157
CUST002133,50,CA,56
CUST002134,42,IL,88
CUST002135,45,NC,143
CUST002136,60,FL,41
CUST002137,51,TX,5
CUST002138,19,IL,52
CUST002139,51,VA,107
CUST002140,42,GA,25
CUST002141,61,SC,61
CUST002142,72,CA,166
CUST002143,77,AZ,14
CUST002144,55,SC,10
CUST002145,40,VA,77
CUST002146,45,GA,3
CUST002147,28,IL,6
CUST002148,76,FL,33
CUST002149,70,VA,19
CUST002150,70,GA,146
CUST002151,38,TX,23
CUST002152,37,GA,95
CUST002153,71,SC,127
CUST002154,51,IL,113
CUST002155,61,FL,118
CUST002156,48,VA,65
CUST002157,45,CA,160
CUST002158,57,CA,13
CUST002159,68,SC,20
CUST002160,38,NC,155
CUST002161,68,NC,13
CUST002162,33,CA,35
CUST002163,42,NY,32
CUST002164,74,CA,6
CUST002165,77,NY,22
CUST002166,75,FL,104
CUST002167,37,TX,120
CUST002168,70,CA,15
CUST002169,76,GA,170
CUST002170,78,AZ,18
CUST002171,19,IL,124
CUST002172,64,IL,145
CUST002173,79,AZ,94
CUST002174,65,GA,89
CUST002175,32,SC,20
CUST002176,65,FL,44
CUST002177,24,CA,154
CUST002178,47,CA,63
CUST002179,56,GA,7
CUST002180,46,VA,132
CUST002181,61,FL,124
CUST002182,32,IL,12
CUST002183,55,NC,10
CUST002184,57,GA,21
CUST002185,57,VA,10
CUST002186,35,IL,111
CUST002187,36,FL,24
CUST002188,33,NC,110
CUST002189,46,VA,32
CUST002190,54,NC,176
CUST002191,40,FL,131
CUST002192,43,AZ,68
CUST002193,35,TX,78
CUST002194,31,IL,12
CUST002195,58,CA,10
CUST002196,68,IL,97
CUST002197,36,GA,5
CUST002198,71,AZ,115
CUST002199,53,VA,69
CUST002200,28,FL,26
CUST002201,40,NY,97
CUST002202,18,VA,100
CUST002203,20,VA,135
CUST002204,38,SC,36
CUST002205,46,NC,99
CUST002206,67,TX,153
CUST002207,26,AZ,49
CUST002208,70,VA,151
CUST002209,32,FL,131
CUST002210,26,AZ,78
CUST002211,61,CA,159
CUST002212,66,NC,175
CUST002213,55,TX,43
CUST002214,25,SC,177
CUST002215,25,VA,1
CUST002216,42,VA,24
CUST002217,45,NY,8
CUST002218,79,SC,67
CUST002219,35,VA,169
CUST002220,29,VA,109
CUST002221,76,GA,111
CUST002222,27,NY,16
CUST002223,19,GA,93
CUST002224,44,GA,69
CUST002225,42,TX,87
CUST002226,56,NY,48
CUST002227,72,NC,37
CUST002228,75,IL,172
CUST002229,35,AZ,101
CUST002230,78,NY,75
CUST002231,57,TX,14
CUST002232,22,NY,138
CUST002233,76,FL,86
CUST002234,26,GA,70
CUST002235,54,GA,121
CUST002236,67,SC,24
CUST002237,33,IL,96
CUST002238,34,GA,156
CUST002239,47,VA,84
CUST002240,72,AZ,1
CUST002241,31,TX,42
CUST002242,59,NY,11
CUST002243,46,VA,91
CUST002244,24,VA,66
CUST002245,62,CA,24
CUST002246,69,FL,124
CUST002247,53,SC,32
CUST002248,28,IL,62
CUST002249,27,FL,178
CUST002250,44,NY,12
CUST002251,49,GA,45
CUST002252,52,TX,58
CUST002253,33,CA,92
CUST002254,49,IL,45
CUST002255,36,VA,175
CUST002256,60,NY,1
CUST002257,67,AZ,171
CUST002258,58,NY,97
CUST002259,18,SC,7
CUST002260,79,SC,21
CUST002261,19,VA,19
CUST002262,79,SC,52
CUST002263,19,CA,60
CUST002264,50,AZ,116
CUST002265,24,TX,57
CUST002266,23,TX,131
CUST002267,60,CA,53
CUST002268,63,FL,48
CUST002269,25,FL,50
CUST002270,78,TX,60
CUST002271,37,GA,151
CUST002272,37,NC,45
CUST002273,36,TX,50
CUST002274,46,IL,173
CUST002275,29,NC,118
CUST002276,44,VA,35
CUST002277,31,VA,157
CUST002278,21,IL,33
CUST002279,40,TX,30
CUST002280,59,TX,81
CUST002281,65,NY,125
CUST002282,39,VA,35
CUST002283,38,CA,136
CUST002284,66,NC,29
CUST002285,60,SC,141
CUST002286,69,IL,18
CUST002287,74,NY,84
CUST002288,68,SC,116
CUST002289,76,FL,48
CUST002290,43,NC,111
CUST002291,42,NY,124
CUST002292,37,CA,118
CUST002293,32,VA,72
CUST002294,64,GA,140
CUST002295,62,VA,132
CUST002296,67,GA,59
CUST002297,28,VA,133
CUST002298,48,VA,166
CUST002299,31,FL,148
CUST002300,73,IL,132
CUST002301,34,CA,138
CUST002302,26,VA,145
CUST002303,53,AZ,53
CUST002304,72,VA,130
CUST002305,74,AZ,36
CUST002306,23,GA,65
CUST002307,38,TX,169
CUST002308,27,VA,51
CUST002309,37,CA,152
CUST002310,51,GA,77
CUST002311,35,IL,38
CUST002312,22,NC,18
CUST002313,49,TX,99
CUST002314,21,SC,82
CUST002315,32,IL,93
CUST002316,18,FL,8
CUST002317,23,NY,49
CUST002318,45,IL,1
CUST002319,70,TX,55
CUST002320,66,NC,168
CUST002321,24,VA,28
CUST002322,20,VA,125
CUST002323,38,AZ,2
CUST002324,58,AZ,102
CUST002325,64,FL,166
CUST002326,69,IL,62
CUST002327,39,VA,36
CUST002328,28,NY,103
CUST002329,19,GA,51
CUST002330,27,VA,161
CUST002331,22,VA,153
CUST002332,71,FL,118
CUST002333,34,GA,116
CUST002334,69,VA,109
CUST002335,52,GA,133
CUST002336,51,SC,83
CUST002337,46,AZ,175
CUST002338,68,GA,63
CUST002339,20,SC,2
CUST002340,23,TX,126
CUST002341,44,IL,120
CUST002342,42,GA,177
CUST002343,51,IL,72
CUST002344,63,NY,77
CUST002345,54,CA,102
CUST002346,33,VA,71
CUST002347,38,NC,142
CUST002348,64,GA,78
CUST002349,30,AZ,142
CUST002350,49,CA,77
CUST002351,51,CA,41
CUST002352,64,IL,179
CUST002353,62,GA,95
CUST002354,46,GA,128
CUST002355,37,AZ,107
CUST002356,40,TX,65
CUST002357,43,VA,175
CUST002358,31,VA,67
CUST002359,56,IL,179
CUST002360,30,NC,78
CUST002361,58,NC,5
CUST002362,64,CA,7
CUST002363,77,NC,176
CUST002364,25,SC,96
CUST002365,65,AZ,70
CUST002366,23,FL,147
CUST002367,38,CA,112
CUST002368,28,FL,119
CUST002369,28,NC,124
CUST002370,28,SC,36
CUST002371,20,CA,16
CUST002372,69,NC,132
CUST002373,21,TX,4
CUST002374,42,GA,130
CUST002375,61,GA,24
CUST002376,79,AZ,48
CUST002377,70,NY,128
CUST002378,26,NY,113
CUST002379,79,GA,141
CUST002380,58,GA,110
CUST002381,29,NY,9
CUST002382,45,NC,152
CUST002383,74,VA,39
CUST002384,42,NY,25
CUST002385,29,NY,159
CUST002386,72,NC,36
CUST002387,77,CA,97
CUST002388,78,TX,88
CUST002389,77,VA,139
CUST002390,72,CA,8
CUST002391,46,AZ,20
CUST002392,29,FL,75
CUST002393,56,VA,86
CUST002394,31,VA,142
CUST002395,47,TX,110
CUST002396,58,NC,27
CUST002397,76,FL,177
CUST002398,35,NC,83
CUST002399,33,NC,174
CUST002400,63,FL,179
CUST002401,18,CA,10
CUST002402,53,IL,92
CUST002403,64,NC,76
CUST002404,52,VA,90
CUST002405,41,FL,56
CUST002406,69,TX,101
CUST002407,41,AZ,89
CUST002408,62,NY,34
CUST002409,46,TX,52
CUST002410,19,NC,27
CUST002411,50,NC,152
CUST002412,21,SC,122
CUST002413,75,NY,70
CUST002414,55,GA,72
CUST002415,41,VA,15
CUST002416,48,NY,53
CUST002417,56,IL,167
CUST002418,34,FL,6
CUST002419,35,IL,27
CUST002420,43,CA,153
CUST002421,34,CA,94
CUST002422,64,IL,6
CUST002423,24,SC,89
CUST002424,69,CA,135
CUST002425,39,AZ,63
CUST002426,52,AZ,69
CUST002427,27,TX,114
CUST002428,41,CA,108
CUST002429,64,IL,163
CUST002430,34,IL,45
CUST002431,26,IL,50
CUST002432,50,IL,28
CUST002433,28,GA,120
CUST002434,37,CA,97
CUST002435,45,FL,63
CUST002436,52,IL,126
CUST002437,57,IL,68
CUST002438,59,AZ,36
CUST002439,70,TX,98
CUST002440,22,FL,79
CUST002441,40,SC,73
CUST002442,18,NY,81
CUST002443,18,TX,165
CUST002444,31,TX,39
CUST002445,55,NY,50
CUST002446,73,IL,102
CUST002447,65,SC,9
CUST002448,58,FL,27
CUST002449,66,CA,102
CUST002450,28,IL,92
CUST002451,70,CA,118
CUST002452,73,CA,21
CUST002453,23,IL,154
CUST002454,47,AZ,88
CUST002455,69,NY,28
CUST002456,47,VA,57
CUST002457,70,TX,41
CUST002458,76,CA,82
CUST002459,47,SC,85
CUST002460,21,CA,79
CUST002461,39,TX,83
CUST002462,31,AZ,164
CUST002463,47,VA,173
CUST002464,54,AZ,89
CUST002465,46,FL,174
CUST002466,30,TX,148
CUST002467,36,NY,148
CUST002468,60,TX,41
CUST002469,19,AZ,79
CUST002470,31,SC,64
CUST002471,73,CA,18
CUST002472,24,AZ,14
CUST002473,43,VA,113
CUST002474,30,VA,76
CUST002475,24,FL,149
CUST002476,44,CA,121
CUST002477,50,AZ,16
CUST002478,28,CA,151
CUST002479,22,CA,90
CUST002480,26,FL,102
CUST002481,58,NY,174
CUST002482,71,VA,116
CUST002483,29,FL,5
CUST002484,37,SC,32
CUST002485,39,NC,77
CUST002486,40,IL,7
CUST002487,33,IL,31
CUST002488,21,TX,143
CUST002489,50,NC,26
CUST002490,40,NC,31
CUST002491,39,SC,91
CUST002492,34,CA,17
CUST002493,75,VA,47
CUST002494,55,VA,169
CUST002495,43,IL,114
CUST002496,30,IL,174
CUST002497,67,CA,64
CUST002498,73,GA,111
CUST002499,20,TX,43
CUST002500,75,VA,69
CUST002501,61,IL,32
CUST002502,24,NC,150
CUST002503,64,CA,34
CUST002504,24,TX,37
CUST002505,21,CA,84
CUST002506,25,FL,78
CUST002507,46,SC,57
CUST002508,56,CA,65
CUST002509,43,NY,54
CUST002510,25,FL,165
CUST002511,30,GA,105
CUST002512,70,GA,166
CUST002513,77,FL,178
CUST002514,64,VA,118
CUST002515,24,VA,149
CUST002516,68,VA,20
CUST002517,60,NC,171
CUST002518,50,AZ,87
CUST002519,26,VA,129
CUST002520,79,SC,45
CUST002521,45,SC,18
CUST002522,20,AZ,160
CUST002523,31,FL,81
CUST002524,42,GA,25
CUST002525,21,FL,119
CUST002526,38,NC,10
CUST002527,47,GA,82
CUST002528,76,VA,127
CUST002529,23,IL,130
CUST002530,53,NC,82
CUST002531,74,FL,67
CUST002532,67,CA,151
CUST002533,75,IL,34
CUST002534,28,TX,14
CUST002535,67,VA,29
CUST002536,78,GA,145
CUST002537,38,VA,85
CUST002538,48,NY,7
CUST002539,50,VA,31
CUST002540,48,NY,6
CUST002541,35,NY,147
CUST002542,78,AZ,84
CUST002543,77,GA,13
CUST002544,41,AZ,40
CUST002545,67,FL,111
CUST002546,42,NY,107
CUST002547,67,NY,148
CUST002548,54,IL,5
CUST002549,47,FL,13
CUST002550,25,CA,7
CUST002551,58,GA,71
CUST002552,37,FL,131
CUST002553,31,FL,120
CUST002554,29,CA,38
CUST002555,78,NY,119
CUST002556,24,NC,119
CUST002557,67,IL,35
CUST002558,71,CA,135
CUST002559,19,SC,77
CUST002560,54,AZ,11
CUST002561,53,NY,71
CUST002562,40,NC,139
CUST002563,59,FL,126
CUST002564,43,IL,49
CUST002565,45,VA,137
CUST002566,44,AZ,71
CUST002567,67,FL,83
CUST002568,57,VA,16
CUST002569,41,GA,180
CUST002570,75,TX,151
CUST002571,67,NY,36
CUST002572,75,AZ,101
CUST002573,63,SC,141
CUST002574,42,AZ,91
CUST002575,65,TX,38
CUST002576,38,SC,175
CUST002577,34,AZ,49
CUST002578,45,GA,61
CUST002579,78,NY,67
CUST002580,53,NY,161
CUST002581,41,NC,91
CUST002582,46,VA,130
CUST002583,36,NY,163
CUST002584,58,GA,168
CUST002585,39,NC,155
CUST002586,52,NC,164
CUST002587,40,IL,171
CUST002588,37,SC,179
CUST002589,78,SC,116
CUST002590,39,TX,24
CUST002591,22,SC,21
CUST002592,41,NY,144
CUST002593,50,TX,57
CUST002594,23,NY,145
CUST002595,36,FL,169
CUST002596,28,CA,116
CUST002597,49,NY,138
CUST002598,62,FL,51
CUST002599,78,NC,79
CUST002600,42,VA,174
CUST002601,71,SC,148
CUST002602,31,NC,37
CUST002603,66,VA,169
CUST002604,52,VA,90
CUST002605,65,NC,152
CUST002606,64,GA,94
CUST002607,51,TX,109
CUST002608,33,SC,30
CUST002609,50,VA,61
CUST002610,69,NC,131
CUST002611,78,NC,152
CUST002612,75,SC,16
CUST002613,29,FL,14
CUST002614,55,NY,125
CUST002615,24,CA,81
CUST002616,59,NY,153
CUST002617,79,NY,13
CUST002618,21,AZ,63
CUST002619,58,VA,7
CUST002620,76,CA,128
CUST002621,70,AZ,155
CUST002622,42,TX,29
CUST002623,24,IL,59
CUST002624,75,SC,153
CUST002625,75,IL,8
CUST002626,53,TX,172
CUST002627,78,VA,160
CUST002628,18,NC,28
CUST002629,56,CA,26
CUST002630,20,FL,125
CUST002631,76,GA,2
CUST002632,60,GA,92
CUST002633,74,AZ,12
CUST002634,52,FL,96
CUST002635,23,NC,64
CUST002636,19,VA,128
CUST002637,38,SC,159
CUST002638,64,NY,88
CUST002639,27,IL,116
CUST002640,70,IL,109
CUST002641,32,NY,178
CUST002642,48,CA,42
CUST002643,30,FL,44
CUST002644,46,NY,69
CUST002645,46,SC,133
CUST002646,18,TX,156
CUST002647,53,TX,51
CUST002648,66,NC,20
CUST002649,76,TX,110
CUST002650,38,CA,108
CUST002651,72,GA,68
CUST002652,72,TX,34
CUST002653,79,VA,153
CUST002654,41,VA,153
CUST002655,70,SC,135
CUST002656,53,GA,105
CUST002657,21,IL,48
CUST002658,34,AZ,73
CUST002659,59,NY,13
CUST002660,27,NY,45
CUST002661,44,NY,82
CUST002662,66,FL,79
CUST002663,27,FL,15
CUST002664,48,NY,173
CUST002665,31,CA,49
CUST002666,51,FL,92
CUST002667,32,TX,84
CUST002668,77,FL,85
CUST002669,22,VA,153
CUST002670,77,VA,135
CUST002671,67,NC,157
CUST002672,71,FL,69
CUST002673,70,CA,48
CUST002674,29,NY,77
CUST002675,75,AZ,102
CUST002676,54,NC,61
CUST002677,77,CA,83
CUST002678,72,CA,28
CUST002679,53,FL,106
CUST002680,41,VA,129
CUST002681,25,GA,95
CUST002682,24,NY,158
CUST002683,42,IL,180
CUST002684,68,NY,164
CUST002685,49,TX,17
CUST002686,47,NY,159
CUST002687,33,NC,61
CUST002688,52,NY,82
CUST002689,57,NC,75
CUST002690,78,AZ,52
CUST002691,63,IL,158
CUST002692,55,TX,115
CUST002693,74,GA,175
CUST002694,44,CA,172
CUST002695,75,NY,76
CUST002696,40,CA,131
CUST002697,25,TX,91
CUST002698,43,VA,90
CUST002699,25,NC,134
CUST002700,25,VA,124
CUST002701,72,TX,165
CUST002702,67,FL,140
CUST002703,31,TX,112
CUST002704,69,VA,166
CUST002705,22,AZ,19
CUST002706,35,GA,138
CUST002707,61,IL,71
CUST002708,36,GA,78
CUST002709,63,FL,141
CUST002710,72,NY,50
CUST002711,22,VA,160
CUST002712,19,VA,90
CUST002713,76,GA,63
CUST002714,50,IL,60
CUST002715,49,SC,76
CUST002716,46,FL,170
CUST002717,44,NY,19
CUST002718,60,CA,92
CUST002719,53,FL,151
CUST002720,28,NC,85
CUST002721,56,NC,102
CUST002722,59,FL,63
CUST002723,25,IL,25
CUST002724,41,NC,116
CUST002725,67,IL,166
CUST002726,56,NY,94
CUST002727,26,NC,78
CUST002728,20,GA,24
CUST002729,54,VA,171
CUST002730,46,AZ,157
CUST002731,77,TX,163
CUST002732,50,GA,65
CUST002733,75,VA,113
CUST002734,31,TX,78
CUST002735,45,NC,43
CUST002736,26,VA,38
CUST002737,53,SC,70
CUST002738,29,NY,100
CUST002739,48,NY,22
CUST002740,39,FL,127
CUST002741,29,SC,83
CUST002742,24,GA,159
CUST002743,49,IL,51
CUST002744,76,VA,10
CUST002745,30,SC,57
CUST002746,43,SC,176
CUST002747,31,IL,58
CUST002748,68,SC,127
CUST002749,43,TX,152
CUST002750,78,AZ,52
CUST002751,33,NY,116
CUST002752,23,FL,37
CUST002753,54,VA,66
CUST002754,58,NC,54
CUST002755,79,SC,122
CUST002756,72,AZ,158
CUST002757,72,SC,46
CUST002758,57,NC,53
CUST002759,40,IL,148
CUST002760,44,FL,84
CUST002761,26,GA,93
CUST002762,44,CA,128
CUST002763,40,TX,25
CUST002764,20,AZ,157
CUST002765,30,FL,66
CUST002766,51,CA,119
CUST002767,40,IL,78
CUST002768,79,FL,136
CUST002769,47,VA,111
CUST002770,77,AZ,32
CUST002771,58,VA,34
CUST002772,20,NC,158
CUST002773,30,TX,94
CUST002774,61,AZ,50
CUST002775,51,NC,26
CUST002776,36,IL,24
CUST002777,50,IL,166
CUST002778,73,AZ,176
CUST002779,42,FL,71
CUST002780,20,VA,37
CUST002781,37,TX,76
CUST002782,76,SC,25
CUST002783,65,IL,99
CUST002784,69,NY,113
CUST002785,74,FL,178
CUST002786,25,TX,58
CUST002787,35,CA,36
CUST002788,21,TX,25
CUST002789,18,IL,68
CUST002790,69,AZ,109
CUST002791,76,AZ,12
CUST002792,27,NY,137
CUST002793,62,CA,83
CUST002794,51,GA,143
CUST002795,22,NC,84
CUST002796,74,FL,28
CUST002797,72,IL,4
CUST002798,53,SC,101
CUST002799,61,TX,98
CUST002800,42,SC,147
CUST002801,67,FL,158
CUST002802,45,SC,29
CUST002803,79,CA,57
CUST002804,21,IL,38
CUST002805,28,CA,20
CUST002806,78,CA,1
CUST002807,35,VA,15
CUST002808,37,TX,95
CUST002809,67,SC,28
CUST002810,29,GA,36
CUST002811,49,TX,22
CUST002812,35,NY,131
CUST002813,30,NC,115
CUST002814,77,IL,174
CUST002815,30,FL,21
CUST002816,23,IL,38
CUST002817,59,TX,83
CUST002818,71,TX,117
CUST002819,25,NY,24
CUST002820,61,IL,39
CUST002821,51,SC,76
CUST002822,69,TX,4
CUST002823,25,NC,72
CUST002824,78,FL,137
CUST002825,56,IL,95
CUST002826,70,IL,79
CUST002827,40,VA,88
CUST002828,76,GA,171
CUST002829,56,TX,94
CUST002830,25,GA,97
CUST002831,75,SC,168
CUST002832,67,GA,29
CUST002833,36,FL,18
CUST002834,51,TX,81
CUST002835,42,AZ,58
CUST002836,51,TX,37
CUST002837,77,GA,22
CUST002838,73,NY,159
CUST002839,31,CA,111
CUST002840,78,FL,125
CUST002841,45,FL,22
CUST002842,61,VA,62
CUST002843,65,IL,112
CUST002844,47,IL,96
CUST002845,46,SC,126
CUST002846,46,GA,121
CUST002847,71,VA,75
CUST002848,41,AZ,141
CUST002849,35,NC,47
CUST002850,40,VA,15
CUST002851,30,GA,165
CUST002852,42,TX,5
CUST002853,25,VA,52
CUST002854,23,TX,21
CUST002855,62,CA,42
CUST002856,22,IL,72
CUST002857,53,NC,24
CUST002858,66,SC,85
CUST002859,62,NC,167
CUST002860,45,AZ,25
CUST002861,30,NY,167
CUST002862,75,TX,75
CUST002863,69,CA,107
CUST002864,55,TX,80
CUST002865,23,VA,57
CUST002866,20,TX,20
CUST002867,37,CA,107
CUST002868,27,NC,165
CUST002869,71,NY,94
CUST002870,30,FL,108
CUST002871,35,NC,116
CUST002872,78,VA,70
CUST002873,68,FL,22
CUST002874,31,GA,92
CUST002875,41,VA,157
CUST002876,49,NY,57
CUST002877,59,FL,157
CUST002878,76,FL,154
CUST002879,72,CA,45
CUST002880,78,NC,104
CUST002881,20,GA,135
CUST002882,32,NC,90
CUST002883,52,AZ,126
CUST002884,21,SC,164
CUST002885,40,IL,113
CUST002886,27,SC,151
CUST002887,75,GA,145
CUST002888,21,NY,147
CUST002889,27,IL,154
CUST002890,30,SC,41
CUST002891,27,VA,4
CUST002892,53,IL,28
CUST002893,40,GA,45
CUST002894,74,VA,125
CUST002895,34,CA,92
CUST002896,51,NC,85
CUST002897,58,IL,2
CUST002898,56,IL,124
CUST002899,67,IL,66
CUST002900,30,VA,137
CUST002901,49,SC,21
CUST002902,67,FL,54
CUST002903,71,GA,10
CUST002904,56,AZ,52
CUST002905,58,NY,167
CUST002906,71,AZ,89
CUST002907,56,CA,80
CUST002908,76,CA,50
CUST002909,25,SC,48
CUST002910,39,NC,121
CUST002911,24,NC,178
CUST002912,23,TX,135
CUST002913,47,VA,133
CUST002914,32,AZ,85
CUST002915,43,SC,18
CUST002916,45,AZ,131
CUST002917,56,NY,146
CUST002918,76,SC,92
CUST002919,70,NC,17
CUST002920,41,GA,129
CUST002921,38,GA,166
CUST002922,65,GA,41
CUST002923,25,TX,29
CUST002924,51,SC,133
CUST002925,44,SC,60
CUST002926,29,NY,129
CUST002927,56,AZ,127
CUST002928,37,VA,48
CUST002929,29,AZ,8
CUST002930,58,GA,101
CUST002931,28,GA,74
CUST002932,59,NC,154
CUST002933,28,FL,65
CUST002934,44,FL,45
CUST002935,68,NY,155
CUST002936,32,SC,133
CUST002937,65,SC,112
CUST002938,62,FL,172
CUST002939,73,NC,141
CUST002940,28,SC,156
CUST002941,62,NY,144
CUST002942,76,AZ,73
CUST002943,65,TX,12
CUST002944,29,SC,110
CUST002945,68,AZ,138
CUST002946,24,TX,179
CUST002947,54,CA,123
CUST002948,48,SC,103
CUST002949,50,TX,104
CUST002950,50,NC,21
CUST002951,19,NY,2
CUST002952,49,VA,9
CUST002953,76,AZ,163
CUST002954,45,NC,143
CUST002955,35,NY,47
CUST002956,79,SC,77
CUST002957,24,NY,88
CUST002958,48,FL,45
CUST002959,49,AZ,77
CUST002960,47,NY,63
CUST002961,75,GA,126
CUST002962,44,NC,137
CUST002963,78,TX,18
CUST002964,22,FL,84
CUST002965,63,NC,179
CUST002966,54,TX,157
CUST002967,32,VA,143
CUST002968,32,VA,133
CUST002969,62,NC,1
CUST002970,57,GA,176
CUST002971,55,VA,133
CUST002972,21,NC,160
CUST002973,55,FL,164
CUST002974,78,VA,46
CUST002975,19,SC,3
CUST002976,47,FL,119
CUST002977,48,NC,83
CUST002978,73,AZ,4
CUST002979,35,FL,49
CUST002980,47,AZ,179
CUST002981,62,IL,66
CUST002982,21,AZ,47
CUST002983,67,TX,118
CUST002984,68,FL,120
CUST002985,62,CA,60
CUST002986,58,NC,153
CUST002987,64,IL,105
CUST002988,66,GA,29
CUST002989,74,NC,59
CUST002990,44,VA,153
CUST002991,46,VA,17
CUST002992,57,NC,3
CUST002993,29,NY,119
CUST002994,71,NC,80
CUST002995,65,IL,46
CUST002996,57,FL,85
CUST002997,36,CA,34
CUST002998,39,GA,68
CUST002999,44,SC,43
CUST003000,59,SC,106
CUST003001,66,NY,122
CUST003002,59,CA,165
CUST003003,75,VA,13
CUST003004,77,GA,59
CUST003005,61,AZ,48
CUST003006,40,IL,105
CUST003007,55,FL,96
CUST003008,44,VA,158
CUST003009,57,GA,166
CUST003010,68,TX,140
CUST003011,40,TX,36
CUST003012,49,SC,8
CUST003013,20,NC,162
CUST003014,63,FL,170
CUST003015,48,CA,46
CUST003016,46,SC,9
CUST003017,51,FL,123
CUST003018,31,SC,106
CUST003019,55,VA,160
CUST003020,64,NY,104
CUST003021,39,VA,137
CUST003022,26,VA,142
CUST003023,41,AZ,2
CUST003024,30,SC,27
CUST003025,41,SC,141
CUST003026,56,AZ,33
CUST003027,25,TX,38
CUST003028,64,NC,136
CUST003029,31,FL,37
CUST003030,73,TX,27
CUST003031,63,VA,3
CUST003032,34,TX,85
CUST003033,52,NY,115
CUST003034,24,VA,132
CUST003035,24,IL,164
CUST003036,77,FL,118
CUST003037,67,AZ,137
CUST003038,27,NC,38
CUST003039,35,GA,62
CUST003040,30,CA,55
CUST003041,42,IL,12
CUST003042,36,VA,175
CUST003043,38,AZ,44
CUST003044,50,SC,81
CUST003045,29,FL,65
CUST003046,72,GA,9
CUST003047,63,FL,163
CUST003048,65,AZ,40
CUST003049,28,CA,19
CUST003050,61,CA,62
CUST003051,69,VA,26
CUST003052,28,AZ,180
CUST003053,64,FL,35
CUST003054,40,NY,55
CUST003055,66,NY,49
CUST003056,47,NY,5
CUST003057,67,NY,3
CUST003058,27,FL,93
CUST003059,42,NY,42
CUST003060,34,AZ,16
CUST003061,33,GA,53
CUST003062,37,TX,50
CUST003063,41,SC,77
CUST003064,25,GA,179
CUST003065,61,CA,56
CUST003066,52,NY,127
CUST003067,69,VA,139
CUST003068,61,TX,10
CUST003069,27,IL,91
CUST003070,22,SC,81
CUST003071,44,NC,92
CUST003072,47,GA,31
CUST003073,32,NY,84
CUST003074,66,GA,23
CUST003075,54,IL,171
CUST003076,64,IL,106
CUST003077,24,TX,7
CUST003078,68,GA,92
CUST003079,30,NC,167
CUST003080,45,IL,134
CUST003081,45,IL,50
CUST003082,68,FL,161
CUST003083,35,TX,34
CUST003084,32,CA,45
CUST003085,39,NY,28
CUST003086,40,SC,167
CUST003087,29,NY,130
CUST003088,28,AZ,94
CUST003089,32,CA,121
CUST003090,46,FL,47
CUST003091,39,TX,13
CUST003092,42,VA,153
CUST003093,62,NY,174
CUST003094,32,VA,7
CUST003095,74,GA,10
CUST003096,64,VA,101
CUST003097,28,GA,8
CUST003098,37,GA,130
CUST003099,29,NC,171
CUST003100,34,CA,51
CUST003101,40,FL,53
CUST003102,26,AZ,156
CUST003103,18,SC,65
CUST003104,45,NY,44
CUST003105,61,SC,16
CUST003106,36,TX,152
CUST003107,71,FL,167
CUST003108,40,FL,15
CUST003109,73,NY,145
CUST003110,32,IL,29
CUST003111,51,GA,25
CUST003112,65,IL,69
CUST003113,21,SC,79
CUST003114,75,VA,154
CUST003115,40,GA,126
CUST003116,48,AZ,27
CUST003117,56,SC,106
CUST003118,57,GA,158
CUST003119,19,FL,120
CUST003120,71,IL,42
CUST003121,56,FL,24
CUST003122,79,AZ,82
CUST003123,47,CA,85
CUST003124,56,CA,64
CUST003125,45,CA,20
CUST003126,73,SC,22
CUST003127,69,FL,96
CUST003128,74,TX,170
CUST003129,49,VA,108
CUST003130,67,SC,79
CUST003131,40,SC,168
CUST003132,46,CA,125
CUST003133,65,NY,130
CUST003134,23,VA,104
CUST003135,62,CA,138
CUST003136,18,NY,91
CUST003137,54,IL,112
CUST003138,47,AZ,111
CUST003139,47,IL,136
CUST003140,48,SC,162
CUST003141,48,CA,53
CUST003142,43,GA,126
CUST003143,45,FL,6
CUST003144,53,NY,96
CUST003145,65,NY,162
CUST003146,52,FL,117
CUST003147,57,AZ,49
CUST003148,69,SC,110
CUST003149,79,NC,65
CUST003150,24,NC,78
CUST003151,62,IL,42
CUST003152,31,FL,113
CUST003153,30,FL,36
CUST003154,67,NY,80
CUST003155,22,FL,170
CUST003156,70,TX,137
CUST003157,65,NC,75
CUST003158,79,SC,175
CUST003159,59,AZ,3
CUST003160,72,FL,173
CUST003161,25,SC,64
CUST003162,73,GA,148
CUST003163,27,GA,171
CUST003164,37,VA,109
CUST003165,25,VA,110
CUST003166,42,CA,135
CUST003167,64,SC,44
CUST003168,34,GA,33
CUST003169,68,FL,62
CUST003170,55,TX,87
CUST003171,56,IL,134
CUST003172,76,AZ,47
CUST003173,44,VA,102
CUST003174,39,TX,1
CUST003175,79,NC,6
CUST003176,52,NY,175
CUST003177,56,SC,154
CUST003178,36,NC,156
CUST003179,31,NY,60
CUST003180,28,SC,93
CUST003181,31,FL,122
CUST003182,30,SC,46
CUST003183,64,CA,135
CUST003184,21,CA,125
CUST003185,57,TX,74
CUST003186,76,IL,79
CUST003187,65,FL,56
CUST003188,42,SC,145
CUST003189,21,SC,178
CUST003190,69,VA,180
CUST003191,18,VA,139
CUST003192,60,GA,63
CUST003193,59,VA,141
CUST003194,29,TX,44
CUST003195,63,SC,162
CUST003196,28,NY,49
CUST003197,31,GA,73
CUST003198,68,NY,17
CUST003199,78,TX,15
CUST003200,34,AZ,71
CUST003201,75,FL,100
CUST003202,74,VA,4
CUST003203,65,TX,153
CUST003204,26,NY,21
CUST003205,36,FL,180
CUST003206,60,TX,49
CUST003207,79,FL,69
CUST003208,68,GA,29
CUST003209,44,GA,149
CUST003210,32,AZ,132
CUST003211,77,NY,15
CUST003212,35,NC,20
CUST003213,39,AZ,110
CUST003214,77,CA,156
CUST003215,52,NC,20
CUST003216,34,CA,40
CUST003217,18,TX,99
CUST003218,44,AZ,20
CUST003219,79,FL,55
CUST003220,44,TX,2
CUST003221,61,GA,90
CUST003222,33,GA,129
CUST003223,66,NY,75
CUST003224,66,IL,47
CUST003225,55,IL,77
CUST003226,65,CA,92
CUST003227,53,NY,30
CUST003228,41,TX,21
CUST003229,63,GA,33
CUST003230,69,CA,178
CUST003231,70,GA,131
CUST003232,31,VA,23
CUST003233,59,IL,55
CUST003234,18,TX,75
CUST003235,53,GA,33
CUST003236,53,IL,154
CUST003237,40,AZ,170
CUST003238,79,GA,45
CUST003239,72,TX,3
CUST003240,20,FL,49
CUST003241,30,CA,105
CUST003242,30,AZ,146
CUST003243,73,TX,62
CUST003244,50,CA,50
CUST003245,63,TX,45
CUST003246,68,IL,1
CUST003247,65,FL,3
CUST003248,23,GA,78
CUST003249,26,FL,112
CUST003250,42,AZ,3
CUST003251,38,NY,37
CUST003252,64,SC,164
CUST003253,27,NC,179
CUST003254,41,TX,116
CUST003255,32,IL,94
CUST003256,29,FL,105
CUST003257,28,TX,67
CUST003258,30,CA,37
CUST003259,52,TX,68
CUST003260,43,AZ,126
CUST003261,44,NY,120
CUST003262,47,CA,122
CUST003263,63,CA,110
CUST003264,71,NY,11
CUST003265,50,NC,113
CUST003266,57,FL,159
CUST003267,63,SC,117
CUST003268,60,TX,105
CUST003269,26,SC,41
CUST003270,78,TX,143
CUST003271,28,GA,82
CUST003272,43,NC,48
CUST003273,58,SC,89
CUST003274,43,TX,22
CUST003275,33,NC,167
CUST003276,75,IL,127
CUST003277,22,CA,59
CUST003278,33,CA,143
CUST003279,79,SC,10
CUST003280,63,CA,70
CUST003281,23,NY,118
CUST003282,64,GA,5
CUST003283,78,NC,128
CUST003284,24,TX,148
CUST003285,43,CA,107
CUST003286,47,NC,38
CUST003287,26,NC,135
CUST003288,30,GA,62
CUST003289,28,TX,133
CUST003290,29,FL,114
CUST003291,43,FL,17
CUST003292,46,VA,18
CUST003293,32,NC,3
CUST003294,35,NC,13
CUST003295,29,NC,54
CUST003296,67,NY,5
CUST003297,31,CA,169
CUST003298,74,FL,165
CUST003299,51,NC,32
CUST003300,67,FL,57
CUST003301,57,AZ,134
CUST003302,34,VA,119
CUST003303,55,FL,105
CUST003304,34,TX,179
CUST003305,25,GA,114
CUST003306,33,FL,121
CUST003307,35,FL,91
CUST003308,26,FL,95
CUST003309,19,CA,53
CUST003310,76,TX,94
CUST003311,49,NC,166
CUST003312,42,NC,68
CUST003313,75,FL,24
CUST003314,31,AZ,108
CUST003315,42,NC,142
CUST003316,70,NC,173
CUST003317,57,NY,98
CUST003318,42,FL,142
CUST003319,33,VA,46
CUST003320,20,VA,77
CUST003321,23,NY,76
CUST003322,28,TX,60
CUST003323,66,NY,129
CUST003324,57,VA,160
CUST003325,44,TX,59
CUST003326,66,IL,25
CUST003327,27,GA,149
CUST003328,31,GA,153
CUST003329,42,SC,169
CUST003330,74,NY,46
CUST003331,56,NC,130
CUST003332,70,VA,129
CUST003333,33,CA,143
CUST003334,70,NC,146
CUST003335,22,AZ,172
CUST003336,32,FL,86
CUST003337,50,GA,14
CUST003338,21,TX,35
CUST003339,71,NY,160
CUST003340,71,FL,153
CUST003341,51,IL,2
CUST003342,36,AZ,67
CUST003343,24,VA,45
CUST003344,56,CA,58
CUST003345,51,GA,115
CUST003346,65,AZ,92
CUST003347,55,VA,87
CUST003348,25,VA,79
CUST003349,25,CA,116
CUST003350,66,CA,123
CUST003351,27,SC,8
CUST003352,76,TX,25
CUST003353,24,GA,62
CUST003354,63,NY,79
CUST003355,78,TX,180
CUST003356,45,AZ,161
CUST003357,21,AZ,117
CUST003358,72,NY,7
CUST003359,29,NY,19
CUST003360,50,IL,83
CUST003361,79,SC,106
CUST003362,64,CA,119
CUST003363,20,CA,26
CUST003364,68,SC,160
CUST003365,27,IL,89
CUST003366,64,NY,107
CUST003367,56,GA,8
CUST003368,35,FL,149
CUST003369,44,FL,98
CUST003370,25,AZ,41
CUST003371,79,AZ,58
CUST003372,32,IL,64
CUST003373,37,NY,5
CUST003374,49,SC,170
CUST003375,59,AZ,145
CUST003376,49,SC,160
CUST003377,49,SC,64
CUST003378,54,NC,101
CUST003379,71,AZ,83
CUST003380,42,FL,86
CUST003381,69,VA,107
CUST003382,66,NC,82
CUST003383,77,FL,140
CUST003384,74,CA,11
CUST003385,67,AZ,35
CUST003386,33,TX,161
CUST003387,66,NY,159
CUST003388,63,IL,148
CUST003389,35,AZ,67
CUST003390,60,VA,83
CUST003391,33,AZ,5
CUST003392,50,TX,51
CUST003393,67,AZ,131
CUST003394,29,SC,62
CUST003395,38,NC,87
CUST003396,67,IL,23
CUST003397,46,NY,90
CUST003398,77,SC,130
CUST003399,18,IL,103
CUST003400,62,SC,101
CUST003401,68,NY,165
CUST003402,74,VA,43
CUST003403,27,NC,54
CUST003404,79,IL,113
CUST003405,42,IL,87
CUST003406,39,SC,177
CUST003407,40,NC,11
CUST003408,57,NY,23
CUST003409,58,NC,62
CUST003410,47,CA,83
CUST003411,22,AZ,161
CUST003412,79,CA,89
CUST003413,31,VA,79
CUST003414,23,SC,31
CUST003415,55,NY,79
CUST003416,43,NC,96
CUST003417,56,TX,106
CUST003418,72,FL,110
CUST003419,24,CA,78
CUST003420,35,VA,29
CUST003421,50,CA,28
CUST003422,66,NY,28
CUST003423,55,VA,112
CUST003424,41,GA,155
CUST003425,55,NC,159
CUST003426,78,FL,57
CUST003427,47,VA,15
CUST003428,72,SC,114
CUST003429,66,TX,7
CUST003430,36,TX,113
CUST003431,33,NC,69
CUST003432,65,SC,152
CUST003433,30,NC,113
CUST003434,38,NY,134
CUST003435,32,GA,74
CUST003436,55,NC,152
CUST003437,36,SC,95
CUST003438,58,AZ,113
CUST003439,75,VA,65
CUST003440,69,NY,81
CUST003441,76,FL,152
CUST003442,19,SC,71
CUST003443,46,GA,4
CUST003444,31,NC,69
CUST003445,74,CA,71
CUST003446,62,GA,76
CUST003447,37,FL,13
CUST003448,52,SC,24
CUST003449,55,IL,59
CUST003450,48,VA,77
CUST003451,47,TX,6
CUST003452,21,IL,71
CUST003453,46,CA,58
CUST003454,39,NY,7
CUST003455,68,IL,46
CUST003456,71,SC,50
CUST003457,64,AZ,26
CUST003458,19,TX,136
CUST003459,70,FL,14
CUST003460,42,VA,105
CUST003461,43,CA,120
CUST003462,76,AZ,146
CUST003463,71,NY,99
CUST003464,21,NC,98
CUST003465,40,FL,137
CUST003466,64,CA,154
CUST003467,51,GA,38
CUST003468,33,CA,144
CUST003469,50,CA,84
CUST003470,71,NC,18
CUST003471,31,TX,111
CUST003472,64,SC,176
CUST003473,63,FL,26
CUST003474,72,GA,3
CUST003475,36,IL,165
CUST003476,31,IL,108
CUST003477,51,FL,40
CUST003478,50,TX,143
CUST003479,43,NY,71
CUST003480,66,NY,60
CUST003481,67,NY,53
CUST003482,33,CA,108
CUST003483,67,AZ,25
CUST003484,32,IL,66
CUST003485,43,SC,55
CUST003486,19,FL,11
CUST003487,39,FL,138
CUST003488,77,TX,2
CUST003489,45,TX,173
CUST003490,62,CA,18
CUST003491,24,FL,65
CUST003492,57,VA,18
CUST003493,41,FL,67
CUST003494,64,IL,110
CUST003495,75,GA,16
CUST003496,50,NC,95
CUST003497,24,AZ,139
CUST003498,47,SC,82
CUST003499,25,NY,21
CUST003500,45,IL,125
CUST003501,21,VA,34
CUST003502,57,GA,4
CUST003503,37,VA,79
CUST003504,30,SC,49
CUST003505,19,SC,6
CUST003506,73,SC,140
CUST003507,69,FL,108
CUST003508,68,TX,164
CUST003509,21,NC,87
CUST003510,39,IL,79
CUST003511,78,NY,152
CUST003512,53,NC,15
CUST003513,25,IL,66
CUST003514,26,NC,144
CUST003515,34,TX,53
CUST003516,78,FL,160
CUST003517,28,TX,52
CUST003518,73,AZ,75
CUST003519,60,AZ,162
CUST003520,75,VA,44
CUST003521,69,TX,175
CUST003522,38,AZ,8
CUST003523,69,CA,48
CUST003524,28,IL,107
CUST003525,36,FL,107
CUST003526,31,VA,164
CUST003527,26,TX,173
CUST003528,23,IL,123
CUST003529,29,AZ,119
CUST003530,25,NY,58
CUST003531,41,CA,146
CUST003532,22,TX,116
CUST003533,21,GA,5
CUST003534,79,FL,150
CUST003535,23,FL,65
CUST003536,22,IL,86
CUST003537,19,TX,88
CUST003538,26,CA,148
CUST003539,50,NC,49
CUST003540,69,CA,71
CUST003541,63,TX,8
CUST003542,53,AZ,63
CUST003543,23,FL,16
CUST003544,66,FL,105
CUST003545,20,SC,161
CUST003546,57,IL,84
CUST003547,43,CA,165
CUST003548,72,IL,176
CUST003549,37,NC,10
CUST003550,57,VA,93
CUST003551,45,IL,96
CUST003552,50,NC,70
CUST003553,76,TX,150
CUST003554,62,FL,72
CUST003555,43,AZ,10
CUST003556,45,IL,99
CUST003557,61,IL,37
CUST003558,39,VA,64
CUST003559,28,TX,91
CUST003560,46,CA,131
CUST003561,22,AZ,51
CUST003562,28,NC,69
CUST003563,44,AZ,13
CUST003564,67,GA,70
CUST003565,66,SC,105
CUST003566,34,NY,112
CUST003567,44,CA,53
CUST003568,27,SC,11
CUST003569,64,NC,104
CUST003570,33,IL,118
CUST003571,67,AZ,16
CUST003572,70,SC,91
CUST003573,60,AZ,18
CUST003574,38,AZ,82
CUST003575,77,AZ,116
CUST003576,60,VA,130
CUST003577,58,TX,129
CUST003578,71,AZ,137
CUST003579,72,AZ,44
CUST003580,22,NY,153
CUST003581,72,SC,63
CUST003582,65,NC,68
CUST003583,30,VA,142
CUST003584,37,NC,59
CUST003585,64,SC,14
CUST003586,31,NC,129
CUST003587,46,CA,120
CUST003588,60,TX,105
CUST003589,58,TX,26
CUST003590,74,IL,114
CUST003591,24,FL,36
CUST003592,36,FL,100
CUST003593,79,VA,92
CUST003594,53,FL,140
CUST003595,33,SC,176
CUST003596,35,TX,35
CUST003597,39,AZ,21
CUST003598,52,TX,101
CUST003599,35,VA,172
CUST003600,56,NY,29
CUST003601,45,IL,88
CUST003602,55,FL,74
CUST003603,27,VA,58
CUST003604,56,CA,120
CUST003605,75,SC,54
CUST003606,26,AZ,89
CUST003607,38,GA,153
CUST003608,60,GA,69
CUST003609,56,CA,4
CUST003610,59,NC,160
CUST003611,52,VA,50
CUST003612,60,SC,140
CUST003613,55,GA,138
CUST003614,22,TX,95
CUST003615,64,SC,16
CUST003616,45,GA,172
CUST003617,21,CA,123
CUST003618,43,AZ,77
CUST003619,44,NC,154
CUST003620,23,NY,142
CUST003621,79,NC,137
CUST003622,31,TX,31
CUST003623,38,IL,114
CUST003624,45,CA,52
CUST003625,69,VA,15
CUST003626,64,VA,61
CUST003627,65,CA,19
CUST003628,32,IL,20
CUST003629,70,VA,131
CUST003630,69,NC,91
CUST003631,46,FL,72
CUST003632,51,NY,35
CUST003633,20,FL,139
CUST003634,65,AZ,115
CUST003635,77,IL,106
CUST003636,47,CA,35
CUST003637,51,NC,23
CUST003638,48,IL,23
CUST003639,23,CA,5
CUST003640,56,GA,175
CUST003641,62,TX,67
CUST003642,75,IL,119
CUST003643,75,AZ,177
CUST003644,48,TX,169
CUST003645,77,NC,58
CUST003646,50,NY,89
CUST003647,57,NY,84
CUST003648,55,NC,7
CUST003649,79,IL,139
CUST003650,63,VA,104
CUST003651,25,IL,67
CUST003652,22,TX,101
CUST003653,43,GA,133
CUST003654,49,NC,3
CUST003655,59,NC,117
CUST003656,47,CA,156
CUST003657,49,GA,131
CUST003658,75,IL,112
CUST003659,38,VA,17
CUST003660,48,AZ,135
CUST003661,52,AZ,136
CUST003662,47,SC,89
CUST003663,78,NY,105
CUST003664,77,AZ,112
CUST003665,49,GA,22
CUST003666,45,NC,47
CUST003667,54,IL,143
CUST003668,29,FL,176
CUST003669,44,NC,49
CUST003670,31,IL,73
CUST003671,26,NY,165
CUST003672,23,NC,30
CUST003673,54,VA,48
CUST003674,18,NC,11
CUST003675,58,AZ,43
CUST003676,44,NC,115
CUST003677,40,CA,63
CUST003678,65,TX,178
CUST003679,51,TX,161
CUST003680,63,IL,162
CUST003681,61,IL,131
CUST003682,19,SC,127
CUST003683,31,NC,92
CUST003684,53,SC,179
CUST003685,78,NY,18
CUST003686,27,TX,131
CUST003687,24,NC,26
CUST003688,76,VA,62
CUST003689,77,TX,47
CUST003690,28,CA,109
CUST003691,42,GA,142
CUST003692,56,AZ,15
CUST003693,30,AZ,109
CUST003694,38,CA,40
CUST003695,42,FL,14
CUST003696,57,IL,76
CUST003697,37,CA,105
CUST003698,43,TX,37
CUST003699,35,FL,71
CUST003700,65,IL,172
CUST003701,27,TX,63
CUST003702,32,SC,180
CUST003703,33,AZ,151
CUST003704,74,NC,67
CUST003705,76,NY,104
CUST003706,49,NY,128
CUST003707,27,TX,84
CUST003708,64,NC,74
CUST003709,48,FL,60
CUST003710,70,IL,26
CUST003711,40,VA,5
CUST003712,79,NY,61
CUST003713,68,IL,144
CUST003714,31,AZ,43
CUST003715,62,TX,33
CUST003716,35,GA,60
CUST003717,39,NY,108
CUST003718,33,FL,39
CUST003719,60,NY,40
CUST003720,34,CA,21
CUST003721,57,CA,60
CUST003722,54,VA,40
CUST003723,64,CA,150
CUST003724,79,TX,164
CUST003725,18,AZ,67
CUST003726,79,NY,16
CUST003727,24,IL,16
CUST003728,50,AZ,59
CUST003729,39,AZ,84
CUST003730,57,CA,96
CUST003731,62,TX,55
CUST003732,71,SC,64
CUST003733,42,GA,52
CUST003734,75,FL,94
CUST003735,37,CA,126
CUST003736,30,TX,8
CUST003737,41,FL,87
CUST003738,50,SC,117
CUST003739,59,CA,122
CUST003740,69,FL,102
CUST003741,31,NC,95
CUST003742,36,VA,123
CUST003743,76,IL,69
CUST003744,45,SC,103
CUST003745,32,FL,58
CUST003746,79,TX,79
CUST003747,45,NC,23
CUST003748,79,SC,64
CUST003749,74,AZ,26
CUST003750,74,TX,41
CUST003751,54,VA,76
CUST003752,67,SC,91
CUST003753,77,FL,170
CUST003754,34,CA,5
CUST003755,20,CA,162
CUST003756,37,SC,60
CUST003757,57,CA,131
CUST003758,51,IL,123
CUST003759,22,VA,175
CUST003760,52,NC,20
CUST003761,28,AZ,175
CUST003762,49,TX,12
CUST003763,53,CA,158
CUST003764,57,GA,118
CUST003765,43,VA,87
CUST003766,43,VA,72
CUST003767,60,VA,17
CUST003768,64,FL,145
CUST003769,68,SC,132
CUST003770,38,IL,169
CUST003771,44,TX,132
CUST003772,38,AZ,173
CUST003773,50,TX,160
CUST003774,25,GA,77
CUST003775,44,TX,127
CUST003776,29,SC,48
CUST003777,51,IL,144
CUST003778,70,CA,110
CUST003779,79,SC,80
CUST003780,45,TX,114
CUST003781,21,TX,50
CUST003782,32,VA,113
CUST003783,24,SC,86
CUST003784,65,CA,58
CUST003785,79,VA,176
CUST003786,52,TX,12
CUST003787,28,VA,137
CUST003788,19,NY,38
CUST003789,78,NC,41
CUST003790,37,GA,28
CUST003791,24,TX,19
CUST003792,28,FL,23
CUST003793,33,NY,150
CUST003794,58,SC,167
CUST003795,73,FL,106
CUST003796,35,CA,3
CUST003797,60,GA,156
CUST003798,22,SC,109
CUST003799,18,IL,94
CUST003800,21,CA,171
CUST003801,75,NY,74
CUST003802,54,CA,65
CUST003803,67,CA,141
CUST003804,19,CA,95
CUST003805,19,TX,130
CUST003806,70,NC,126
CUST003807,24,TX,152
CUST003808,27,VA,58
CUST003809,50,CA,13
CUST003810,55,FL,86
CUST003811,32,AZ,117
CUST003812,45,TX,148
CUST003813,59,TX,49
CUST003814,45,AZ,135
CUST003815,41,FL,150
CUST003816,22,GA,146
CUST003817,46,GA,146
CUST003818,67,IL,178
CUST003819,56,CA,120
CUST003820,73,SC,67
CUST003821,25,FL,79
CUST003822,18,GA,135
CUST003823,51,NY,43
CUST003824,29,NC,109
CUST003825,54,CA,104
CUST003826,74,CA,120
CUST003827,38,VA,76
CUST003828,52,SC,134
CUST003829,60,NY,13
CUST003830,27,VA,135
CUST003831,73,AZ,147
CUST003832,30,CA,160
CUST003833,68,AZ,167
CUST003834,58,TX,63
CUST003835,26,AZ,9
CUST003836,62,NC,118
CUST003837,30,VA,17
CUST003838,55,NC,51
CUST003839,77,NY,127
CUST003840,77,TX,108
CUST003841,72,VA,110
CUST003842,48,GA,136
CUST003843,52,NY,30
CUST003844,36,SC,143
CUST003845,75,TX,106
CUST003846,47,NY,76
CUST003847,65,VA,84
CUST003848,40,VA,92
CUST003849,63,GA,100
CUST003850,31,TX,61
CUST003851,63,VA,41
CUST003852,20,GA,31
CUST003853,24,TX,62
CUST003854,39,SC,47
CUST003855,47,TX,93
CUST003856,62,SC,165
CUST003857,40,SC,20
CUST003858,19,VA,56
CUST003859,38,VA,9
CUST003860,45,NC,176
CUST003861,51,AZ,127
CUST003862,57,GA,44
CUST003863,33,IL,75
CUST003864,55,AZ,131
CUST003865,57,IL,173
CUST003866,66,IL,104
CUST003867,50,SC,49
CUST003868,68,GA,126
CUST003869,31,CA,124
CUST003870,62,TX,116
CUST003871,20,NC,9
CUST003872,24,TX,128
CUST003873,71,IL,4
CUST003874,47,IL,163
CUST003875,56,GA,159
CUST003876,55,VA,102
CUST003877,61,GA,117
CUST003878,33,VA,13
CUST003879,29,GA,158
CUST003880,20,GA,49
CUST003881,71,FL,48
CUST003882,31,NC,128
CUST003883,53,VA,169
CUST003884,46,GA,89
CUST003885,28,SC,92
CUST003886,43,IL,99
CUST003887,23,NY,53
CUST003888,28,AZ,108
CUST003889,26,TX,173
CUST003890,69,SC,69
CUST003891,53,AZ,140
CUST003892,75,FL,140
CUST003893,45,NY,154
CUST003894,30,GA,131
CUST003895,55,FL,166
CUST003896,75,FL,129
CUST003897,51,VA,176
CUST003898,19,TX,129
CUST003899,36,CA,151
CUST003900,75,NC,161
CUST003901,50,SC,178
CUST003902,77,IL,108
CUST003903,49,TX,128
CUST003904,18,AZ,175
CUST003905,72,NY,69
CUST003906,65,NY,22
CUST003907,62,IL,160
CUST003908,78,NY,114
CUST003909,30,GA,78
CUST003910,74,TX,130
CUST003911,32,VA,6
CUST003912,78,GA,86
CUST003913,29,NY,48
CUST003914,52,SC,52
CUST003915,66,NY,175
CUST003916,22,TX,100
CUST003917,22,GA,26
CUST003918,70,NC,66
CUST003919,21,CA,44
CUST003920,56,IL,164
CUST003921,76,CA,53
CUST003922,56,FL,65
CUST003923,47,NY,61
CUST003924,43,FL,32
CUST003925,57,GA,141
CUST003926,53,GA,104
CUST003927,49,VA,79
CUST003928,27,AZ,72
CUST003929,59,NY,121
CUST003930,63,SC,18
CUST003931,61,IL,168
CUST003932,22,SC,102
CUST003933,61,TX,41
CUST003934,63,SC,97
CUST003935,29,GA,154
CUST003936,70,NY,32
CUST003937,50,AZ,95
CUST003938,47,AZ,108
CUST003939,62,IL,146
CUST003940,49,VA,103
CUST003941,51,NC,133
CUST003942,37,AZ,140
CUST003943,75,AZ,161
CUST003944,78,VA,66
CUST003945,26,NC,127
CUST003946,63,NY,45
CUST003947,19,NC,152
CUST003948,40,NC,172
CUST003949,78,AZ,53
CUST003950,28,FL,102
CUST003951,41,SC,149
CUST003952,31,NY,5
CUST003953,63,GA,127
CUST003954,46,TX,148
CUST003955,54,IL,157
CUST003956,76,VA,36
CUST003957,50,NY,137
CUST003958,63,IL,142
CUST003959,24,FL,1
CUST003960,31,AZ,127
CUST003961,76,FL,113
CUST003962,71,FL,175
CUST003963,58,IL,8
CUST003964,41,NY,174
CUST003965,30,IL,103
CUST003966,70,CA,50
CUST003967,66,CA,70
CUST003968,32,VA,138
CUST003969,54,GA,180
CUST003970,56,IL,58
CUST003971,47,NY,178
CUST003972,75,VA,114
CUST003973,25,GA,35
CUST003974,33,CA,108
CUST003975,23,SC,145
CUST003976,60,SC,10
CUST003977,57,CA,15
CUST003978,79,VA,1
CUST003979,51,CA,103
CUST003980,27,TX,11
CUST003981,45,AZ,168
CUST003982,23,TX,24
CUST003983,59,IL,13
CUST003984,59,IL,47
CUST003985,71,VA,138
CUST003986,39,AZ,164
CUST003987,37,CA,46
CUST003988,22,SC,94
CUST003989,43,NC,140
CUST003990,47,VA,144
CUST003991,64,NC,28
CUST003992,64,GA,151
CUST003993,26,AZ,157
CUST003994,35,FL,133
CUST003995,49,NC,95
CUST003996,38,FL,71
CUST003997,19,VA,161
CUST003998,70,IL,156
CUST003999,63,NC,94
CUST004000,50,CA,134
CUST004001,37,FL,72
CUST004002,70,NC,134
CUST004003,20,NY,17
CUST004004,45,FL,163
CUST004005,67,CA,93
CUST004006,77,NY,108
CUST004007,33,CA,35
CUST004008,58,FL,96
CUST004009,29,NC,1
CUST004010,25,SC,161
CUST004011,39,FL,135
CUST004012,72,GA,82
CUST004013,60,CA,151
CUST004014,48,FL,147
CUST004015,35,IL,22
CUST004016,26,SC,10
CUST004017,34,GA,46
CUST004018,27,CA,1
CUST004019,29,SC,104
CUST004020,60,GA,96
CUST004021,26,CA,97
CUST004022,20,TX,14
CUST004023,51,CA,166
CUST004024,35,TX,176
CUST004025,46,IL,107
CUST004026,26,IL,1
CUST004027,31,AZ,72
CUST004028,45,SC,130
CUST004029,60,TX,135
CUST004030,43,SC,44
CUST004031,51,VA,149
CUST004032,50,GA,175
CUST004033,34,NY,92
CUST004034,35,FL,69
CUST004035,44,IL,95
CUST004036,19,VA,5
CUST004037,60,NY,95
CUST004038,56,CA,5
CUST004039,36,AZ,7
CUST004040,41,VA,100
CUST004041,38,CA,92
CUST004042,58,NC,178
CUST004043,65,TX,92
CUST004044,24,FL,177
CUST004045,43,AZ,146
CUST004046,18,CA,61
CUST004047,46,AZ,167
CUST004048,33,IL,87
CUST004049,38,FL,108
CUST004050,46,CA,19
CUST004051,38,NC,39
CUST004052,42,TX,94
CUST004053,65,NC,49
CUST004054,68,CA,108
CUST004055,18,AZ,15
CUST004056,41,NY,46
CUST004057,70,IL,120
CUST004058,50,VA,111
CUST004059,30,AZ,178
CUST004060,54,TX,162
CUST004061,26,NY,146
CUST004062,19,CA,1
CUST004063,57,NY,109
CUST004064,49,GA,42
CUST004065,64,NY,49
CUST004066,39,NY,38
CUST004067,70,IL,83
CUST004068,44,FL,23
CUST004069,63,TX,96
CUST004070,24,TX,30
CUST004071,24,SC,91
CUST004072,66,NC,113
CUST004073,69,NC,33
CUST004074,76,NY,19
CUST004075,38,FL,146
CUST004076,19,IL,133
CUST004077,78,CA,48
CUST004078,55,SC,160
CUST004079,33,SC,40
CUST004080,65,GA,167
CUST004081,74,AZ,21
CUST004082,35,NC,119
CUST004083,65,SC,4
CUST004084,66,NC,36
CUST004085,49,FL,73
CUST004086,57,AZ,16
CUST004087,34,NY,83
CUST004088,75,FL,42
CUST004089,78,SC,18
CUST004090,78,GA,174
CUST004091,63,TX,177
CUST004092,20,VA,174
CUST004093,40,CA,28
CUST004094,45,AZ,69
CUST004095,77,VA,59
CUST004096,51,VA,59
CUST004097,51,SC,75
CUST004098,27,CA,92
CUST004099,67,FL,88
CUST004100,38,VA,53
CUST004101,23,VA,177
CUST004102,79,NC,177
CUST004103,29,FL,60
CUST004104,19,NY,40
CUST004105,22,VA,96
CUST004106,46,NC,67
CUST004107,24,FL,178
CUST004108,70,NY,78
CUST004109,49,GA,8
CUST004110,38,VA,23
CUST004111,18,SC,14
CUST004112,47,CA,69
CUST004113,27,IL,57
CUST004114,78,CA,155
CUST004115,36,TX,161
CUST004116,47,CA,26
CUST004117,19,GA,171
CUST004118,26,NC,106
CUST004119,30,GA,56
CUST004120,21,CA,74
CUST004121,63,NY,80
CUST004122,76,AZ,31
CUST004123,79,AZ,157
CUST004124,34,VA,3
CUST004125,66,NC,13
CUST004126,49,VA,50
CUST004127,20,IL,26
CUST004128,23,IL,12
CUST004129,51,NC,70
CUST004130,44,SC,68
CUST004131,18,TX,23
CUST004132,75,NY,146
CUST004133,63,AZ,159
CUST004134,49,CA,130
CUST004135,79,VA,94
CUST004136,78,NC,171
CUST004137,78,NY,64
CUST004138,34,TX,77
CUST004139,72,AZ,3
CUST004140,49,TX,128
CUST004141,63,TX,17
CUST004142,71,GA,120
CUST004143,28,NC,141
CUST004144,45,IL,40
CUST004145,25,IL,111
CUST004146,35,SC,55
CUST004147,43,CA,72
CUST004148,71,GA,96
CUST004149,71,FL,45
CUST004150,42,IL,144
CUST004151,38,IL,72
CUST004152,50,SC,84
CUST004153,74,GA,147
CUST004154,78,IL,41
CUST004155,32,AZ,82
CUST004156,29,NC,179
CUST004157,61,IL,72
CUST004158,36,FL,21
CUST004159,30,TX,52
CUST004160,19,NC,173
CUST004161,42,NY,137
CUST004162,42,NY,146
CUST004163,52,NY,46
CUST004164,30,CA,152
CUST004165,62,AZ,71
CUST004166,60,IL,144
CUST004167,46,CA,159
CUST004168,29,AZ,38
CUST004169,49,NY,169
CUST004170,59,NY,114
CUST004171,41,TX,132
CUST004172,34,CA,137
CUST004173,49,NC,31
CUST004174,40,TX,135
CUST004175,42,FL,39
CUST004176,39,AZ,49
CUST004177,36,NC,21
CUST004178,62,NY,33
CUST004179,46,SC,177
CUST004180,46,IL,60
CUST004181,58,IL,70
CUST004182,40,VA,87
CUST004183,24,IL,129
CUST004184,70,FL,104
CUST004185,21,AZ,97
CUST004186,53,CA,151
CUST004187,34,NC,90
CUST004188,31,VA,139
CUST004189,20,FL,164
CUST004190,73,VA,122
CUST004191,44,SC,7
CUST004192,39,AZ,48
CUST004193,63,IL,112
CUST004194,20,FL,87
CUST004195,53,VA,52
CUST004196,48,SC,61
CUST004197,52,AZ,15
CUST004198,25,GA,43
CUST004199,77,NC,141
CUST004200,32,GA,2
CUST004201,60,FL,151
CUST004202,64,NY,62
CUST004203,39,GA,146
CUST004204,26,AZ,47
CUST004205,36,NY,150
CUST004206,68,AZ,103
CUST004207,74,GA,154
CUST004208,76,NY,12
CUST004209,32,GA,144
CUST004210,55,NY,49
CUST004211,27,CA,65
CUST004212,62,GA,9
CUST004213,43,AZ,172
CUST004214,62,IL,116
CUST004215,60,IL,177
CUST004216,79,VA,103
CUST004217,48,CA,29
CUST004218,39,SC,61
CUST004219,50,SC,80
CUST004220,28,AZ,27
CUST004221,24,SC,168
CUST004222,50,IL,173
CUST004223,69,FL,102
CUST004224,51,GA,106
CUST004225,66,NC,127
CUST004226,29,NY,123
CUST004227,45,CA,12
CUST004228,56,FL,96
CUST004229,39,IL,140
CUST004230,18,GA,146
CUST004231,22,TX,108
CUST004232,75,VA,162
CUST004233,55,TX,106
CUST004234,34,SC,69
CUST004235,34,FL,80
CUST004236,20,TX,125
CUST004237,76,TX,160
CUST004238,24,FL,42
CUST004239,65,NY,53
CUST004240,32,TX,118
CUST004241,38,VA,138
CUST004242,34,VA,72
CUST004243,69,NY,116
CUST004244,20,AZ,2
CUST004245,39,CA,53
CUST004246,35,NY,172
CUST004247,34,AZ,104
CUST004248,29,IL,157
CUST004249,74,TX,40
CUST004250,41,SC,53
CUST004251,43,NY,176
CUST004252,41,NY,180
CUST004253,78,VA,158
CUST004254,39,IL,58
CUST004255,39,IL,145
CUST004256,38,GA,83
CUST004257,38,FL,152
CUST004258,23,SC,154
CUST004259,55,SC,79
CUST004260,19,VA,55
CUST004261,32,GA,176
CUST004262,30,VA,82
CUST004263,36,SC,78
CUST004264,64,FL,120
CUST004265,55,NY,169
CUST004266,79,GA,24
CUST004267,39,TX,178
CUST004268,75,VA,77
CUST004269,20,CA,5
CUST004270,49,NY,56
CUST004271,67,AZ,84
CUST004272,50,NC,122
CUST004273,75,IL,102
CUST004274,37,GA,25
CUST004275,20,NC,88
CUST004276,65,NY,42
CUST004277,22,SC,49
CUST004278,65,SC,129
CUST004279,63,AZ,145
CUST004280,70,VA,29
CUST004281,47,TX,109
CUST004282,73,VA,76
CUST004283,28,SC,61
CUST004284,44,NC,129
CUST004285,25,NC,45
CUST004286,65,FL,138
CUST004287,62,FL,73
CUST004288,67,NC,18
CUST004289,65,GA,143
CUST004290,37,VA,154
CUST004291,22,TX,102
CUST004292,75,AZ,131
CUST004293,48,NY,27
CUST004294,23,AZ,62
CUST004295,75,SC,63
CUST004296,79,VA,138
CUST004297,45,CA,64
CUST004298,65,GA,132
CUST004299,20,IL,56
CUST004300,23,FL,109
CUST004301,35,VA,38
CUST004302,58,IL,101
CUST004303,26,TX,15
CUST004304,20,IL,133
CUST004305,59,FL,6
CUST004306,65,SC,180
CUST004307,63,NY,152
CUST004308,67,SC,105
CUST004309,67,NY,164
CUST004310,55,FL,146
CUST004311,50,CA,26
CUST004312,71,IL,134
CUST004313,39,FL,68
CUST004314,24,IL,155
CUST004315,64,SC,156
CUST004316,35,SC,172
CUST004317,78,AZ,82
CUST004318,43,TX,35
CUST004319,70,FL,23
CUST004320,20,SC,30
CUST004321,58,VA,179
CUST004322,45,NY,106
CUST004323,46,IL,64
CUST004324,34,AZ,81
CUST004325,78,FL,32
CUST004326,42,FL,103
CUST004327,70,SC,77
CUST004328,44,NC,144
CUST004329,20,FL,4
CUST004330,72,TX,168
CUST004331,29,SC,11
CUST004332,34,FL,76
CUST004333,71,NY,62
CUST004334,73,IL,130
CUST004335,74,AZ,119
CUST004336,44,GA,36
CUST004337,64,GA,89
CUST004338,38,IL,97
CUST004339,63,NY,84
CUST004340,49,VA,4
CUST004341,21,NY,33
CUST004342,43,SC,91
CUST004343,46,FL,47
CUST004344,33,GA,99
CUST004345,41,AZ,30
CUST004346,49,NC,133
CUST004347,21,IL,34
CUST004348,27,VA,117
CUST004349,65,NC,151
CUST004350,39,NY,65
CUST004351,55,NY,26
CUST004352,53,SC,2
CUST004353,52,NC,65
CUST004354,43,SC,21
CUST004355,47,FL,159
CUST004356,69,SC,176
CUST004357,77,CA,177
CUST004358,33,NC,167
CUST004359,59,CA,106
CUST004360,78,IL,59
CUST004361,18,CA,81
CUST004362,66,AZ,47
CUST004363,48,AZ,152
CUST004364,77,NC,79
CUST004365,53,GA,70
CUST004366,69,CA,125
CUST004367,28,GA,68
CUST004368,26,CA,65
CUST004369,75,CA,41
CUST004370,50,AZ,13
CUST004371,52,GA,7
CUST004372,28,GA,73
CUST004373,32,NC,180
CUST004374,68,VA,47
CUST004375,36,VA,116
CUST004376,54,FL,59
CUST004377,37,FL,55
CUST004378,34,IL,30
CUST004379,28,CA,102
CUST004380,75,CA,119
CUST004381,76,NC,64
CUST004382,25,FL,95
CUST004383,39,CA,86
CUST004384,52,VA,49
CUST004385,41,FL,125
CUST004386,62,CA,100
CUST004387,34,CA,12
CUST004388,21,IL,89
CUST004389,38,FL,71
CUST004390,55,GA,144
CUST004391,29,GA,56
CUST004392,68,NY,173
CUST004393,18,FL,111
CUST004394,22,FL,24
CUST004395,49,SC,73
CUST004396,49,FL,160
CUST004397,36,VA,46
CUST004398,34,TX,127
CUST004399,22,IL,142
CUST004400,59,CA,125
CUST004401,41,FL,17
CUST004402,25,AZ,68
CUST004403,42,AZ,63
CUST004404,76,FL,62
CUST004405,34,CA,159
CUST004406,73,GA,2
CUST004407,34,IL,98
CUST004408,29,GA,177
CUST004409,34,VA,158
CUST004410,38,SC,110
CUST004411,25,IL,180
CUST004412,54,VA,73
CUST004413,38,IL,111
CUST004414,62,NC,98
CUST004415,48,TX,9
CUST004416,45,FL,8
CUST004417,47,FL,162
CUST004418,27,SC,32
CUST004419,62,NC,64
CUST004420,24,GA,113
CUST004421,62,FL,104
CUST004422,79,CA,93
CUST004423,65,FL,177
CUST004424,46,VA,142
CUST004425,37,VA,170
CUST004426,72,NY,119
CUST004427,33,FL,177
CUST004428,47,AZ,109
CUST004429,65,FL,98
CUST004430,75,TX,147
CUST004431,75,NC,157
CUST004432,23,SC,13
CUST004433,73,IL,164
CUST004434,25,GA,125
CUST004435,54,FL,162
CUST004436,75,TX,129
CUST004437,58,NC,167
CUST004438,76,TX,50
CUST004439,39,GA,34
CUST004440,37,SC,36
CUST004441,38,FL,46
CUST004442,40,FL,39
CUST004443,60,SC,80
CUST004444,46,TX,36
CUST004445,63,CA,29
CUST004446,43,VA,95
CUST004447,37,AZ,143
CUST004448,29,NY,25
CUST004449,52,CA,93
CUST004450,73,NC,119
CUST004451,71,CA,128
CUST004452,33,GA,19
CUST004453,47,CA,133
CUST004454,61,IL,5
CUST004455,55,VA,43
CUST004456,22,VA,58
CUST004457,54,NC,154
CUST004458,20,NY,35
CUST004459,25,CA,141
CUST004460,58,FL,178
CUST004461,24,SC,173
CUST004462,39,GA,55
CUST004463,54,FL,18
CUST004464,58,AZ,40
CUST004465,45,SC,139
CUST004466,23,GA,36
CUST004467,67,NY,117
CUST004468,76,VA,68
CUST004469,73,IL,139
CUST004470,64,AZ,110
CUST004471,42,GA,106
CUST004472,72,CA,141
CUST004473,48,CA,172
CUST004474,26,NY,66
CUST004475,70,SC,96
CUST004476,37,NC,113
CUST004477,76,GA,149
CUST004478,40,SC,87
CUST004479,71,VA,68
CUST004480,51,NY,153
CUST004481,46,TX,172
CUST004482,36,VA,103
CUST004483,69,NC,19
CUST004484,21,VA,53
CUST004485,47,FL,84
CUST004486,40,CA,127
CUST004487,51,GA,121
CUST004488,33,VA,148
CUST004489,59,TX,6
CUST004490,41,NC,84
CUST004491,29,VA,127
CUST004492,30,NC,178
CUST004493,61,TX,26
CUST004494,34,FL,159
CUST004495,37,TX,2
CUST004496,56,NY,36
CUST004497,38,GA,153
CUST004498,42,IL,142
CUST004499,33,AZ,176
CUST004500,39,SC,109
CUST004501,60,AZ,111
CUST004502,51,SC,97
CUST004503,79,VA,93
CUST004504,65,TX,93
CUST004505,19,NC,53
CUST004506,41,GA,154
CUST004507,35,SC,65
CUST004508,54,FL,110
CUST004509,34,IL,121
CUST004510,77,AZ,97
CUST004511,36,VA,111
CUST004512,50,TX,9
CUST004513,25,FL,57
CUST004514,74,FL,81
CUST004515,74,NY,71
CUST004516,67,AZ,164
CUST004517,39,FL,162
CUST004518,21,NC,129
CUST004519,62,AZ,64
CUST004520,44,AZ,10
CUST004521,79,GA,136
CUST004522,61,TX,160
CUST004523,51,IL,89
CUST004524,79,TX,149
CUST004525,67,FL,168
CUST004526,46,AZ,99
CUST004527,19,IL,38
CUST004528,23,TX,5
CUST004529,45,SC,137
CUST004530,52,FL,102
CUST004531,19,NY,28
CUST004532,25,VA,10
CUST004533,61,TX,175
CUST004534,64,NY,58
CUST004535,19,NC,59
CUST004536,49,TX,114
CUST004537,23,CA,66
CUST004538,62,VA,165
CUST004539,69,TX,123
CUST004540,71,CA,65
CUST004541,55,NC,48
CUST004542,56,NY,155
CUST004543,75,VA,107
CUST004544,55,GA,166
CUST004545,45,NY,63
CUST004546,64,NC,4
CUST004547,54,NC,162
CUST004548,70,FL,44
CUST004549,50,AZ,153
CUST004550,71,NC,128
CUST004551,20,CA,42
CUST004552,20,NC,137
CUST004553,24,FL,15
CUST004554,52,FL,71
CUST004555,61,FL,65
CUST004556,31,NC,119
CUST004557,27,CA,97
CUST004558,71,VA,111
CUST004559,64,CA,86
CUST004560,58,NY,134
CUST004561,48,TX,29
CUST004562,44,GA,130
CUST004563,19,NY,10
CUST004564,29,AZ,16
CUST004565,73,AZ,131
CUST004566,39,AZ,29
CUST004567,61,VA,139
CUST004568,61,TX,24
CUST004569,37,GA,27
CUST004570,30,AZ,168
CUST004571,60,AZ,32
CUST004572,23,IL,165
CUST004573,48,SC,63
CUST004574,73,GA,144
CUST004575,62,CA,170
CUST004576,65,CA,22
CUST004577,23,GA,60
CUST004578,30,SC,104
CUST004579,35,SC,156
CUST004580,36,NY,34
CUST004581,30,FL,34
CUST004582,78,FL,67
CUST004583,28,IL,37
CUST004584,61,NC,49
CUST004585,54,CA,24
CUST004586,55,VA,150
CUST004587,31,AZ,144
CUST004588,37,AZ,27
CUST004589,55,TX,97
CUST004590,36,GA,117
CUST004591,61,VA,113
CUST004592,20,SC,178
CUST004593,22,AZ,116
CUST004594,63,SC,124
CUST004595,56,FL,6
CUST004596,20,FL,15
CUST004597,73,NY,112
CUST004598,18,IL,164
CUST004599,77,TX,72
CUST004600,63,CA,116
CUST004601,79,TX,38
CUST004602,76,FL,83
CUST004603,37,SC,136
CUST004604,64,VA,119
CUST004605,31,FL,21
CUST004606,47,NC,159
CUST004607,32,GA,167
CUST004608,48,FL,86
CUST004609,72,FL,62
CUST004610,45,IL,96
CUST004611,23,AZ,145
CUST004612,38,CA,82
CUST004613,66,NC,6
CUST004614,50,FL,14
CUST004615,52,CA,147
CUST004616,44,TX,142
CUST004617,36,FL,139
CUST004618,55,FL,23
CUST004619,57,FL,31
CUST004620,73,TX,72
CUST004621,56,SC,42
CUST004622,79,TX,70
CUST004623,69,VA,101
CUST004624,22,NY,51
CUST004625,42,IL,23
CUST004626,41,TX,73
CUST004627,18,GA,131
CUST004628,29,AZ,112
CUST004629,65,NY,58
CUST004630,39,FL,57
CUST004631,27,NC,106
CUST004632,35,NC,32
CUST004633,35,VA,151
CUST004634,28,VA,157
CUST004635,24,CA,5
CUST004636,65,TX,175
CUST004637,69,AZ,5
CUST004638,48,TX,83
CUST004639,56,AZ,121
CUST004640,74,TX,59
CUST004641,70,GA,37
CUST004642,20,CA,9
CUST004643,77,FL,131
CUST004644,22,VA,7
CUST004645,19,FL,88
CUST004646,43,NY,71
CUST004647,64,GA,175
CUST004648,22,CA,168
CUST004649,36,AZ,148
CUST004650,34,FL,132
CUST004651,42,VA,98
CUST004652,79,FL,63
CUST004653,38,IL,30
CUST004654,30,SC,175
CUST004655,25,AZ,70
CUST004656,30,FL,78
CUST004657,26,IL,26
CUST004658,53,CA,50
CUST004659,44,CA,115
CUST004660,48,AZ,77
CUST004661,69,SC,106
CUST004662,53,TX,39
CUST004663,27,NC,15
CUST004664,41,VA,160
CUST004665,37,NC,78
CUST004666,69,NY,66
CUST004667,37,NY,52
CUST004668,26,CA,119
CUST004669,63,SC,102
CUST004670,44,GA,71
CUST004671,23,NY,168
CUST004672,60,IL,163
CUST004673,31,IL,36
CUST004674,71,NC,116
CUST004675,69,FL,175
CUST004676,40,NC,88
CUST004677,52,IL,6
CUST004678,53,SC,24
CUST004679,58,IL,121
CUST004680,22,SC,163
CUST004681,38,NC,24
CUST004682,28,IL,99
CUST004683,61,FL,90
CUST004684,22,FL,52
CUST004685,50,NY,114
CUST004686,63,VA,159
CUST004687,76,NY,44
CUST004688,35,FL,10
CUST004689,18,VA,65
CUST004690,62,GA,57
CUST004691,18,NC,131
CUST004692,22,GA,97
CUST004693,79,TX,4
CUST004694,71,SC,62
CUST004695,61,SC,133
CUST004696,69,NY,86
CUST004697,22,FL,102
CUST004698,23,SC,48
CUST004699,36,CA,58
CUST004700,19,CA,24
CUST004701,73,NC,15
CUST004702,21,VA,7
CUST004703,51,GA,113
CUST004704,70,CA,29
CUST004705,63,NC,104
CUST004706,32,IL,172
CUST004707,47,GA,126
CUST004708,51,SC,104
CUST004709,65,IL,22
CUST004710,44,NC,89
CUST004711,35,SC,161
CUST004712,67,AZ,70
CUST004713,72,TX,149
CUST004714,48,FL,128
CUST004715,19,NY,49
CUST004716,49,NY,26
CUST004717,73,NY,4
CUST004718,79,NC,50
CUST004719,42,TX,60
CUST004720,27,VA,119
CUST004721,53,IL,104
CUST004722,69,TX,87
CUST004723,76,SC,131
CUST004724,21,IL,139
CUST004725,36,VA,129
CUST004726,47,VA,162
CUST004727,24,AZ,65
CUST004728,72,CA,149
CUST004729,24,IL,76
CUST004730,59,NY,34
CUST004731,74,AZ,27
CUST004732,60,SC,17
CUST004733,65,TX,173
CUST004734,34,VA,31
CUST004735,69,GA,151
CUST004736,43,VA,142
CUST004737,21,VA,80
CUST004738,40,FL,165
CUST004739,39,AZ,164
CUST004740,50,NY,167
CUST004741,34,GA,90
CUST004742,46,FL,54
CUST004743,44,TX,8
CUST004744,38,VA,152
CUST004745,61,TX,158
CUST004746,36,NY,97
CUST004747,65,VA,13
CUST004748,33,TX,149
CUST004749,71,CA,54
CUST004750,40,TX,99
CUST004751,20,VA,119
CUST004752,27,TX,27
CUST004753,67,CA,12
CUST004754,72,VA,15
CUST004755,31,TX,173
CUST004756,55,NY,173
CUST004757,53,GA,77
CUST004758,26,GA,77
CUST004759,46,IL,74
CUST004760,61,GA,64
CUST004761,77,TX,98
CUST004762,70,SC,65
CUST004763,24,AZ,111
CUST004764,32,TX,69
CUST004765,45,CA,114
CUST004766,27,NY,171
CUST004767,53,GA,38
CUST004768,18,GA,12
CUST004769,25,CA,95
CUST004770,20,IL,22
CUST004771,36,SC,42
CUST004772,65,IL,143
CUST004773,28,IL,76
CUST004774,79,SC,99
CUST004775,34,SC,140
CUST004776,20,NY,24
CUST004777,38,IL,87
CUST004778,64,GA,7
CUST004779,24,NY,90
CUST004780,22,AZ,41
CUST004781,70,GA,165
CUST004782,54,VA,47
CUST004783,39,AZ,37
CUST004784,64,VA,3
CUST004785,70,FL,24
CUST004786,40,FL,39
CUST004787,52,TX,42
CUST004788,18,VA,133
CUST004789,36,NY,160
CUST004790,54,NY,154
CUST004791,30,VA,173
CUST004792,79,FL,162
CUST004793,78,NC,82
CUST004794,33,VA,71
CUST004795,42,AZ,117
CUST004796,29,TX,58
CUST004797,49,NY,109
CUST004798,25,IL,180
CUST004799,42,CA,36
CUST004800,52,CA,139
CUST004801,55,CA,169
CUST004802,54,FL,97
CUST004803,31,NY,65
CUST004804,67,VA,46
CUST004805,60,IL,31
CUST004806,64,SC,58
CUST004807,47,IL,135
CUST004808,73,IL,93
CUST004809,42,SC,40
CUST004810,67,CA,98
CUST004811,30,AZ,146
CUST004812,33,TX,3
CUST004813,50,GA,4
CUST004814,52,IL,173
CUST004815,64,TX,135
CUST004816,36,SC,104
CUST004817,72,VA,164
CUST004818,38,NY,107
CUST004819,51,FL,94
CUST004820,75,VA,39
CUST004821,51,CA,146
CUST004822,60,SC,138
CUST004823,74,VA,54
CUST004824,78,FL,133
CUST004825,48,NC,131
CUST004826,43,GA,18
CUST004827,30,AZ,29
CUST004828,51,AZ,108
CUST004829,74,IL,113
CUST004830,48,GA,119
CUST004831,39,NC,68
CUST004832,24,IL,151
CUST004833,42,GA,81
CUST004834,32,CA,38
CUST004835,78,SC,21
CUST004836,50,NY,158
CUST004837,26,TX,128
CUST004838,22,AZ,84
CUST004839,70,SC,38
CUST004840,75,FL,18
CUST004841,65,AZ,28
CUST004842,25,GA,20
CUST004843,24,NY,96
CUST004844,30,SC,36
CUST004845,64,CA,24
CUST004846,65,VA,51
CUST004847,69,TX,126
CUST004848,24,IL,90
CUST004849,27,NY,28
CUST004850,73,FL,135
CUST004851,75,SC,89
CUST004852,62,GA,34
CUST004853,24,IL,125
CUST004854,22,VA,179
CUST004855,21,NY,98
CUST004856,60,FL,30
CUST004857,70,GA,56
CUST004858,57,CA,108
CUST004859,34,GA,180
CUST004860,64,VA,168
CUST004861,21,TX,168
CUST004862,69,CA,150
CUST004863,73,IL,104
CUST004864,62,NY,117
CUST004865,72,NY,133
CUST004866,54,CA,129
CUST004867,47,VA,115
CUST004868,37,VA,25
CUST004869,75,FL,159
CUST004870,61,NY,2
CUST004871,29,NY,77
CUST004872,77,SC,79
CUST004873,21,CA,180
CUST004874,54,GA,17
CUST004875,29,IL,86
CUST004876,59,CA,65
CUST004877,43,AZ,18
CUST004878,45,NY,41
CUST004879,59,TX,76
CUST004880,64,SC,165
CUST004881,41,GA,70
CUST004882,79,IL,159
CUST004883,48,GA,133
CUST004884,27,NC,148
CUST004885,18,VA,154
CUST004886,30,TX,129
CUST004887,60,NY,133
CUST004888,51,AZ,28
CUST004889,38,AZ,130
CUST004890,47,TX,9
CUST004891,69,TX,133
CUST004892,53,IL,118
CUST004893,21,NC,137
CUST004894,21,TX,116
CUST004895,47,FL,67
CUST004896,43,CA,67
CUST004897,70,IL,108
CUST004898,54,NY,86
CUST004899,64,NY,62
CUST004900,54,NY,89
CUST004901,39,TX,97
CUST004902,58,VA,44
CUST004903,56,VA,115
CUST004904,62,CA,57
CUST004905,29,NY,49
CUST004906,57,VA,76
CUST004907,35,IL,19
CUST004908,66,AZ,109
CUST004909,67,NY,133
CUST004910,56,VA,173
CUST004911,76,AZ,52
CUST004912,51,VA,97
CUST004913,19,FL,91
CUST004914,55,IL,132
CUST004915,66,TX,113
CUST004916,24,VA,146
CUST004917,24,NC,154
CUST004918,34,GA,21
CUST004919,70,NY,64
CUST004920,50,CA,118
CUST004921,78,VA,98
CUST004922,72,SC,87
CUST004923,52,CA,32
CUST004924,60,SC,104
CUST004925,38,NC,134
CUST004926,23,FL,7
CUST004927,42,TX,107
CUST004928,54,VA,164
CUST004929,29,VA,104
CUST004930,31,VA,172
CUST004931,18,GA,64
CUST004932,63,NC,1
CUST004933,73,NC,123
CUST004934,69,GA,39
CUST004935,41,NC,2
CUST004936,54,GA,33
CUST004937,77,TX,169
CUST004938,54,NC,141
CUST004939,36,NY,50
CUST004940,38,NY,108
CUST004941,63,TX,62
CUST004942,45,NY,32
CUST004943,69,IL,178
CUST004944,71,NC,147
CUST004945,20,SC,66
CUST004946,62,GA,64
CUST004947,40,NY,147
CUST004948,50,IL,83
CUST004949,34,AZ,68
CUST004950,40,TX,70
CUST004951,38,FL,81
CUST004952,21,FL,94
CUST004953,66,NC,8
CUST004954,26,FL,87
CUST004955,41,TX,80
CUST004956,29,VA,50
CUST004957,27,CA,64
CUST004958,41,IL,77
CUST004959,74,GA,66
CUST004960,76,AZ,164
CUST004961,41,SC,96
CUST004962,49,AZ,91
CUST004963,79,CA,48
CUST004964,32,VA,165
CUST004965,76,NY,5
CUST004966,24,GA,100
CUST004967,32,CA,31
CUST004968,38,SC,139
CUST004969,20,VA,69
CUST004970,68,GA,53
CUST004971,71,SC,11
CUST004972,41,GA,143
CUST004973,69,NY,72
CUST004974,65,NY,48
CUST004975,67,TX,152
CUST004976,67,SC,4
CUST004977,53,VA,85
CUST004978,24,AZ,29
CUST004979,75,VA,23
CUST004980,55,SC,4
CUST004981,73,FL,34
CUST004982,77,NC,171
CUST004983,29,GA,81
CUST004984,42,IL,180
CUST004985,29,VA,49
CUST004986,21,CA,138
CUST004987,77,FL,17
CUST004988,75,GA,20
CUST004989,75,NY,3
CUST004990,72,TX,162
CUST004991,58,GA,121
CUST004992,50,VA,134
CUST004993,79,AZ,167
CUST004994,52,SC,60
CUST004995,57,AZ,131
CUST004996,31,FL,91
CUST004997,64,AZ,98
CUST004998,68,GA,120
CUST004999,60,TX,85
CUST005000,48,NY,5
